Núm.,Tipo,Estado,Descripción,Usuario Reporta,Solicitado a,Auditor Global,Proceso,Fecha de Creación,Fecha Cierre,Norma y Numeral,Acción Eficaz,Acción Correctiva,%Avance Eficaz,%Avance Plan de Acciones
1772,No Conformidad,Abierta,"3. El prestador de servicios de salud determina la cantidad necesaria de talento humano requerido para cada uno de los servicios ofertados y prestados, de acuerdo con la capacidad instalada, la relación entre oferta y demanda, la oportunidad en la prestación, tiempo de la atención y el riesgo en la atención. Este criterio no aplica para el profesional independiente de salud: Cuentan con un documento ""MANUAL DE SUFICIENCIA DE PERSONAL ESE SURORIENTE"" Codigo MA-AP-TH-02 vERSION 2 DE oCTUBRE DE 20...",Administrador,calidad,,Gestión de Talento Humano,21/Mar/2025,,Resolución 3100 de 2019:,PE,NO,,-
,,,,,,,,,,1. Talento Humano,,,,
1773,No Conformidad,Abierta,"28.1.4. Las áreas están separadas entre sí por barrera física fija o móvil, con excepción de los consultorios del servicio de urgencias, optometría y oftalmología, donde no se requiere: En la E.S.E. Empresa Social del Estado del Suroriente. unidad de atención en salud, San Juan de Villalobos, los consultorios no cuentan con barrera física fija o movil. (No biomos ya que generan riesgos de caídas por las extensiones de las patas de soporte).",Administrador,calidad,,Gestión de Recursos,21/Mar/2025,,Resolución 3100 de 2019:,PE,NO,,-
,,,,,,,,,,2. Infraestructura,,,,
1774,No Conformidad,Abierta,"38. La unidad sanitaria adaptada para personas con movilidad reducida cuenta con: 38.1. Sanitario. 38.2. Lavamanos. 38.3. Dimensiones que permita el desplazamiento del paciente y maniobra en su interior, las puertas tienen un ancho que permite el fácil acceso de pacientes en sillas de ruedas: La E.S.E. Empresa Social del Estado del Suroriente. unidad de atención en salud, San Juan de Villalobos, no cuenta con unidad sanitaria para personas con movilidad reducida. La E.S.E. Empresa Social del Es...",Administrador,calidad,,Gestión de Recursos,21/Mar/2025,,Resolución 3100 de 2019:,PE,NO,,-
,,,,,,,,,,2. Infraestructura,,,,
1775,No Conformidad,Abierta,"38.4. Puertas corredizas o con apertura hacia el exterior. 38.5. Accesorios que facilite la accesibilidad, movilidad y seguridad del usuario. 38.6. Alarma o sistema de llamado: La E.S.E. Empresa Social del Estado del Suroriente. unidad de atención en salud, San Juan de Villalobos, no cuenta con unidad sanitaria para personas con movilidad reducida. La E.S.E. Empresa Social del Estado del Suroriente. unidad de atención en salud, San Juan de Villalobos, no cuenta con unidad sanitaria para persona...",Administrador,calidad,,Gestión de Recursos,21/Mar/2025,,Resolución 3100 de 2019:,PE,NO,,-
,,,,,,,,,,2. Infraestructura,,,,
1776,No Conformidad,Abierta,"GENERALIDADES DE LAS CONDICIONES DE ORDEN, ASEO, LIMPIEZA Y DESINFECCIÓN: 41. Las condiciones de orden, aseo, limpieza y desinfección son evidentes y responden a un proceso dinámico de acuerdo con los servicios prestados: El prestador presenta el Manual de limpieza y desinfección Código PTA-MI-SG 03 Versón1 fecha 2021. En el cual se evidencia la definidos los elementos de uso para ejecutar la actividad. Se evidencia en el recorrido que se encuentran las áreas limpias y en orden. Se recomienda d...",Administrador,calidad,,Gestión de Recursos,21/Mar/2025,,Resolución 3100 de 2019:,PE,NO,,-
,,,,,,,,,,2. Infraestructura,,,,
1777,No Conformidad,Abierta,"44. En los servicios de cirugía, atención del parto, ambiente TPR, salas de procedimientos, consultorios donde se realicen procedimientos, servicios de internación en cuidado básico, intermedio e intensivo, urgencias, diálisis, hemodinamia e intervencionismo, laboratorios, gestión pre transfusional, quimioterapia, consulta odontológica y los ambientes o áreas donde se requieran procesos de limpieza y asepsia más profundos, adicional al criterio anterior, la unión entre paredes o muros y el piso,...",Administrador,calidad,,Gestión de Recursos,21/Mar/2025,,Resolución 3100 de 2019:,PE,NO,,-
,,,,,,,,,,2. Infraestructura,,,,
1778,No Conformidad,Abierta,"45. En los servicios de cirugía, atención del parto, ambiente TPR y el ambiente de esterilización, la unión entre cielo raso o techo y la pared o muro y la unión entre paredes o muros, debe contar con media caña, evitando la formación de aristas o de esquinas: La E.S.E. Empresa Social del Estado del Suroriente. unidad de atención en salud, San Juan de Villalobos, En los servicios de odontología, salas de procedimientos, consulta odontológica y los ambientes o áreas donde se requieran procesos d...",Administrador,calidad,,Gestión de Recursos,21/Mar/2025,,Resolución 3100 de 2019:,PE,NO,,-
,,,,,,,,,,2. Infraestructura,,,,
1779,No Conformidad,Abierta,"2. El prestador de servicios de salud garantiza las condiciones técnicas de calidad de los equipos biomédicos, para lo cual cuenta con: 2.1. Programa de mantenimiento preventivo de los equipos biomédicos, que incluya el cumplimiento de las recomendaciones establecidas por el fabricante o de acuerdo con el protocolo de mantenimiento que tenga definido el prestador, éste último cuando no esté definido por el fabricante: Cuenta con ""Plan de Mantenimiento Hospitalario 2025"" no incluye las recomenda...",Administrador,calidad,,Gestión de Recursos,21/Mar/2025,,Resolución 3100 de 2019:,PE,NO,,-
,,,,,,,,,,3. Dotación,,,,
1780,No Conformidad,Abierta,"2.2. Hoja(s) de vida del(los) equipo(s) biomédicos(s), con los registros de los mantenimientos preventivos y correctivos, según corresponda: Cuenta con hojas de vida de los equipos en las cuales se registra la periodicidad de mantenimiento cuatrimestral, se evidencian reportes de mantenimiento preventivo realizados en noviembre de 2024, algunos equipos como: pulsioximetro, marca: BTL, serie: M017E060723, tensiómetro, marca: prestige, serie: 307210, doppler fetal, marca: edan, serie: 304150- M14...",Administrador,calidad,,Gestión de Recursos,21/Mar/2025,,Resolución 3100 de 2019:,PE,NO,,-
,,,,,,,,,,3. Dotación,,,,
1781,No Conformidad,Abierta,"3. El prestador de servicios de salud cuenta con un programa de capacitación en el uso de dispositivos médicos cuando éstos lo requieran, el cual puede ser desarrollado por el fabricante, importador o por el mismo prestador: No cuenta con programa de capacitación en el uso de dispositivos médicos, tampoco se evidencian capacitaciones realizadas.",Administrador,calidad,,Gestión de Recursos,21/Mar/2025,,Resolución 3100 de 2019:,PE,NO,,-
,,,,,,,,,,3. Dotación,,,,
1782,No Conformidad,Abierta,4. La dotación de los servicios de salud está en concordancia con lo definido por el prestador en el estándar de procesos prioritarios: El prestador no documenta la dotación según los procedimientos documentados y verificados en el estándar de procesos prioritarios.,Administrador,calidad,,Gestión de Recursos,21/Mar/2025,,Resolución 3100 de 2019:,PE,NO,,-
,,,,,,,,,,3. Dotación,,,,
1783,No Conformidad,Abierta,"5. La suficiencia de equipos biomédicos está relacionada con la frecuencia de uso de los mismos, incluyendo los tiempos del proceso de esterilización, cuando aplique: No cuenta con documento donde se evidencie suficiencia de equipos biomédicos relacionada con la frecuencia de uso de los mismos.",Administrador,calidad,,Gestión de Recursos,21/Mar/2025,,Resolución 3100 de 2019:,PE,NO,,-
,,,,,,,,,,3. Dotación,,,,
1784,No Conformidad,Abierta,"16. Adicional a los criterios enunciados del presente estándar, que le apliquen, el prestador de servicios de salud cuenta con: 16.1. Sistemas de telecomunicaciones de doble via: No cuenta con sistemas de telecomunicaciones de doble vía.",Administrador,calidad,,Gestión de Recursos,21/Mar/2025,,Resolución 3100 de 2019:,PE,NO,,-
,,,,,,,,,,3. Dotación,,,,
1785,No Conformidad,Abierta,2.3. Serie (cuando aplique): Cuenta con documento en Excel “kardex medico San Juan de Villalobos” no se evidencia este ítem.,Administrador,calidad,,Gestión de Recursos,21/Mar/2025,,Resolución 3100 de 2019:,PE,NO,,-
,,,,,,,,,,"4. Medicamentos, dispositivos médicos e insumos",,,,
1786,No Conformidad,Abierta,"2.7. Vida útil, cuando aplique: Cuenta con documento en Excel “kardex medico San Juan de Villalobos” no se evidencia este ítem.",Administrador,calidad,,Gestión de Recursos,21/Mar/2025,,Resolución 3100 de 2019:,PE,NO,,-
,,,,,,,,,,"4. Medicamentos, dispositivos médicos e insumos",,,,
1787,No Conformidad,Abierta,"4.5. Almacenamiento: Cuenta con “procedimiento para el almacenamiento y conservación de medicamentos, dispositivos médicos e insumos” con código PR-MI-FA-3, donde se evidencia la documentación de proceso para este ítem, pero este proceso no se lleva a cabo de acuerdo a lo documentado.",Administrador,calidad,,Gestión de Recursos,21/Mar/2025,,Resolución 3100 de 2019:,PE,NO,,-
,,,,,,,,,,"4. Medicamentos, dispositivos médicos e insumos",,,,
1788,No Conformidad,Abierta,"4.7. Control de fechas de vencimiento: Cuenta con “procedimiento para el almacenamiento y conservación de medicamentos, dispositivos médicos e insumos” con código PR-MI-FA-3, donde se evidencia la documentación de proceso para este ítem, pero este proceso no se lleva a cabo de acuerdo a lo documentado.",Administrador,calidad,,Gestión de Recursos,21/Mar/2025,,Resolución 3100 de 2019:,PE,NO,,-
,,,,,,,,,,"4. Medicamentos, dispositivos médicos e insumos",,,,
1789,No Conformidad,Abierta,"4.12. Disposición final: Cuenta con “procedimiento para el almacenamiento y conservación de medicamentos, dispositivos médicos e insumos” con código PR-MI-FA-3, no se evidencia la documentación de proceso para este ítem.",Administrador,calidad,,Gestión de Recursos,21/Mar/2025,,Resolución 3100 de 2019:,PE,NO,,-
,,,,,,,,,,"4. Medicamentos, dispositivos médicos e insumos",,,,
1790,No Conformidad,Abierta,"6. El prestador de servicios de salud cuenta con información documentada de la planeación y ejecución de los programas de farmacovigilancia, tecnovigilancia y reactivovigilancia, que garanticen el seguimiento al uso de medicamentos, dispositivos médicos (incluidos los sobre medida) y reactivos de diagnóstico in vitro, cuando aplique: Cuenta con “programa de farmacovigilancia” con código MA-MI-FA-01, no se evidencia código de inscripción, no se evidencia capacitaciones. Se aplica herramienta del...",Administrador,calidad,,Gestión de Recursos,21/Mar/2025,,Resolución 3100 de 2019:,PE,NO,,-
,,,,,,,,,,"4. Medicamentos, dispositivos médicos e insumos",,,,
1791,No Conformidad,Abierta,"7. El prestador de servicios de salud que cuente con reservas de medicamentos, homeopáticos, fitoterapéuticos, medicamentos biológicos, componentes anatómicos, dispositivos médicos (incluidos los sobre medida), reactivos de diagnóstico in vitro, y demás insumos asistenciales, debe garantizar que se almacenen en condiciones apropiadas de temperatura, humedad, ventilación, segregación y seguridad de acuerdo con las condiciones definidas por el fabricante o el banco del componente anatómico, según ...",Administrador,calidad,,Gestión de Recursos,21/Mar/2025,,Resolución 3100 de 2019:,PE,NO,,-
,,,,,,,,,,"4. Medicamentos, dispositivos médicos e insumos",,,,
1792,No Conformidad,Abierta,"9. La suficiencia de dispositivos médicos está relacionada con la frecuencia de uso de los mismos, incluyendo los tiempos del proceso de esterilización, cuando aplique.: No cuenta con documento donde se evidencie suficiencia de los dispositivos médicos relacionada con la frecuencia de uso de los mismos.",Administrador,calidad,,Gestión de Recursos,21/Mar/2025,,Resolución 3100 de 2019:,PE,NO,,-
,,,,,,,,,,"4. Medicamentos, dispositivos médicos e insumos",,,,
1793,No Conformidad,Abierta,"10. El prestador de servicios de salud cuenta con paquete para el manejo de derrames y rupturas de medicamentos, ubicado en un lugar de fácil acceso, visible y con adecuada señalización, disponible para su uso en los servicios y ambientes donde se requieran. El prestador de servicios de salud define su contenido de acuerdo con los medicamentos utilizados y lo sugerido por el fabricante en las fichas técnicas: Cuenta con paquete para el manejo de derrames y rupturas de medicamentos, ubicado en u...",Administrador,calidad,,Gestión de Recursos,21/Mar/2025,,Resolución 3100 de 2019:,PE,NO,,-
,,,,,,,,,,"4. Medicamentos, dispositivos médicos e insumos",,,,
1794,No Conformidad,Abierta,16.1. Dispositivos médicos e insumos asistenciales según la patología del paciente o eventos de interés en salud pública cuando se requiera: El prestador no documenta los dispositivos médicos e insumos según la patología del paciente en el estándar de procesos prioritarios.,Administrador,calidad,,Gestión de Recursos,21/Mar/2025,,Resolución 3100 de 2019:,PE,NO,,-
,,,,,,,,,,"4. Medicamentos, dispositivos médicos e insumos",,,,
1795,No Conformidad,Abierta,"16.2. Medicamentos de acuerdo con inventario establecido por el prestador acorde a lo documentado en sus procesos prioritarios, cuando se requiera: El prestador no documenta los dispositivos médicos e insumos según la patología del paciente en el estándar de procesos prioritarios.",Administrador,calidad,,Gestión de Recursos,21/Mar/2025,,Resolución 3100 de 2019:,PE,NO,,-
,,,,,,,,,,"4. Medicamentos, dispositivos médicos e insumos",,,,
1796,No Conformidad,Abierta,"3. El prestador de servicios de salud cuenta con un comité o instancia que orienta y promueve la política de seguridad del paciente, el control de infecciones y la optimización del uso de antibióticos, cuando los prescriba o administre. En el caso de profesionales independientes de salud podrá ser el mismo prestador: La ESE presenta documento acta de reunión del actualización del personal a carrgo del comité de seguridad del paciente del 16 de febrero de 2024 donde establece que se reunirán de ...",Administrador,calidad,,Misionales,21/Mar/2025,,Resolución 3100 de 2019:,PE,NO,,-
,,,,,,,,,,5. Procesos Prioritarios,,,,
1797,No Conformidad,Abierta,"4. El prestador de servicios de salud adopta y realiza las siguientes prácticas seguras, según aplique a su servicio de salud y cuenta con información documentada para: 4.1. Asegurar la correcta identificación del paciente en los procesos asistenciales. (que incluya como mínimo dos identificadores: nombre completo y número de identificación): La ese presenta documento MA-MI-HO-01 identificación del usuario, el cual tiene como objetivo definir las actividades para la correcta identificación del ...",Administrador,calidad,,Misionales,21/Mar/2025,,Resolución 3100 de 2019:,PE,NO,,-
,,,,,,,,,,5. Procesos Prioritarios,,,,
1798,No Conformidad,Abierta,"4.3. Detectar, prevenir y reducir infecciones asociadas con la atención en salud (que incluya protocolo de higiene de manos o higienización con soluciones a base de alcohol). La ESE presenta documento PT-ES-CA-03 protocolo de lavado de manos el cual tiene como objetivo obtener una disminución significativa en la flora residente y eliminar completamente la flora transitoria se establecen los tipos de lavados de manos, los momentos pero no se menciona los materiales e insumos requeridos para dich...",Administrador,calidad,,Misionales,21/Mar/2025,,Resolución 3100 de 2019:,PE,NO,,-
,,,,,,,,,,5. Procesos Prioritarios,,,,
1799,No Conformidad,Abierta,"4.4. Detectar, analizar y gestionar eventos adversos: La ESE presenta documento PT-ES-CA-01 protocolo de Londres eventos adverso mediante el cual se establece la metodología para el análisis de los eventos adversos, adicionalmente se cuenta con documento PR-ES-CA-01 gestión del evento adverso el cual establece que para la identificación de los eventos se revisara diariamente el programa gema, revisión diaria de los eventos reportados, depurar los eventos registrados, entregar a cada líder asist...",Administrador,calidad,,Misionales,21/Mar/2025,,Resolución 3100 de 2019:,PE,NO,,-
,,,,,,,,,,5. Procesos Prioritarios,,,,
1800,No Conformidad,Abierta,"4.6. Mejorar la seguridad en la utilización de medicamentos, en los servicios donde aplique: La ESE presenta documento PT-MI-UR-01 administración de medicamentos el cual tiene como objetivo estandarizar la administración de medicamentos en el proceso de atención en dicho documento se establece que el inicio de este procedimiento inicia con la formulación por parte del personal médico, posteriormente se realiza bajo los 10 correctos la administración de dicho medicamento se debe rotular con el n...",Administrador,calidad,,Misionales,21/Mar/2025,,Resolución 3100 de 2019:,PE,NO,,-
,,,,,,,,,,5. Procesos Prioritarios,,,,
1801,No Conformidad,Abierta,"4.7. Prevenir y reducir la frecuencia de caídas, en los servicios donde aplique: La ese cuenta con documento PT-ES-CA-06 protocolo para la prevención de caídas de pacientes el cual tiene como objetivo estandarizar acciones de prevención para disminuir el riesgo de caídas mediante acciones tales como mobiliario adecuado, camilla con barandas elevadas y con freno de seguridad, condiciones de orden y aseo, aplicación de escala de DOWNTON, se verifica socialización el 28-10-2024. El prestador en el...",Administrador,calidad,,Misionales,21/Mar/2025,,Resolución 3100 de 2019:,PE,NO,,-
,,,,,,,,,,5. Procesos Prioritarios,,,,
1802,No Conformidad,Abierta,5. El prestador de servicios de salud promueve la cultura de seguridad del paciente que involucra a todo el personal de manera sistemática con un enfoque educativo no punitivo mediante:5.2. Actividades donde se ilustra al paciente y sus allegados en el autocuidado de su seguridad: La ESE presenta documento PT-MI-HO-01 protocolo autocuidado paciente y sus cuidadores el cual tiene como objetivo desarrollar y fortalecer el conocimiento técnico en el autocuidado para la aplicación de prácticas segu...,Administrador,calidad,,Misionales,21/Mar/2025,,Resolución 3100 de 2019:,PE,NO,,-
,,,,,,,,,,5. Procesos Prioritarios,,,,
1803,No Conformidad,Abierta,"6. El prestador de servicios de salud cuenta con información documentada de las actividades y procedimientos que se realizan en el servicio acordes con su objeto, alcance y enfoque diferencial, mediante guías de práctica clínica- GPC, procedimientos de atención, protocolos de atención y otros documentos que el prestador de servicios de salud determine, dicha información incluye talento humano, equipos biomédicos, medicamentos y dispositivos médicos e insumos requeridos: La ESE presenta las sigu...",Administrador,calidad,,Misionales,21/Mar/2025,,Resolución 3100 de 2019:,PE,NO,,-
,,,,,,,,,,5. Procesos Prioritarios,,,,
1804,No Conformidad,Abierta,"10. El prestador de servicios de salud cuenta con información documentada de la adopción, o adaptación o desarrollo de guías práctica clínica o protocolos basados en evidencia científica: No se cuenta con la informacion documentada.",Administrador,calidad,,Misionales,21/Mar/2025,,Resolución 3100 de 2019:,PE,NO,,-
,,,,,,,,,,5. Procesos Prioritarios,,,,
1805,No Conformidad,Abierta,"12. El prestador de servicios de salud cuenta con la siguiente información documentada:12.2. Aseo, limpieza y desinfección de áreas y superficies: El prestador presenta el Manual de limpieza y desinfección Código PTA-MI-SG 03 Versón1 fecha 2021. En el cual se evidencia la definidos los elementos de uso para ejecutar la actividad. Se evidencia en el recorrido que se encuentran las áreas limpias y en orden. Se recomienda definir las actividades de limpieza y desinfección en los servicio de alta r...",Administrador,calidad,,Misionales,21/Mar/2025,,Resolución 3100 de 2019:,PE,NO,,-
,,,,,,,,,,5. Procesos Prioritarios,,,,
1806,No Conformidad,Abierta,"12.4. Acciones para prevenir las flebitis infecciosas, químicas y mecánicas en los servicios donde se realicen procedimientos de venopunción: Se encuentra documentado ADMINISTRACIÓN DE MEDICAMENTOS PT-MI-UR-01 Código 2 fecha marzo del 2019. Cuenta con acciones preventivas para las flebitis, se verifica socialización sin embargo el prestador no presenta soportes de socialización al personal.",Administrador,calidad,,Misionales,21/Mar/2025,,Resolución 3100 de 2019:,PE,NO,,-
,,,,,,,,,,5. Procesos Prioritarios,,,,
1807,No Conformidad,Abierta,"12.6. Descontaminación por derrames de sangre u otros fluidos corporales: Cuenta con un MANUAL CONTROL DE DERRAME DE FLUIDOS CORPORALES Código MA -MI-SG02 Versión 2 Fecha Abril 2021, se verifica no cuenta con socialización, no contiene descripción del contenido del kit de derrames ni el talento humano responsable de ejecutar dicha actividad, personal no adherente.",Administrador,calidad,,Misionales,21/Mar/2025,,Resolución 3100 de 2019:,PE,NO,,-
,,,,,,,,,,5. Procesos Prioritarios,,,,
1808,No Conformidad,Abierta,"13.1. Buenas prácticas de esterilización de acuerdo con los procedimientos y técnicas que se utilicen, que describa como mínimo los siguientes aspectos: 13.1.1. Recibo de productos contaminados y entrega de material estéril: Cuentan con manual de buenas prácticas de esterilización, limpieza y desinfección. Código: MAES-CA-02 Versión 02 2019 en el cual no se evidencia el manejo de los aspectos de transporte, lubricación, empaque, etiquetado, verificación de la integridad del material estéril ni ...",Administrador,calidad,,Misionales,21/Mar/2025,,Resolución 3100 de 2019:,PE,NO,,-
,,,,,,,,,,5. Procesos Prioritarios,,,,
1809,No Conformidad,Abierta,"13.1.2. Transporte. 13.1.3. Lavado, secado y lubricación. 13.1.4. Empaque. 13.1.5. Etiquetado: Deben documentarlo en el manual de esterilización.",Administrador,calidad,,Misionales,21/Mar/2025,,Resolución 3100 de 2019:,PE,NO,,-
,,,,,,,,,,5. Procesos Prioritarios,,,,
1810,No Conformidad,Abierta,"13.1.8. Verificación de la integridad del material estéril. 13.1.9. Control de calidad que incluya el análisis de los reportes de dicho control, para la toma de medidas preventivas y correctivas: Deben documentarlo en el manual de esterilización.",Administrador,calidad,,Misionales,21/Mar/2025,,Resolución 3100 de 2019:,PE,NO,,-
,,,,,,,,,,5. Procesos Prioritarios,,,,
1811,No Conformidad,Abierta,"15. Los prestadores de servicios de salud tienen definidos procedimientos que garanticen el cumplimiento del no reúso de dispositivos médicos cuando el fabricante así lo haya establecido: Se evidencia 3 procedimientos de no reúso de dispositivos médicos, los cuales no describen el procedimiento realizado en el punto de atención. El documento debe ser revisado y describirlo de acuerdo a los servicios habilitados y los dispositivos utilizados.",Administrador,calidad,,Misionales,21/Mar/2025,,Resolución 3100 de 2019:,PE,NO,,-
,,,,,,,,,,5. Procesos Prioritarios,,,,
1812,No Conformidad,Abierta,"16. Hasta tanto el Ministerio de Salud y Protección Social regule la materia, el prestador de servicios de salud podrá reusar dispositivos médicos, siempre y cuando el fabricante de dichos dispositivos autorice su reúso. En tal caso, el prestador de servicios de salud cuenta con información documentada que defina: 16.1. Los procedimientos, siguiendo las recomendaciones del fabricante, para el reprocesamiento y control de calidad que demuestren la eficacia, desempeño y esterilidad del producto: ...",Administrador,calidad,,Misionales,21/Mar/2025,,Resolución 3100 de 2019:,PE,NO,,-
,,,,,,,,,,5. Procesos Prioritarios,,,,
1813,No Conformidad,Abierta,"16.2. Acciones de seguimiento a través de los comités de infecciones, de seguridad del paciente y del programa de tecnovigilancia, que garanticen que el dispositivo no ha perdido la eficacia y desempeño para el cual fue diseñado, ni exponga al riesgo de infecciones o complicaciones al usuario: Al momento de la verificación se evidencia el acto administratico donde implementan los comites institucionales mediante la resolución 128 de 2018 la cual se encuentra firmada, en el punto de atención no ...",Administrador,calidad,,Misionales,21/Mar/2025,,Resolución 3100 de 2019:,PE,NO,,-
,,,,,,,,,,5. Procesos Prioritarios,,,,
1814,No Conformidad,Abierta,"17.3. Lista de chequeo de los documentos necesarios para el traslado que incluya:17.3.4. Mecanismos tecnológicos que le permitan realizar el proceso (software, correo, entre otros): No se puede evidenciar en el momento de la verificación.",Administrador,calidad,,Misionales,21/Mar/2025,,Resolución 3100 de 2019:,PE,NO,,-
,,,,,,,,,,5. Procesos Prioritarios,,,,
1815,No Conformidad,Abierta,"20. La Institución Prestadora de Servicios de Salud que cuente con servicios de salud de los grupos de consulta externa,internación o el servicio de urgencias, cuenta con:21. El Profesional Independiente de Salud y las Entidades con Objeto Social Diferente que oferten y presten servicios de salud de los grupos de consulta externa y los prestadores de servicios de salud de Transporte Especial de Pacientes cuentan con documento del proceso que orienta la atención en salud de las víctimas de violen...",Administrador,calidad,,Misionales,21/Mar/2025,,Resolución 3100 de 2019:,PE,NO,,-
,,,,,,,,,,5. Procesos Prioritarios,,,,
1816,No Conformidad,Abierta,"23. Los prestadores de servicios de salud cuentan con información documentada de las condiciones de almacenamiento, conservación, control de fechas de vencimiento, uso y custodia de los medicamentos, dispositivos médicos e insumos contenidos en los kits de derrames de medicamentos, ataque con agentes químicos y de violencias sexuales, según su contenido: No se cuenta documentado las condiciones de almacenamiento, conservación, control de fechas de vencimiento, uso y custodia de los medicamentos...",Administrador,calidad,,Misionales,21/Mar/2025,,Resolución 3100 de 2019:,PE,NO,,-
,,,,,,,,,,5. Procesos Prioritarios,,,,
1817,No Conformidad,Abierta,"27. Cuando el prestador de servicios de salud realice “pruebas en el punto de atención del paciente - (Point of Care Testing - POCT)” en un servicio habilitado cuenta con: 27.1. Información documentada sobre la toma, procesamiento, control de calidad y entrega de resultados: En el momento de la verificación no se evidencia documentado.",Administrador,calidad,,Misionales,21/Mar/2025,,Resolución 3100 de 2019:,PE,NO,,-
,,,,,,,,,,5. Procesos Prioritarios,,,,
1818,No Conformidad,Abierta,"27.2. Controles de calidad realizados por un servicio de laboratorio clínico que puede ser propio o contratado para tal fin, cuando aplique, de acuerdo a las especificaciones del fabricante: En el momento de la verificación no se evidencia documentado.",Administrador,calidad,,Misionales,21/Mar/2025,,Resolución 3100 de 2019:,PE,NO,,-
,,,,,,,,,,5. Procesos Prioritarios,,,,
1819,No Conformidad,Abierta,27.3. Análisis de los reportes del control de calidad y toma de medidas preventivas y correctivas: En el momento de la verificación no se evidencia documentado.,Administrador,calidad,,Misionales,21/Mar/2025,,Resolución 3100 de 2019:,PE,NO,,-
,,,,,,,,,,5. Procesos Prioritarios,,,,
1820,No Conformidad,Abierta,"28. Orientación a los usuarios sobre las condiciones, requisitos y restricciones de acceso, permanencia y salida del vehículo, en condiciones de rutina o en condiciones de emergencia, a cargo del conductor del vehículo y el talento humano en salud: El prestador cuenta documentado PT-MICE-25 Versión 2 fecha 2019 Sálidas de extramurales no cuenta con todas las especificos que se requieren en la normatividad vigente.",Administrador,calidad,,Misionales,21/Mar/2025,,Resolución 3100 de 2019:,PE,NO,,-
,,,,,,,,,,5. Procesos Prioritarios,,,,
1821,No Conformidad,Abierta,29. Mecanismos que garanticen comunicación para el seguimiento de los pacientes que lo requieran: El prestador cuenta documentado PT-MICE-25 Versión 2 fecha 2019 Sálidas de extramurales no cuenta con todas las especificos que se requieren en la normatividad vigente.,Administrador,calidad,,Misionales,21/Mar/2025,,Resolución 3100 de 2019:,PE,NO,,-
,,,,,,,,,,5. Procesos Prioritarios,,,,
1822,No Conformidad,Abierta,"30. Mecanismos de supervisión de las actividades realizadas en el marco de los eventos de interés en salud pública, cuando aplique: El prestador cuenta documentado PT-MICE-25 Versión 2 fecha 2019 Sálidas de extramurales no cuenta con todas las especificos que se requieren en la normatividad vigente.",Administrador,calidad,,Misionales,21/Mar/2025,,Resolución 3100 de 2019:,PE,NO,,-
,,,,,,,,,,5. Procesos Prioritarios,,,,
1823,No Conformidad,Abierta,"3. Los medios electrónicos para la gestión de la historia clínica garantizan la confidencialidad y seguridad, así como el carácter permanente de registrar en esta y en otros registros asistenciales, sin que se puedan modificar los datos una vez se guarden los registros: El proveedor dispone del documento institucional titulado Protocolo de Uso y Custodia de los Registros de la Historia Clínica, con código PL-AP-GD-08, fechado en el año 2023. Sin embargo, al utilizar el sistema electrónico, el p...",Administrador,calidad,,Misionales,21/Mar/2025,,Resolución 3100 de 2019:,PE,NO,,-
,,,,,,,,,,6. Historia clínica y registros,,,,
1824,No Conformidad,Abierta,"5. La historia clínica y los registros asistenciales se diligencian en forma clara, legible, sin tachones, enmendaduras, intercalaciones, sin dejar espacios en blanco y sin utilizar siglas: El prestador presenta registros de manera física donde se evidencian espacios en blanco, adicional a ello el prestador presenta una etapa de transición donde se encuentra en cambio de sistema de registros de historia clínica y no se evidencian registros de manera digital.",Administrador,calidad,,Misionales,21/Mar/2025,,Resolución 3100 de 2019:,PE,NO,,-
,,,,,,,,,,6. Historia clínica y registros,,,,
1825,No Conformidad,Abierta,"8. La historia clínica y demás registros son conservados en archivo único garantizando la custodia y confidencialidad de los documentos o registros protegidos legalmente por reserva: ""El prestador mantiene registros de historia clínica de manera física en donde no se garantiza la custodia ni la confidencialidad de los documentos o registros protegidos por reserva legal. Se observa que el prestador está en proceso de transición hacia el sistema digital de historia clínica, utilizando el sistema ...",Administrador,calidad,,Misionales,21/Mar/2025,,Resolución 3100 de 2019:,PE,NO,,-
,,,,,,,,,,6. Historia clínica y registros,,,,
1826,No Conformidad,Abierta,"9. El prestador de servicios de salud cuenta con un procedimiento de consentimiento informado que incluye mecanismos para verificar su aplicación, para que el paciente o usuario o su responsable aprueben o no documentalmente el procedimiento e intervención en salud a que va a ser sometido, previa información de los beneficios, riesgos, alternativas e implicaciones del acto asistencial: Se evidencia que el prestador de servicios de salud cuenta con un Manual de Consentimiento Informado que inclu...",Administrador,calidad,,Misionales,21/Mar/2025,,Resolución 3100 de 2019:,PE,NO,,-
,,,,,,,,,,6. Historia clínica y registros,,,,
1827,No Conformidad,Abierta,"11. Cuenta con los siguientes registros, cuando los prestadores de servicios de salud realicen el proceso de esterilización dentro del servicio y fuera de centrales de esterilización: 11.1. Actividades documentadas y realizadas en el procedimiento de reúso de dispositivos médicos acorde con las recomendaciones del fabricante, incluyendo el número de reúsos por cada dispositivo esterilizado: El prestador cuenta con documento "" política reusó de dispositivos en odontología y no reusó en dispositi...",Administrador,calidad,,Misionales,21/Mar/2025,,Resolución 3100 de 2019:,PE,NO,,-
,,,,,,,,,,6. Historia clínica y registros,,,,
1828,No Conformidad,Abierta,11.2. Registro de crgas: No se evidencia descrito registro de que se esteriliza en cada carga.,Administrador,calidad,,Misionales,21/Mar/2025,,Resolución 3100 de 2019:,PE,NO,,-
,,,,,,,,,,6. Historia clínica y registros,,,,
1829,No Conformidad,Abierta,11.3. Resultados del control de calidad: No se evidencian resultados del control de calidad.,Administrador,calidad,,Misionales,21/Mar/2025,,Resolución 3100 de 2019:,PE,NO,,-
,,,,,,,,,,6. Historia clínica y registros,,,,
1830,No Conformidad,Abierta,11.4. Listas del contenido de los paquetes que se esterilizan: No se evidencia descrito listas del contenido de los paquetes que se esterilizan.,Administrador,calidad,,Misionales,21/Mar/2025,,Resolución 3100 de 2019:,PE,NO,,-
,,,,,,,,,,6. Historia clínica y registros,,,,
1831,No Conformidad,Abierta,11.5. Etiquetado de cada paquete que permita la trazabilidad de la esterilización: No se evidencia etiquetado de cada paquete que permita la trazabilidad de la esterilización.,Administrador,calidad,,Misionales,21/Mar/2025,,Resolución 3100 de 2019:,PE,NO,,-
,,,,,,,,,,6. Historia clínica y registros,,,,
1832,No Conformidad,Abierta,"10.2. Mínimo una (1) unidad sanitaria de uso mixto, apta para personas con movilidad reducida cuando el prestador cuente con hasta dos consultorios o ambientes de entrevista: La E.S.E. Empresa Social del Estado del Suroriente. unidad de atención en salud, San Juan de Villalobos, no cuenta con unidad sanitaria de uso mixto apta para personas con movilidad reducida.",Administrador,calidad,,Gestión de Recursos,21/Mar/2025,,Resolución 3100 de 2019:,PE,NO,,-
,,,,,,,,,,2. Infraestructura,,,,
1833,No Conformidad,Abierta,24.3. Equipo de órganos de los sentidos: No cuenta con equipo de órgano.,Administrador,calidad,,Gestión de Recursos,21/Mar/2025,,Resolución 3100 de 2019:,PE,NO,,-
,,,,,,,,,,3. Dotación,,,,
1834,No Conformidad,Abierta,24.6. Martillo de reflejos: No cuenta con martillo de reflejos.,Administrador,calidad,,Gestión de Recursos,21/Mar/2025,,Resolución 3100 de 2019:,PE,NO,,-
,,,,,,,,,,3. Dotación,,,,
1835,No Conformidad,Abierta,24.8. Cinta métrica: No cuenta con cinta métrica.,Administrador,calidad,,Gestión de Recursos,21/Mar/2025,,Resolución 3100 de 2019:,PE,NO,,-
,,,,,,,,,,3. Dotación,,,,
1836,No Conformidad,Abierta,"24.9. Báscula grado médico o pesa bebé, según la oferta del servicio: No cuenta con grado médico.",Administrador,calidad,,Gestión de Recursos,21/Mar/2025,,Resolución 3100 de 2019:,PE,NO,,-
,,,,,,,,,,3. Dotación,,,,
1837,No Conformidad,Abierta,"25. El prestador de servicios de salud cuenta con la dotación necesaria para realizar los procedimientos documentados en el estándar de procesos prioritarios: Cuenta con documento “salida extramural” donde de describen los equipos que utilizan para las jordanas extramurales, pero al momento de verificar no se evidencian todos los equipos.",Administrador,calidad,,Gestión de Recursos,21/Mar/2025,,Resolución 3100 de 2019:,PE,NO,,-
,,,,,,,,,,3. Dotación,,,,
1838,No Conformidad,Abierta,"MODALIDADES INTRAMURAL, EXTRAMURAL UNIDAD MÓVIL, JORNADA DE SALUD Y DOMICILIARIA 32. Cumple con los criterios que le sean aplicables de todos los servicios: No cumple con todos los criterios que sean aplicables a todos los servicios.",Administrador,calidad,,Gestión de Recursos,21/Mar/2025,,Resolución 3100 de 2019:,PE,NO,,-
,,,,,,,,,,"4. Medicamentos, dispositivos médicos e insumos",,,,
1839,No Conformidad,Abierta,"35. Cumple con los criterios que le sean aplicables de todos los servicios y adicionalmente cuando se realicen procedimientos. cuenta con la siguiente información documentada: 35.1. Procedimientos que se pueden realizar, incluyendo aquellos que requieran anestesia local y no impliquen anestesia regional ni general: Cuentan listado de procedimiento que ejecutan por el personal medico, los cuales son retiro de inserción de implante subdermico, lavado de oídos, suturas, lavado de ocular, sonda ves...",Administrador,calidad,,Gestión de Recursos,21/Mar/2025,,Resolución 3100 de 2019:,PE,NO,,-
,,,,,,,,,,5. Procesos Prioritarios,,,,
1840,No Conformidad,Abierta,35.2. Información al paciente sobre: Los documentos presentados por el prestador no cuentan con todas la especificaciones solicitadas.,Administrador,calidad,,Gestión de Recursos,21/Mar/2025,,Resolución 3100 de 2019:,PE,NO,,-
,,,,,,,,,,5. Procesos Prioritarios,,,,
1841,No Conformidad,Abierta,35.2.1. Preparación. 35.2.2. Recomendaciones post procedimiento35.2.3. Controles.35.2.4. Posibles complicaciones: Los documentos presentados por el prestador no cuentan con todas la especificaciones solicitadas.,Administrador,calidad,,Gestión de Recursos,21/Mar/2025,,Resolución 3100 de 2019:,PE,NO,,-
,,,,,,,,,,5. Procesos Prioritarios,,,,
1842,No Conformidad,Abierta,"23. El consultorio odontológico cuenta con: 23.1. Unidad odontológica fija: En visita de verificación se evidencia que la unidad odontológica cuenta con oxido, además no cuenta con presión para la salida de agua.",Administrador,calidad,,Gestión de Recursos,21/Mar/2025,,Resolución 3100 de 2019:,PE,NO,,-
,,,,,,,,,,3. Dotación,,,,
1843,No Conformidad,Abierta,23.3. Negatoscopio cuando se requiera o sistema de visualización según la tecnología utilizada por el prestador: No cuenta con sistema de visualización.,Administrador,calidad,,Gestión de Recursos,21/Mar/2025,,Resolución 3100 de 2019:,PE,NO,,-
,,,,,,,,,,3. Dotación,,,,
1844,No Conformidad,Abierta,26.2. Lámpara de fotocurado o amalgamador según la oferta del servicio: No cuenta con Lámpara de fotocurado o amalgamador.,Administrador,calidad,,Gestión de Recursos,21/Mar/2025,,Resolución 3100 de 2019:,PE,NO,,-
,,,,,,,,,,3. Dotación,,,,
1845,No Conformidad,Abierta,26.3. Negatoscopio cuando se requiera o sistema de visualización según la tecnologla utilizada por el prestador: No cuenta con negatoscopio o sistema de visualización.,Administrador,calidad,,Gestión de Recursos,21/Mar/2025,,Resolución 3100 de 2019:,PE,NO,,-
,,,,,,,,,,3. Dotación,,,,
1846,No Conformidad,Abierta,27. Cumple con los criterios que le sean aplicables de todos los servicios: No cumple con todos los criterios que sean aplicables a todos los servicios.,Administrador,calidad,,Gestión de Recursos,21/Mar/2025,,Resolución 3100 de 2019:,PE,NO,,-
,,,,,,,,,,3. Dotación,,,,
1847,No Conformidad,Abierta,"MODALIDADES INTRAMURAL, EXTRAMURAL UNIDAD MÓVIL, JORNADA DE SALUD Y DOMICILIARIA 32. Cumple con los criterios que le sean aplicables de todos los servicios: No cumple con todos los criterios que sean aplicables a todos los servicios.",Administrador,calidad,,Gestión de Recursos,21/Mar/2025,,Resolución 3100 de 2019:,PE,NO,,-
,,,,,,,,,,5. Procesos Prioritarios,,,,
1848,No Conformidad,Abierta,"35.1. Procedimientos que se pueden realizar, incluyendo aquellos que requieran anestesia local y no impliquen anestesia regional ni general: El prestador cuenta con documento "" procedimiento anestesia odontológica con código PT-MIOD-29 versión 1 del año 2024 "", se recomienda realizar la socialización del documento con el personal del área y su medición de adherencia.",Administrador,calidad,,Misionales,21/Mar/2025,,Resolución 3100 de 2019:,PE,NO,,-
,,,,,,,,,,5. Procesos Prioritarios,,,,
1849,No Conformidad,Abierta,"35.2. Información al paciente sobre: 35.2.1. Preparación. 35.2.2. Recomendaciones post procedimiento. 35.2.3. Controles: El prestador cuenta con documento "" procedimiento anestesia odontológica con código PT-MIOD-29 versión 1 del año 2024"", No se evidencia socialización ni medición de adherencia al documento institucional.",Administrador,calidad,,Misionales,21/Mar/2025,,Resolución 3100 de 2019:,PE,NO,,-
,,,,,,,,,,5. Procesos Prioritarios,,,,
1850,No Conformidad,Abierta,"MODALIDADES INTRAMURAL, EXTRAMURAL UNIDAD MÓVIL, JORNADA DE SALUD Y DOMICILIARIA 41. Cumple con los criterios que le sean aplicables de todos los servicios: EL prestador no cumple con los criterios que sean aplicables a todo los servicios.",Administrador,calidad,,Misionales,21/Mar/2025,,Resolución 3100 de 2019:,PE,NO,,-
,,,,,,,,,,6. Historia clínica y registros,,,,
1647,No Conformidad,Abierta,"6. El talento humano en salud de los servicios de atención del parto, cuidado intensivo y cuidado intermedio neonatal, pediátrico y adultos, cuentan con constancia de asistencia en las acciones de formación continua para la gestión del duelo. No todo el talento humano del servicio de atención del parto cuenta con constancia de asistencia en las acciones de formación continua para la gestión del duelo.",Administrador,calidad,,Gestión de Talento Humano,13/Mar/2025,,Resolución 3100 de 2019:,PE,NO,,-
,,,,,,,,,,1. Talento Humano,,,,
1648,No Conformidad,Abierta,"8. Los profesionales de la medicina de los servicios de hospitalización de baja, mediana y alta complejidad, hospitalización paciente crónico con y sin ventilador, cuidados intensivos neonatales, pediátricos y adultos; urgencias y servicios del grupo quirúrgico en modalidad intramural, cuentan con certificación vigente de aprobación de la evaluación de competencias esenciales para el cuidado de la donante expedida por el Instituto Nacional de Salud. No todo el talento humano cuenta con c...",Administrador,calidad,,Gestión de Talento Humano,13/Mar/2025,,Resolución 3100 de 2019:,PE,NO,,-
,,,,,,,,,,1. Talento Humano,,,,
1649,No Conformidad,Abierta,"9.Las Instituciones Prestadoras de Servicios de Salud con servicios de cuidado intensivo pediátrico y adulto que adicionalmente habiliten el servicio quirúrgico de neurocirugía, tienen disponibilidad de coordinador operativo detrasplantes. No aplica, el prestador no oferta los servicios de cuidado intensivo pediátrico y adulto, ni el servicio quirúrgico de neurocirugía",Administrador,calidad,,Gestión de Talento Humano,13/Mar/2025,,Resolución 3100 de 2019:,PE,NO,,-
,,,,,,,,,,1. Talento Humano,,,,
1650,No Conformidad,Abierta,"10. El talento humano en salud de los servicios de salud de los grupos de consulta externa, internación y el servicio de urgencias, cuentan con constancia de asistencia en las acciones de formación continua en la atención integral en salud de las personas víctimas de violencia sexual. No todo el personal servicios de salud de los grupos de consulta externa, internación y el servicio de urgencias, cuentan con constancia de asistencia en las acciones de formación continua en la atención integra...",Administrador,calidad,,Gestión de Talento Humano,13/Mar/2025,,Resolución 3100 de 2019:,PE,NO,,-
,,,,,,,,,,1. Talento Humano,,,,
1651,No Conformidad,Abierta,"11. El talento humano en salud de los servicios de transporte asistencial, atención prehospitalaria y urgencias, cuentan con constancia de asistencia en las acciones de formación continua en la atención a personas víctimas de ataques con agentes químicos. No todo el talento humano de los servicios de transporte asistencial, atención prehospitalaria y emergencias, cuentan con constancia de asistencia en las acciones de formación continua en la atención a personas víctimas de ataques con age...",Administrador,calidad,,Gestión de Talento Humano,13/Mar/2025,,Resolución 3100 de 2019:,PE,NO,,-
,,,,,,,,,,1. Talento Humano,,,,
1652,No Conformidad,Abierta,"43. Los cielo rasos o techos y paredes o muros deben ser impermeables, lavables, sólidos, resistentes a factores ambientales e incombustibles y de superficie lisa y continua. Se evidencian paredes en el servicio de laboratorio clínico que presentan humedades.",Administrador,calidad,,Gestión de Recursos,13/Mar/2025,,Resolución 3100 de 2019:,PE,NO,,-
,,,,,,,,,,2. Infraestructura,,,,
1653,No Conformidad,Abierta,"2. El prestador de servicios de salud garantiza las condiciones técnicas de calidad de los equipos biomédicos, para lo cual cuenta con: 2.1. Programa de mantenimiento preventivo de los equipos biomédicos, que incluya el cumplimiento de las recomendaciones establecidas por el fabricante o de acuerdo con el protocolo de mantenimiento que tenga definido el prestador, éste último cuando no esté definido por el fabricante. El ""Programa de Mantenimiento ESE Suroriente"" está en funcionamiento, ...",Administrador,calidad,,Gestión de Recursos,13/Mar/2025,,Resolución 3100 de 2019:,PE,NO,,-
,,,,,,,,,,3. Dotación,,,,
1654,No Conformidad,Abierta,"3. El prestador de servicios de salud cuenta con un programa de fabricante, i capacitación en el uso de dispositivos médicos cuando éstos lo requieran, el cual puede ser desarrollado por el mportador o por el mismo prestador. Cuenta con “plan de capacitaciones” donde se evidencia el cronograma de capacitaciones para el año presente se realizará en noviembre de 2024. Se evidencia capacitación en noviembre sobre equipos biomédicos y odontoldgicos. No se evidencia adherencia al personal, en l...",Administrador,calidad,,Gestión de Recursos,13/Mar/2025,,Resolución 3100 de 2019:,PE,NO,,-
,,,,,,,,,,3. Dotación,,,,
1655,No Conformidad,Abierta,4. La dotación de los servicios de salud está en concordancia con lo definido por el prestador en el estándar de procesos prioritarios. No se evidencia concordancia con la dotación según lo definido por el prestador en el estándar de procesos prioritarios.,Administrador,calidad,,Gestión de Recursos,13/Mar/2025,,Resolución 3100 de 2019:,PE,NO,,-
,,,,,,,,,,3. Dotación,,,,
1656,No Conformidad,Abierta,"5. La suficiencia de equipos biomédicos está relacionada con la frecuencia de uso de los mismos, incluyendo los tiempos del proceso de esterilización, cuando aplique. Cuenta con “protocolo de suficiencia de equipos” en este no se describe el tiempo de esterilización, ni el instrumental requerido para los servicios, se recomienda ajustar el programa donde se mencione las variables correspondientes.",Administrador,calidad,,Gestión de Recursos,13/Mar/2025,,Resolución 3100 de 2019:,PE,NO,,-
,,,,,,,,,,3. Dotación,,,,
1657,No Conformidad,Abierta,"8. Los servicios de salud que requieran carro de paro, cuenta con la siguiente dotación: 8.2. Resucitador pulmonar manual. No se evidencia resucitador pulmonar manual.",Administrador,calidad,,Gestión de Recursos,13/Mar/2025,,Resolución 3100 de 2019:,PE,NO,,-
,,,,,,,,,,3. Dotación,,,,
1658,No Conformidad,Abierta,"8.5.Laringoscopio con hojas rectas y curvas para adultos y pediátricas, según aplique. Cuenta con laringoscopio con hojas rectas y curvas para adultos y pacientes pediatricos, no se encuentran esteriles.",Administrador,calidad,,Gestión de Recursos,13/Mar/2025,,Resolución 3100 de 2019:,PE,NO,,-
,,,,,,,,,,3. Dotación,,,,
1659,No Conformidad,Abierta,"16. Adicional a los criterios enunciados del presente estándar, que le apliquen, el prestador de servicios de salud cuenta con: 16.1. Sistemas de telecomunicaciones de doble via. No cuenta con sistemas de telecomunicación de doble vía.",Administrador,calidad,,Gestión de Recursos,13/Mar/2025,,Resolución 3100 de 2019:,PE,NO,,-
,,,,,,,,,,3. Dotación,,,,
1660,No Conformidad,Abierta,1. El prestador de servicios de salud lleva registros con la información de todos los medicamentos para uso humano requeridos en la prestación de los servicios que oferte; dichos registros cuentan con la siguiente información: 1.1. Principio activo: No cuenta con el registro de la información correctamente 1.2. Forma farmacéutica: No cuenta con el registro de la información correctamente 1.3. Concentración: No cuenta con el registro de la información correctamente 1.6. Presentación comerc...,Administrador,calidad,,Farmacia,13/Mar/2025,,Resolución 3100 de 2019:,PE,NO,,-
,,,,,,,,,,"4. Medicamentos, dispositivos médicos e insumos",,,,
1661,No Conformidad,Abierta,"2. Los dispositivos médicos de uso humano requeridos para la prestación de los servicios de salud cuentan con información documentada que dé cuenta de la verificación y seguimiento de la siguiente información: 2.3. Serie (cuando aplique): No cuenta con el registro de la información correctamente 2.4. Presentación comercial: No Cuenta con el registro de la información 2.7. Vida útil, cuando aplique: No cuenta con el registro de la información correctamente",Administrador,calidad,,Farmacia,13/Mar/2025,,Resolución 3100 de 2019:,PE,NO,,-
,,,,,,,,,,"4. Medicamentos, dispositivos médicos e insumos",,,,
1662,No Conformidad,Abierta,3. Los reactivos de diagnóstico in vitro requeridos para la prestación del servicios de salud cuentan con información documentada que dé cuenta de la verificación y seguimiento de la siguiente información: 3.1. Nombre. No cuenta con el registro de la información correctamente 3.2. Marca. No cuenta con el registro de la información correctamente 3.3. Presentación comercial. No cuenta con el registro de la información correctamente 3.4. Registro sanitario vigente o permiso de comercialización exp...,Administrador,calidad,,Farmacia,13/Mar/2025,,Resolución 3100 de 2019:,PE,NO,,-
,,,,,,,,,,"4. Medicamentos, dispositivos médicos e insumos",,,,
1663,No Conformidad,Abierta,"4. El prestador de servicios de salud de salud cuenta con información documentada de los procesos generales según aplique, para: 4.4. Recepción. Se evidencia documento cuyo código es MA-MI-FA-03 V02 el cual no se a implementado, se observa que durante la ronda que el proceso que se está llevando a cabo es completamente diferente. 4.6. Conservación. Se evidencia documento cuyo código es MA-MI-FA-03 V02 el cual no se a implementado, se observa que durante la ronda que el proceso que se está...",Administrador,calidad,,Farmacia,13/Mar/2025,,Resolución 3100 de 2019:,PE,NO,,-
,,,,,,,,,,"4. Medicamentos, dispositivos médicos e insumos",,,,
1664,No Conformidad,Abierta,"5. El prestador de servicios de salud que realice algún tipo de actividad con medicamentos de control especial para la prestación de servicios de salud cuenta con la resolución de autorización vigente, expedida por el Fondo Nacional de Estupefacientes o la entidad que haga sus veces: No cuenta con la resolución de autorización vigente, expedida por el Fondo Nacional de Estupefacientes,",Administrador,calidad,,Farmacia,13/Mar/2025,,Resolución 3100 de 2019:,PE,NO,,-
,,,,,,,,,,"4. Medicamentos, dispositivos médicos e insumos",,,,
1666,No Conformidad,Abierta,"7. El prestador de servicios de salud que cuente con reservas de medicamentos, homeopáticos, fitoterapéuticos, medicamentos biológicos, componentes anatómicos, dispositivos médicos (incluidos los sobre medida), reactivos de diagnóstico in vitro, y demás insumos asistenciales, debe garantizar que se almacenen en condiciones apropiadas de temperatura, humedad, ventilación, segregación y seguridad de acuerdo con las condiciones definidas por el fabricante o el banco del componente anatómico, según ...",Administrador,calidad,,Farmacia,13/Mar/2025,,Resolución 3100 de 2019:,PE,NO,,-
,,,,,,,,,,"4. Medicamentos, dispositivos médicos e insumos",,,,
1667,No Conformidad,Abierta,"8. Para la aplicación del protocolo de lavado de manos o higienización, los servicios de salud cuentan con los insumos de aseo, limpieza y secado que garanticen su cumplimiento: No cuentan con los insumos de aseo, limpieza y secado que garanticen su cumplimiento, en algunos de los baños de los servicios, se observa que falta la rotulación de los productos a utilizar:",Administrador,calidad,,Farmacia,13/Mar/2025,,Resolución 3100 de 2019:,PE,NO,,-
,,,,,,,,,,"4. Medicamentos, dispositivos médicos e insumos",,,,
1668,No Conformidad,Abierta,"9. La suficiencia de dispositivos médicos está relacionada con la frecuencia de uso de los mismos, incluyendo los tiempos del proceso de esterilización, cuando aplique: No cuenta con la suficiencia de dispositivos médicos donde se incluye los tiempos del proceso de esterilización",Administrador,calidad,,Farmacia,13/Mar/2025,,Resolución 3100 de 2019:,PE,NO,,-
,,,,,,,,,,"4. Medicamentos, dispositivos médicos e insumos",,,,
1669,No Conformidad,Abierta,"10. El prestador de servicios de salud cuenta con paquete para el manejo de derrames y rupturas de medicamentos, ubicado en un lugar de fácil acceso, visible y con adecuada señalización, disponible para su uso en los servicios y ambientes donde se requieran. El prestador de servicios de salud define su contenido de acuerdo con los medicamentos utilizados y lo sugerido por el fabricante en las fichas técnicas: No cuenta con paquete para el manejo de derrames y rupturas demedicamentos, ubicado en...",Administrador,calidad,,Farmacia,13/Mar/2025,,Resolución 3100 de 2019:,PE,NO,,-
,,,,,,,,,,"4. Medicamentos, dispositivos médicos e insumos",,,,
1670,No Conformidad,Abierta,"15. En los servicios de transporte asistencial, atención prehospitalaria y urgencias cuenta con kit de emergencias para la atención a víctimas de ataques con agentes químicos: No cuenta con kit de emergencias para la atención a víctimas de ataques con agentes químicos.",Administrador,calidad,,Farmacia,13/Mar/2025,,Resolución 3100 de 2019:,PE,NO,,-
,,,,,,,,,,"4. Medicamentos, dispositivos médicos e insumos",,,,
1671,No Conformidad,Abierta,"3. El prestador de servicios de salud cuenta con un comité o instancia que orienta y promueve la política de seguridad del paciente, el control de infecciones y la optimización del uso de antibióticos, cuando los prescriba o administre. En el caso de profesionales independientes de salud podrá ser el mismo prestador: La ESE presenta documento acta de reunión creación comité de seguridad del paciente del 15 de julio de 2024 donde establece que se reunirán de manera trimestral según cronograma el...",Administrador,calidad,,Misionales,13/Mar/2025,,Resolución 3100 de 2019:,PE,NO,,-
,,,,,,,,,,5. Procesos Prioritarios,,,,
1672,No Conformidad,Abierta,5. El prestador de servicios de salud promueve la cultura de seguridad del paciente que involucra a todo el personal de manera sistemática con un enfoque educativo no punitivo - mediante: 5.1. Capacitación del personal en el tema de seguridad del paciente y en los principales riesgos de la atención La ESE presenta plan de capacitaciones 2024 el cual se encuentra en construcción en lo planeado hasta la fecha no se cuenta con temas de seguridad del paciente. 6. El prestador de servicios de salu...,Administrador,calidad,,Misionales,13/Mar/2025,,Resolución 3100 de 2019:,PE,NO,,-
,,,,,,,,,,5. Procesos Prioritarios,,,,
1673,No Conformidad,Abierta,"12. El prestador de servicios de salud cuenta con la siguiente información documentada: 12.1. Detección, prevención y disminución del riesgo de accidentes e incidentes de carácter radiológico, en los servicios donde aplique. Cuenta con un documento denominado PROGRAMA DE VIGILANCA RADIOLÓGICA Versión 1 del 13 de dciembre del 2022, no se encuentra socializado ni con medición de adherencia. 12.2. Aseo, limpieza y desinfección de áreas y superficies. El prestador presenta el Manual de limpieza ...",Administrador,calidad,,Misionales,13/Mar/2025,,Resolución 3100 de 2019:,PE,NO,,-
,,,,,,,,,,5. Procesos Prioritarios,,,,
1674,No Conformidad,Abierta,"13. El prestador de servicios de salud que realice el proceso de esterilización cuenta con la siguiente información documentada: 13.1. Buenas prácticas de esterilización de acuerdo con los procedimientos y técnicas que se utilicen, que describa como mínimo los siguientes aspectos: 13.1.1. Recibo de productos contaminados y entrega de material estéril. Cuenta con un manual de buenas practicas de esterilización MA-ES-CA-02 Versión 01 fecha abril del 2023 aplicable a todas las unidades de atenci...",Administrador,calidad,,Misionales,13/Mar/2025,,Resolución 3100 de 2019:,PE,NO,,-
,,,,,,,,,,5. Procesos Prioritarios,,,,
1675,No Conformidad,Abierta,"15. Los prestadores de servicios de salud tienen definidos procedimientos que garanticen el cumplimiento del no reúso de dispositivos médicos cuando el fabricante así lo haya establecido. Al momento de la verificación se evidenica que cuenta documentada la politica de uso y no reúso de dispositivos medicos vigencia 2019 y con un Manual de uso y reúso de dispositivos médicos MA -ES- CA-01 versión 01 abril del 2023, en el cual se identifica que cuenta definido con un listado de dispositivos de re...",Administrador,calidad,,Misionales,13/Mar/2025,,Resolución 3100 de 2019:,PE,NO,,-
,,,,,,,,,,5. Procesos Prioritarios,,,,
1676,No Conformidad,Abierta,"16. Hasta tanto el Ministerio de Salud y Protección Social regule la materia, el prestador de servicios de salud podrá reusar dispositivos médicos, siempre y cuando el fabricante de dichos dispositivos autorice su reúso. En tal caso, el prestador de servicios de salud cuenta con información documentada que defina: 16.1. Los procedimientos, siguiendo las recomendaciones del fabricante, para el reprocesamiento y control de calidad que demuestren la eficacia, desempeño y esterilidad del producto. ...",Administrador,calidad,,Misionales,13/Mar/2025,,Resolución 3100 de 2019:,PE,NO,,-
,,,,,,,,,,5. Procesos Prioritarios,,,,
1677,No Conformidad,Abierta,"17. Para la referencia de pacientes, el prestador de servicios de salud cuenta con la siguiente información documentada: 17.1. Estabilización del paciente antes del traslado. Al momento de la verificación se verifica documento PR-MI-HU 52 VERSIÓN 1 Febrero del 2024. No se evidencia socialización de documento, no cuenta con medición de adherencia,no se evidencia dentro del plan de capacitación del año 2024 . 17.2. Medidas para el traslado. Al momento de la verificación se verifica documento...",Administrador,calidad,,Misionales,13/Mar/2025,,Resolución 3100 de 2019:,PE,NO,,-
,,,,,,,,,,5. Procesos Prioritarios,,,,
1678,No Conformidad,Abierta,"17.3. Lista de chequeo de los documentos necesarios para el traslado que incluya: 17.3.1. Diligenciamiento del formato de referencia de pacientes. No presentan documentación 17.3.2. Resultados de apoyos diagnósticos realizados al paciente. No presentan documentación 17.3.3. Resumen de historia clínica. No presentan documentación 17.3.4. Mecanismos tecnológicos que le permitan realizar el proceso (software, correo, entre otros). No presentan documentación 17.3.5. Talento humano que deb...",Administrador,calidad,,Misionales,13/Mar/2025,,Resolución 3100 de 2019:,PE,NO,,-
,,,,,,,,,,5. Procesos Prioritarios,,,,
1679,No Conformidad,Abierta,"20. La Institución Prestadora de Servicios de Salud que cuente con servicios de salud de los grupos de consulta externa, internación o el servicio de urgencias, cuenta con: 20.1. Documento del proceso institucional que orienta la atención en salud de las víctimas de violencias sexuales. Al momento de la verificación se evidencia documento de protocolo de atención a victimas de violencia sexual Código MI-PP-VS Versión 2. febrero del 2023. Se evidencia que solo esta contextualizado para el punto...",Administrador,calidad,,Misionales,13/Mar/2025,,Resolución 3100 de 2019:,PE,NO,,-
,,,,,,,,,,5. Procesos Prioritarios,,,,
1680,No Conformidad,Abierta,"24. Las Instituciones Prestadoras de Servicios de Salud con servicios de hospitalización, hospitalización de paciente crónico con y sin ventilador, cuidado intensivo neonatal, pedidtrico y adulto, urgencias y del grupo quirúrgico, en la modalidad intramural, cuentan con la siguiente Información documentada: 24.1. Manejo de la enfermedad cerebro vascular. Al momento de la verificación se evidencia documento denominado PROTOCOLO ACCIDENTE CEREBROVASCULAR (ACV), versión O fecha 2022, se evidencia...",Administrador,calidad,,Misionales,13/Mar/2025,,Resolución 3100 de 2019:,PE,NO,,-
,,,,,,,,,,5. Procesos Prioritarios,,,,
1681,No Conformidad,Abierta,"27. Cuando el prestador de servicios de salud realice “pruebas en el punto de atención del paciente - (Point of Care Testing - POCT)” en un servicio habilitado cuenta con: 27.1. Información documentada sobre la toma, procesamiento, , control de calidad y entrega de resultados En el momento de la verificación no se evidencia documentado 27.2. Controles de calidad realizados por un servicio de laboratorio clínico que puede ser propio o contratado para tal fin, cuando aplique, de acuerdo a las...",Administrador,calidad,,Misionales,13/Mar/2025,,Resolución 3100 de 2019:,PE,NO,,-
,,,,,,,,,,5. Procesos Prioritarios,,,,
1682,No Conformidad,Abierta,"Adicional a los criterios enunciados que le aplique, para las siguientes modalidades el prestador de servicios de salud cuenta con la siguiente información documentada: MODALIDAD EXTRAMURAL JORNADAS EN SALUD Y UNIDAD MOVIL: 28. Orientación a los usuarios sobre las condiciones, requisitos y restricciones de acceso, permanencia y salida del vehículo, en condiciones de rutina o en condiciones de emergencia, a cargo del conductor del vehículo y el talento humano en salud. En el momento de la veri...",Administrador,calidad,,Misionales,13/Mar/2025,,Resolución 3100 de 2019:,PE,NO,,-
,,,,,,,,,,5. Procesos Prioritarios,,,,
1683,No Conformidad,Abierta,"ESTANDAR DE INTERDEPENDENCIA SERVICIO 129-HOSPITALIZACION ADULTOS: ESTANDAR DE TALENTO HUMANO 1. Cumple con los criterios que le sean aplicables de todos los servicios y adicionalmente, disponibilidad de: Ver Estándar transversal Talento Humano",Administrador,calidad,,Misionales,13/Mar/2025,,Resolución 3100 de 2019:,PE,NO,,-
,,,,,,,,,,1. Talento Humano,,,,
1684,No Conformidad,Abierta,"ESTANDAR DE INTERDEPENDENCIA SERVICIO 129-HOSPITALIZACION ADULTOS: ESTANDAR INFRAESTRUCTURA 20. Cumple con los criterios que le sean aplicables de todos los servicios y adicionalmente cuenta con: No cumple con los criterios que le sean aplicables de todos los servicios. 20.4.3. La habitación múltiple para pacientes adultos debe teng er una capacidad máxima de 4 camas, con área libre mínima de 7 m2 por cama, separadas con barrera física flja o movil. Cuenta con habitaciones para dos camas, p...",Administrador,calidad,,Gestión de Recursos,13/Mar/2025,,Resolución 3100 de 2019:,PE,NO,,-
,,,,,,,,,,2. Infraestructura,,,,
1685,No Conformidad,Abierta,"ESTANDAR DE INTERDEPENDENCIA SERVICIO 129-HOSPITALIZACION ADULTOS: ESTANDAR DE DOTACIÓN Modalidades intramural, extramural unidad móvil, jornada de salud, telemedicina - prestador remisor. 25. Cumple con los criterios que le sean aplicables de todos los servicios y adicionalmente cuenta con: Revisar estándar transversal.",Administrador,calidad,,Misionales,13/Mar/2025,,Resolución 3100 de 2019:,PE,NO,,-
,,,,,,,,,,3. Dotación,,,,
1686,No Conformidad,Abierta,"ESTANDAR DE INTERDEPENDENCIA SERVICIO 129-HOSPITALIZACION ADULTOS: ESTANDAR de Medicamentos, Dispositivos Médicos e Insumos 35. Cumple con los criterios que le sean aplicables de todos los servicios y adicionalmente, cuenta con: No cumple con los criterios que le sean aplicables de todos los servicios",Administrador,calidad,,Misionales,13/Mar/2025,,Resolución 3100 de 2019:,PE,NO,,-
,,,,,,,,,,"4. Medicamentos, dispositivos médicos e insumos",,,,
1687,No Conformidad,Abierta,"ESTANDAR DE INTERDEPENDENCIA SERVICIO 129-HOSPITALIZACION ADULTOS: ESTANDAR - PROCESOS PRIORITARIOS 42. Cumple con los criterios que le sean aplicables de todos los servicios y adicionalmente cuenta con la siguiente información documentada: Se verificó en el estándar transversal 42.1. Criterios de ingreso y egreso al servicio. Prestador no presenta documentación 42.2. Manejo de las principales causas de hospitalización, según oferta. Se verifica las causas principales de atención mediant...",Administrador,calidad,,Misionales,13/Mar/2025,,Resolución 3100 de 2019:,PE,NO,,-
,,,,,,,,,,5. Procesos Prioritarios,,,,
1688,No Conformidad,Abierta,"ESTANDAR DE INTERDEPENDENCIA SERVICIO 129-HOSPITALIZACION ADULTOS: ESTANDAR de Historia Clínica y Registros: 48. Cumple con los criterios que le sean aplicables de todos los servicios ver transversal de historia clinica, cuenta con historia clinica digital",Administrador,calidad,,Misionales,13/Mar/2025,,Resolución 3100 de 2019:,PE,NO,,-
,,,,,,,,,,6. Historia clínica y registros,,,,
1689,No Conformidad,Abierta,"SERVICIO 130-HOSPITALIZACIÓN PEDIÁTRICA ESTANDAR- TALENTO HUMANO 1. Cumple con los criterios que le sean aplicables de todos los Humano servicios y adicionalmente, disponibilidad de: Ver Estándar transversal Talento",Administrador,calidad,,Misionales,13/Mar/2025,,Resolución 3100 de 2019:,PE,NO,,-
,,,,,,,,,,1. Talento Humano,,,,
1690,No Conformidad,Abierta,"SERVICIO 130-HOSPITALIZACIÓN PEDIÁTRICA ESTANDAR- MEDICAMENTOS E INSUMOS 35. Cumple con los criterios que le sean aplicables de todos los servicios y adicionalmente, cuenta con: No cumple con los criterios que le sean aplicables de todos los servicios",Administrador,calidad,,Misionales,13/Mar/2025,,Resolución 3100 de 2019:,PE,NO,,-
,,,,,,,,,,"4. Medicamentos, dispositivos médicos e insumos",,,,
1691,No Conformidad,Abierta,"ESTANDAR DE INTERDEPENDENCIA SERVICIO 130-HOSPITALIZACIÓN PEDIÁTRICA ESTANDAR- PROCESOS PRIORITARIOS 42. Cumple con los criterios que le sean aplicables de todos los servicios y adicionalmente cuenta con la siguiente información documentada: Se verificó en el estándar transversal 42.1. Criterios de ingreso y egreso al servicio. Prestador no presenta documentación 42.2. Manejo de las principales causas de hospitalización, según oferta. Se verifica las causas principales de atención mediant...",Administrador,calidad,,Misionales,13/Mar/2025,,Resolución 3100 de 2019:,PE,NO,,-
,,,,,,,,,,5. Procesos Prioritarios,,,,
1692,No Conformidad,Abierta,"SERVICIO 130-HOSPITALIZACIÓN PEDIÁTRICA ESTANDAR- HISTORIA CLÍNICA Y REGISTROS 48. Cumple con los criterios que le sean aplicables de todos los servicios ver transversal de historia clinica, cuenta con historia clinica digital",Administrador,calidad,,Misionales,13/Mar/2025,,Resolución 3100 de 2019:,PE,NO,,-
,,,,,,,,,,6. Historia clínica y registros,,,,
1693,No Conformidad,Abierta,"SERVICIO-312 ENFERMERIA Estándar de Dotación: 19.6. Martillo de reflejos. Cuenta con martillo de reflejos. 24.4. Oximetro. No cuenta con el equipo de este item. 24.5. Glucómetro. No cuenta con el equipo de este item. 24.6. Martillo de reflejos. No cuenta con el equipo de este item. 24.7. Termómetro, cuanto lo requiera. No cuenta con el equipo de este item. 24.8. Cinta métrica. No cuenta con el equipo de este item. 24.9. Báscula grado médico o pesa bebé, según la oferta del...",Administrador,calidad,,Misionales,13/Mar/2025,,Resolución 3100 de 2019:,PE,NO,,-
,,,,,,,,,,3. Dotación,,,,
1694,No Conformidad,Abierta,"SERVICIO-312 ENFERMERIA Estándar de de Medicamentos, Dispositivos e insumos Médicos 32. Cumple con los criterios que le sean aplicables de todos los servicios Cumple con los criterios que le sean aplicables de todos los servicios.",Administrador,calidad,,Misionales,13/Mar/2025,,Resolución 3100 de 2019:,PE,NO,,-
,,,,,,,,,,"4. Medicamentos, dispositivos médicos e insumos",,,,
1695,No Conformidad,Abierta,"SERVICIO-312 ENFERMERIA Estándar de Procesos Prioritarios: 35.1. Procedimientos que se pueden realizar, incluyendo aquellos que requieran anestesia local y no impliquen anestesia regional ni general. Presenta el listado de procedimiento que se ejecutan dentro de la parte asistencial por parte de los profesionales de enfermería para los servicios intramurales, para la prestación extramural no cuenta con documentado. 35.2.1. Preparación. Los documentos presentados por el prestador no cuen...",Administrador,calidad,,Misionales,13/Mar/2025,,Resolución 3100 de 2019:,PE,NO,,-
,,,,,,,,,,5. Procesos Prioritarios,,,,
1696,No Conformidad,Abierta,"SERVICIO-312 ENFERMERIA ESTANDAR DE HISTORÍA CLÍNICA Y REGISTROS: 41. Cumple con los criterios que le sean aplicables de todos los servicios: Ver transversal de historia clinica, cuenta con historia clínica digital",Administrador,calidad,,Misionales,13/Mar/2025,,Resolución 3100 de 2019:,PE,NO,,-
,,,,,,,,,,6. Historia clínica y registros,,,,
1697,No Conformidad,Abierta,"SERVICIO 328-MEDICINA GENERAL : Estándar de Dotación 24. Para la consulta externa de medicina general, cuenta con: 24.1. Fonendoscopio para adulto o pediátrico según la oferta del servicio. 24.2. Tensiómetro para adulto o pediátrico según la oferta del servicio. 24.3. Equipo de órganos de los sentidos. 24.4. Oximetro. 24.5. Glucómetro. 24.6. Martillo de reflejos. 24.7. Termómetro, cuanto lo requiera. 24.8. Cinta métrica. 24.9. Báscula grado médico o pesa bebé, según la oferta d...",Administrador,calidad,,Misionales,13/Mar/2025,,Resolución 3100 de 2019:,PE,NO,,-
,,,,,,,,,,3. Dotación,,,,
1698,No Conformidad,Abierta,"SERVICIO 328-MEDICINA GENERAL :Estándar de Medicamentos, Dispositivos médicos e insumos. 32. Cumple con los criterios que le sean aplicables de todos los servicios. No Cumple con los criterios que le sean aplicables de todos los servicios.",Administrador,calidad,,Misionales,13/Mar/2025,,Resolución 3100 de 2019:,PE,NO,,-
,,,,,,,,,,"4. Medicamentos, dispositivos médicos e insumos",,,,
1699,No Conformidad,Abierta,"SERVICIO 328-MEDICINA GENERAL : Estándar de Procesos Prioritarios. 35. Cumple con los criterios que le sean aplicables de todos los servicios y adicionalmente cuando se realicen procedimientos. cuenta con la siguiente información documentada: 35.1. Procedimientos que se pueden realizar, incluyendo aquellos que requieran anestesia local y no impliquen anestesia regional ni general. Presenta el listado de procedimiento que se ejecutan dentro de la parte asistencial por parte de los profesional...",Administrador,calidad,,Misionales,13/Mar/2025,,Resolución 3100 de 2019:,PE,NO,,-
,,,,,,,,,,5. Procesos Prioritarios,,,,
1700,No Conformidad,Abierta,"Estandar de Historia clínica y registros MODALIDADES INTRAMURAL, EXTRAMURAL UNIDAD MÓVIL, JORNADA DE SALUD Y DOMICILIARIA 41. Cumple con los criterios que le sean aplicables de todos los servicios. ver transversal de historia clinica, cuenta con historia clinica digital.",Administrador,calidad,,Misionales,13/Mar/2025,,Resolución 3100 de 2019:,PE,NO,,-
,,,,,,,,,,6. Historia clínica y registros,,,,
1701,No Conformidad,Abierta,"SERVICIO 334-ODONTOLOGÍA GENERAL Estándar de Dotación: 23.6. Instrumental básico definido por el prestador deacuerdo con la oferta del servicio (adultos o pediatria),la capacidad instalada, los procedimientos documentados en el estándar de procesos prioritarios y la técnica de esterilización numero de ciclos de esterilización al dia. En el estándar de procesos prioritarios no se evidencia documentado el instrumental deacuerdo a lo verificado, tampoco se evidencia la técnica de esterilización...",Administrador,calidad,,Misionales,13/Mar/2025,,Resolución 3100 de 2019:,PE,NO,,-
,,,,,,,,,,3. Dotación,,,,
1702,No Conformidad,Abierta,"SERVICIO 334-ODONTOLOGÍA GENERAL Estándar de Medicamentos, Dispositivos Medicos e insumos 32. Cumple con los criterios que le sean aplicables de todos los servicios. No Cumple con los criterios que le sean aplicables de todos los servicios.",Administrador,calidad,,Misionales,13/Mar/2025,,Resolución 3100 de 2019:,PE,NO,,-
,,,,,,,,,,"4. Medicamentos, dispositivos médicos e insumos",,,,
1703,No Conformidad,Abierta,"SERVICIO 334-ODONTOLOGÍA GENERAL Estándar de Procesos Prioritarios 35.1. Procedimientos que se pueden realizar, incluyendo aquellos que requieran anestesia local y no impliquen anestesia regional ni general. El prestador no cuenta con documento donde se evidencia los requisitos para manejo deanestesia local, cuenta con anotaciones en los protocolos de procedimientos donde définieel manejo de la anestesia pero no describe las cantidades y riesgos posibles para el manejo y uso de los anestesico...",Administrador,calidad,,Misionales,13/Mar/2025,,Resolución 3100 de 2019:,PE,NO,,-
,,,,,,,,,,5. Procesos Prioritarios,,,,
1704,No Conformidad,Abierta,"SERVICIO 334-ODONTOLOGÍA GENERAL Estandar de Hist oria Clínica y registros. MODALIDADES INTRAMURAL, EXTRAMURAL UNIDAD MÓVIL, JORNADA DE SALUD Y DOMICILIARIA 41. Cumple con los criterios que le sean aplicables de todos los servicios. El prestador no cuenta con registros de consentimientos firmados por el paciente ni por el profesional, se evidencia espacios vacíos, en los registros de la historia clínica.",Administrador,calidad,,Misionales,13/Mar/2025,,Resolución 3100 de 2019:,PE,NO,,-
,,,,,,,,,,6. Historia clínica y registros,,,,
1705,No Conformidad,Abierta,"SERVICIO 420-VACUNACIÓN Estándar de Talento Humano 1. Cumple con los criterios que le sean aplicables de todos los servicios y adicionalmente, cuenta con: 1.1. Profesional de la medicina o profesional de la enfermería. Se debe asignar un profesional de la Enfermería o de la medicina para la supervisión del personal auxiliar",Administrador,calidad,,Misionales,13/Mar/2025,,Resolución 3100 de 2019:,PE,NO,,-
,,,,,,,,,,1. Talento Humano,,,,
1706,No Conformidad,Abierta,"SERVICIO 420-VACUNACIÓN Estándar de Medicamentos, Dispositivos Médicos e Insumos: 8. Cumple con los criterios que le sean aplicables de todos los servicios y adicionalmente cuenta con: Si se presenta interrupción de la cadena de frio, el prestador de servicios de salud realiza notificación segun el procedimiento establecido por el Invima. No cumplen con los criterios que sean aplicables de todos los servicio, cuenta con protocolo de notificación si se presenta interrupción de la cadena de frí...",Administrador,calidad,,Misionales,13/Mar/2025,,Resolución 3100 de 2019:,PE,NO,,-
,,,,,,,,,,"4. Medicamentos, dispositivos médicos e insumos",,,,
1707,No Conformidad,Abierta,"SERVICIO 420-VACUNACIÓN Estándar de Procesos Prioritarios: 10. Cumple con los criterios que le sean aplicables de todos los servicios, la modalidad intramural y adicionalmente cuenta con: Si el prestador de servicios de salud administra la vacuna en un ambiente diferente al consultorio de vacunación cuenta con información documentada para el alistamiento de los biológicos para uso diario, así como la conservación de la cadena de frio. El prestador presenta documento denominado SALIDA EXTRAMURA...",Administrador,calidad,,Misionales,13/Mar/2025,,Resolución 3100 de 2019:,PE,NO,,-
,,,,,,,,,,5. Procesos Prioritarios,,,,
1708,No Conformidad,Abierta,"SERVICIO 344-PSICOLOGÍA: Estándar de Medicamentos, Dispositivos Médicos e Insumos: 32. Cumple con los criterios que le sean aplicables de todos los servicios. No Cumple con los criterios que le sean aplicables de todos los servicios.",Administrador,calidad,,Misionales,13/Mar/2025,,Resolución 3100 de 2019:,PE,NO,,-
,,,,,,,,,,"4. Medicamentos, dispositivos médicos e insumos",,,,
1709,No Conformidad,Abierta,"SERVICIO 706-LABORATORIO CLÍNICO: Estándar de Talento Humano: Modalidades intramural, extramural unidad móvil, jornada de salud y telemedicina - prestador remisor. 1. Cumple con los criterios que le sean aplicables de todos los servicios y adicionalmente, cuenta con: Ver Estándar transversal Talento Humano",Administrador,calidad,,Misionales,13/Mar/2025,,Resolución 3100 de 2019:,PE,NO,,-
,,,,,,,,,,1. Talento Humano,,,,
1710,No Conformidad,Abierta,SERVICIO 706-LABORATORIO CLÍNICO: Estándar de Infraestructura: 7. Cumple con los criterios que le sean aplicables de todos los servicios No cumple con todos los criterios aplicable a los servicios.,Administrador,calidad,,Misionales,13/Mar/2025,,Resolución 3100 de 2019:,PE,NO,,-
,,,,,,,,,,2. Infraestructura,,,,
1711,No Conformidad,Abierta,"SERVICIO 706-LABORATORIO CLÍNICO: Estándar de Dotación: Modalidades intramural, extramural unidad móvil, jornada de salud, telemedicina - prestador remisor. 12. Cumple con los criterios que le sean aplicables de todos los servicios y adicionalmente, cuenta con: Revisar estándar transversal.",Administrador,calidad,,Gestión de Recursos,13/Mar/2025,,Resolución 3100 de 2019:,PE,NO,,-
,,,,,,,,,,3. Dotación,,,,
1712,No Conformidad,Abierta,"SERVICIO 706-LABORATORIO CLÍNICO Estándar de Medicamentos, Dispositivos Médicos e Insumos: Modalidades intramural, extramural unidad móvil, jornada de salud, telemedicina - prestador remisor. 14. Cumple con los criterios que le sean aplicables de todos los servicios y adicionalmente cuenta con: Medicamentos, dispositivos médicos e insumos requeridos para el procesamiento de las muestras, de acuerdo con las pruebas que realice. No Cumple con los criterios que le sean aplicables de todos los se...",Administrador,calidad,,Gestión de Recursos,13/Mar/2025,,Resolución 3100 de 2019:,PE,NO,,-
,,,,,,,,,,"4. Medicamentos, dispositivos médicos e insumos",,,,
1713,No Conformidad,Abierta,"SERVICIO 706-LABORATORIO CLÍNICO Estándar de Procesos Prioritarios: 16. Cumple con los criterios que le sean aplicables de todos los servicios y adicionalmente cuenta con la siguiente información documentada: No cumple con los criterios que le son aplicables de todos los servicios 16.1. Programa de control de calidad interno y externo, que contemple las pruebas realizadas. El prestador para la vigencia 2024 no ha participado en el control externo de calidad, presenta soporte de contratación ...",Administrador,calidad,,Gestión de Calidad,13/Mar/2025,,Resolución 3100 de 2019:,PE,NO,,-
,,,,,,,,,,5. Procesos Prioritarios,,,,
1714,No Conformidad,Abierta,"SERVICIO 706-LABORATORIO CLÍNICO Estándar de Historia Clínica y Registros: 18. Cumple con los criterios que le sean aplicables de todos los servicios y adicionalmente cuenta con: No cumple con los criterios que le son aplicables a todos los servicios. 18.1. Registro de pacientes, exámenes solicitados y pruebas realizadas. El prestador cuenta con formato de registro recepción de muestras por servicio PM-FR-03- 06, registro no implementado en la sede. 18.3. Registro de validación secundaria o...",Administrador,calidad,,Misionales,13/Mar/2025,,Resolución 3100 de 2019:,PE,NO,,-
,,,,,,,,,,6. Historia clínica y registros,,,,
1715,No Conformidad,Abierta,SERVICIO 712-TOMA DE MUESTRAS DE LABORATORIO CLINICO: Estándar de Talento Humano: 1. Cumple con los criterios que le sean aplicables de todos los servicios y adicionalmente cuenta con: Ver Estándar transversal Talento Humano.,Administrador,calidad,,Misionales,13/Mar/2025,,Resolución 3100 de 2019:,PE,NO,,-
,,,,,,,,,,1. Talento Humano,,,,
1716,No Conformidad,Abierta,"SERVICIO 712-TOMA DE MUESTRAS DE LABORATORIO CLINICO:Estándar de Infraestructura: Modalidad intramural 3. Cumple con los criterios que le sean aplicables de todos los servicios y adicionalmente, No cumple con todos los criterios aplicable a los servicios.",Administrador,calidad,,Misionales,13/Mar/2025,,Resolución 3100 de 2019:,PE,NO,,-
,,,,,,,,,,2. Infraestructura,,,,
1717,No Conformidad,Abierta,"SERVICIO 712-TOMA DE MUESTRAS DE LABORATORIO CLINICO:Estándar de Dotación: Modalidades intramural, extramural unidad móvil, jornada de salud y domiciliaria 7. Cumple con los criterios que le sean aplicables de todos los servicios y adicionalmente cuenta con: Revisar estándar transversal. Equipos biomédicos necesarios, según las muestras que se tomen, de acuerdo con lo documentado en el estándar de procesos prioritarios. No cuenta con la documentación donde se describan los equipos necesario...",Administrador,calidad,,Gestión de Recursos,13/Mar/2025,,Resolución 3100 de 2019:,PE,NO,,-
,,,,,,,,,,3. Dotación,,,,
1718,No Conformidad,Abierta,"SERVICIO 712-TOMA DE MUESTRAS DE LABORATORIO CLINICO: Estandar de Medicamentos, Dispositivos Médicos e insumos: 8. Cumple con los criterios que le sean aplicables de todos los servicios y adicionalmente cuenta con: No cumple con los criterios que le sean aplicables de todos los servicios",Administrador,calidad,,Misionales,13/Mar/2025,,Resolución 3100 de 2019:,PE,NO,,-
,,,,,,,,,,"4. Medicamentos, dispositivos médicos e insumos",,,,
1719,No Conformidad,Abierta,"SERVICIO 712-TOMA DE MUESTRAS DE LABORATORIO CLINICO Estándar de Procesos Prioritarios: 9. Cumple con los criterios que le sean aplicables de todos los servicios y adicionalmente, cuenta con la siguiente información documentada: No cumple con los criterios que le son aplicables a todos los servicios 9.3. Supervisión de la toma de muestras cuando sea realizada por los auxiliares. El prestador no presenta la información solicitada, se indica que en los servicios de urgencias y hospitalización ...",Administrador,calidad,,Misionales,13/Mar/2025,,Resolución 3100 de 2019:,PE,NO,,-
,,,,,,,,,,5. Procesos Prioritarios,,,,
1720,No Conformidad,Abierta,SERVICIO 712-TOMA DE MUESTRAS DE LABORATORIO CLINICO Estándar de Historia Clínica y Registros 10. Cumple con los criterios que le sean aplicables de todos los servicios y adicionalmente cuenta con: No cumple con los criterios que le son aplicables a todos los servicios,Administrador,calidad,,Misionales,13/Mar/2025,,Resolución 3100 de 2019:,PE,NO,,-
,,,,,,,,,,6. Historia clínica y registros,,,,
1721,No Conformidad,Abierta,"SERVICIO 714-SERVICIO FARMACEUTICO: Estándar de Infraestructura: 4, Cumple con los criterios que le sean aplicables de todos los servicios. No cumple con los criterios que le sean aplicables de todos los servicios.",Administrador,calidad,,Gestión de Recursos,13/Mar/2025,,Resolución 3100 de 2019:,PE,NO,,-
,,,,,,,,,,2. Infraestructura,,,,
1722,No Conformidad,Abierta,"SERVICIO 714-SERVICIO FARMACEUTICO:Estándar de Medicamentos, Dispositivos Médicos e Insumos: 11. Cumple con los criterios que le sean aplicables de todos los servicios. No cumple con los criterios que le sean aplicables de todos los servicios.",Administrador,calidad,,Gestión de Recursos,13/Mar/2025,,Resolución 3100 de 2019:,PE,NO,,-
,,,,,,,,,,"4. Medicamentos, dispositivos médicos e insumos",,,,
1723,No Conformidad,Abierta,"SERVICIO 714-SERVICIO FARMACEUTICO:Estándar de Procesos Prioritarios: 15. Cumple con los criterios que le sean aplicables de todos los servicios y adicionalmente cuenta con la siguiente información documentada: Verificar transversal 15.1. Procesos generales que realice, elaborado por el responsable del servicio. No cuenta con los procesos acorde a los servicios prestados.",Administrador,calidad,,Misionales,13/Mar/2025,,Resolución 3100 de 2019:,PE,NO,,-
,,,,,,,,,,5. Procesos Prioritarios,,,,
1724,No Conformidad,Abierta,SERVICIO 714-SERVICIO FARMACEUTICO:Estándar de Historias Clínicas y Registros: 19. Cumple con los criterios que le sean aplicables de todos los servicios. No cumple con los criterios que le son aplicables a todos los servicios.,Administrador,calidad,,Misionales,13/Mar/2025,,Resolución 3100 de 2019:,PE,NO,,-
,,,,,,,,,,6. Historia clínica y registros,,,,
1725,No Conformidad,Abierta,"SERVICIO 739-FISIOTERAPIA: Estándar de Dotación: 21. El consultorio donde se realicen procedimientos cuenta con la dotación mínima definida para el consultorio donde se realice examen físico y adicionalmente cuenta con la dotación necesaria para realizar los procedimientos documentados en el estándar de procesos prioritarios. Cuenta con protocolos para la atención, pero se evidencia que la dotación no están en concordancia según lo estipulado en el estándar de procesos prioritarios.",Administrador,calidad,,Gestión de Recursos,13/Mar/2025,,Resolución 3100 de 2019:,PE,NO,,-
,,,,,,,,,,3. Dotación,,,,
1726,No Conformidad,Abierta,"SERVICIO 739-FISIOTERAPIA:Estándar de Medicamentos, dispositivos Médicos e Insumos: 32. Cumple con los criterios que le sean aplicables de todos los servicios. cumple con los criterios que le sean aplicables de todos los servicios.",Administrador,calidad,,Gestión de Recursos,13/Mar/2025,,Resolución 3100 de 2019:,PE,NO,,-
,,,,,,,,,,"4. Medicamentos, dispositivos médicos e insumos",,,,
1727,No Conformidad,Abierta,SERVICIO 739-FISIOTERAPIA: Estándar de Historia clínica y registros: 41. Cumple con los criterios que le sean aplicables de todos los servicios. El criterio no aplica para el servicio ofertado por el prestador.,Administrador,calidad,,Misionales,13/Mar/2025,,Resolución 3100 de 2019:,PE,NO,,-
,,,,,,,,,,6. Historia clínica y registros,,,,
1728,No Conformidad,Abierta,"SERVICIO 744-IMÁGENES DIAGNOSTICAS- IONIZANTES: Estándar de Talento Humano: 1. Cumple con los criterios que le sean aplicables de todos los servicios y adicionalmente, Ver Estándar transversal Talento Humano",Administrador,calidad,,Gestión de Talento Humano,13/Mar/2025,,Resolución 3100 de 2019:,PE,NO,,-
,,,,,,,,,,1. Talento Humano,,,,
1729,No Conformidad,Abierta,SERVICIO 744-IMÁGENES DIAGNOSTICAS- IONIZANTES: Estandár de Infraestructura: 8. Cumple con los criterios que le sean aplicables de todos los servicios Cuenta con: No cumple con todos los criterios aplicable a los servicios.,Administrador,calidad,,Gestión de Recursos,13/Mar/2025,,Resolución 3100 de 2019:,PE,NO,,-
,,,,,,,,,,2. Infraestructura,,,,
1730,No Conformidad,Abierta,"SERVICIO 744-IMÁGENES DIAGNOSTICAS- IONIZANTES:Estándar de Dotación: 18. Cumple con los criterios que le sean aplicables de todos los servicios y adicionalmente, Revisar estándar transversal. 19.2. Pantalla o monitor grado médico para imágenes radiológicas. Cuenta con pantalla grado médico",Administrador,calidad,,Gestión de Recursos,13/Mar/2025,,Resolución 3100 de 2019:,PE,NO,,-
,,,,,,,,,,3. Dotación,,,,
1731,No Conformidad,Abierta,"SERVICIO 744-IMÁGENES DIAGNOSTICAS- IONIZANTES:Estándar de Procesos Prioritarios: 28. Cumple con los criterios que le sean aplicables de todos los servicios y adicionalmente, cuenta con la siguiente información documentada: El prestador no cumple con los criterios que sean aplicables a todos los servicios.",Administrador,calidad,,Misionales,13/Mar/2025,,Resolución 3100 de 2019:,PE,NO,,-
,,,,,,,,,,5. Procesos Prioritarios,,,,
1732,No Conformidad,Abierta,"SERVICIO 744-IMÁGENES DIAGNOSTICAS- IONIZANTES:Estandar de Historia Clínica y Registros 33. Cumple con los criterios que le sean aplicables de todos los servicios y adicionalmente, cuenta con los siguientes registros: El prestador no cumple con los criterios que le sean aplicables de todos los servicios .",Administrador,calidad,,Misionales,13/Mar/2025,,Resolución 3100 de 2019:,PE,NO,,-
,,,,,,,,,,6. Historia clínica y registros,,,,
1733,No Conformidad,Abierta,"SERVICIO 748-RADIOLOGIA ODONTOLOGICA: ESTANDAR DE TALENTO HUMANO: 1.Cumple con los criterios que le sean aplicables de todos los servicios y adicionalmente, cuenta con: profesional de odontología e imágenes diagnósticas, o técnico profesional o auxiliar de odontología o auxiliar en salud oral o auxiliar de higiene oral. Ver Estándar transversal Talento Humano. Cuenta con Profesionales de odontología, con Curso Protección Radiológica",Administrador,calidad,,Gestión de Talento Humano,13/Mar/2025,,Resolución 3100 de 2019:,PE,NO,,-
,,,,,,,,,,1. Talento Humano,,,,
1734,No Conformidad,Abierta,SERVICIO 748-RADIOLOGIA ODONTOLOGICA:Estándar de infraestructura: 5. Cumple con los criterios que le sean aplicables de todos los servicios y adicionalmente cuenta con profesional de la salud que atiende a distancia. No cumple con todos los criterios aplicable a los servicios. 6.Cumple con los criterios que le sean aplicables de todos los servicios y adicionalmente cuenta con: No cumple con todos los criterios aplicable a los servicios,Administrador,calidad,,Gestión de Recursos,13/Mar/2025,,Resolución 3100 de 2019:,PE,NO,,-
,,,,,,,,,,2. Infraestructura,,,,
1735,No Conformidad,Abierta,"SERVICIO 748-RADIOLOGIA ODONTOLOGICA Estándar de Dotación: 10. Cumple con los criterios que le sean aplicables de todos los servicios y adicionalmente, cuenta con: Revisar estándar transversal.:",Administrador,calidad,,Gestión de Recursos,13/Mar/2025,,Resolución 3100 de 2019:,PE,NO,,-
,,,,,,,,,,3. Dotación,,,,
1736,No Conformidad,Abierta,"SERVICIO 748-RADIOLOGIA ODONTOLOGICA estandar de Medicamentos, DispositivosMédirns e insumos 14. Cumple con los criterios que le sean aplicables de todos los servicios. No cumple con los criterios que le sean aplicables de todos los servicios.",Administrador,calidad,,Gestión de Recursos,13/Mar/2025,,Resolución 3100 de 2019:,PE,NO,,-
,,,,,,,,,,"4. Medicamentos, dispositivos médicos e insumos",,,,
1737,No Conformidad,Abierta,SERVICIO 748-RADIOLOGIA ODONTOLOGICA estandar de procesos Prioritarios: 15. Cumple con los criterios que le sean aplicables de todos los servicios y adicionalmente cuenta con la siguiente información documentada: El prestador no cumple con los criterios que le sean aplicables de todos los servicios 15.3. verificación de la adherencia a los procedimientos realizados en la instalación y cualquier otra consideración sobre la protección radiológica de la instalación No cuenta con la información ...,Administrador,calidad,,Misionales,13/Mar/2025,,Resolución 3100 de 2019:,PE,NO,,-
,,,,,,,,,,5. Procesos Prioritarios,,,,
1738,No Conformidad,Abierta,"SERVICIO 748-RADIOLOGIA ODONTOLOGICA estandar de historías clínicas 18. Cumple con los criterios que le sean aplicables de todos los servicios y adicionalmente, cuenta con los siguientes registros: El criterio no cumple con los criterios que sean aplicables a todos los servicios. 18.1. Número de exposiciones, e imágenes tomadas que incluya el nombre del paciente, y nombre del estudio realizado. En visita no se evidencia registros de número de exposiciones de radiografías, no se evidencia reg...",Administrador,calidad,,Misionales,13/Mar/2025,,Resolución 3100 de 2019:,PE,NO,,-
,,,,,,,,,,2. Infraestructura,,,,
1739,No Conformidad,Abierta,SERVICIO 749-TOMA DE MUESTRAS DE CUELLO UTERINO Y GINECOLOGICAS: Estándar de Talento Humano: 1. Cumple con los criterios que le sean aplicables de todos los servicios y adicionalmente cuenta con: Ver Estándar transversal Talento Humano,Administrador,calidad,,Gestión de Talento Humano,13/Mar/2025,,Resolución 3100 de 2019:,PE,NO,,-
,,,,,,,,,,1. Talento Humano,,,,
1740,No Conformidad,Abierta,SERVICIO 749-TOMA DE MUESTRAS DE CUELLO UTERINO Y GINECOLOGICAS: Estándar de Infraestructura: 3. Cumple con los criterios que le sean aplicables de todos los servicios y adicionalmente cuenta con: No cumple con todos los criterios aplicable a los servicios.,Administrador,calidad,,Gestión de Recursos,13/Mar/2025,,Resolución 3100 de 2019:,PE,NO,,-
,,,,,,,,,,2. Infraestructura,,,,
1741,No Conformidad,Abierta,SERVICIO 749-TOMA DE MUESTRAS DE CUELLO UTERINO Y GINECOLOGICAS: Estándar de Dotación: 6. Cumple con los criterios que le sean aplicables de todos los servicios y adicionalmente cuenta con: Revisar estándar transversal.,Administrador,calidad,,Gestión de Recursos,13/Mar/2025,,Resolución 3100 de 2019:,PE,NO,,-
,,,,,,,,,,3. Dotación,,,,
1742,No Conformidad,Abierta,"SERVICIO 749-TOMA DE MUESTRAS DE CUELLO UTERINO Y GINECOLOGICAS: Estándar de Medicamentos, Dispositivos Médicos e Insumos: 7. Cumple con los criterios que le sean aplicables de todos los servicios y adicionalmente cuenta con: No cumple con los criterios que le sean aplicables de todos los servicios",Administrador,calidad,,Misionales,13/Mar/2025,,Resolución 3100 de 2019:,PE,NO,,-
,,,,,,,,,,"4. Medicamentos, dispositivos médicos e insumos",,,,
1743,No Conformidad,Abierta,"SERVICIO 749-TOMA DE MUESTRAS DE CUELLO UTERINO Y GINECOLOGICAS: Estándar de Procesos Prioritarios: 8. Cumple con los criterios que le sean aplicables de todos los servicios y adicionalmente, cuenta con la siguiente información documentada: No cumplen con los criterios que le son aplicables de todos los servicios 8.4. Control de calidad. No cuenta con la información documentada.",Administrador,calidad,,Misionales,13/Mar/2025,,Resolución 3100 de 2019:,PE,NO,,-
,,,,,,,,,,5. Procesos Prioritarios,,,,
1744,No Conformidad,Abierta,SERVICIO 749-TOMA DE MUESTRAS DE CUELLO UTERINO Y GINECOLOGICAS: Estandar de historía clínica y procesos prioritarios 9. Cumple con los criterios que le sean aplicables de todos los servicios y adicionalmente cuenta con los siguientes registros: No cumplen con los criterios que le son aplicables de todos los servicios. 9.4. Análisis del control de calidad y de las medidas preventivas y correctivas. No cuenta con la información documentada.,Administrador,calidad,,Misionales,13/Mar/2025,,Resolución 3100 de 2019:,PE,NO,,-
,,,,,,,,,,6. Historia clínica y registros,,,,
1745,No Conformidad,Abierta,"SERVICIO— 1101-ATENCIÓN DEL PARTO: Estándar de Talento Humano 1. Cumple con los criterios que le sean aplicables de todos los servicios y adicionalmente, cuenta con: Ver Estándar transversal Talento Humano",Administrador,calidad,,Gestión de Talento Humano,13/Mar/2025,,Resolución 3100 de 2019:,PE,NO,,-
,,,,,,,,,,1. Talento Humano,,,,
1746,No Conformidad,Abierta,"SERVICIO— 1101-ATENCIÓN DEL PARTO: Estándar de Infraestructura: 9. Cumple con los criterios que le sean aplicables de todos los servicios y adicionalmente cuenta con: No cumple con todos los criterios aplicable a los servicios. 11.2. Sistema de vacio. Cuenta con sistema de vacio, pero la red no se encuentran funcionamiento Barrera física móvil o fija entre camillas que permite fácil limpieza y desinfección y la privacidad del paciente, cuando exista más de una camilla. No cuenta con barrer...",Administrador,calidad,,Gestión de Recursos,13/Mar/2025,,Resolución 3100 de 2019:,PE,NO,,-
,,,,,,,,,,2. Infraestructura,,,,
1747,No Conformidad,Abierta,"SERVICIO— 1101-ATENCIÓN DEL PARTO:Estándar de Medicamentos, Dispositivos Médicos e insumos: 24 Cumple con los criterios que le sean aplicables de todos los servicios y adicionalmente cuenta con: No cumple con los criterios que le sean aplicables de todos los servicios. 24.1. Catéteres para vena umbilical. No cuenta con Catéteres para vena umbilical. 25.1. Catéteres para vena umbilical. No cuenta con Catéteres para vena umbilical.",Administrador,calidad,,Misionales,13/Mar/2025,,Resolución 3100 de 2019:,PE,NO,,-
,,,,,,,,,,"4. Medicamentos, dispositivos médicos e insumos",,,,
1748,No Conformidad,Abierta,"SERVICIO— 1101-ATENCIÓN DEL PARTO:Estándar de Procesos Prioritarios: 27. Cumple con los criterios que le sean aplicables de todos los servicios y adicionalmente cuenta con la siguiente información documentada: Ver transversal de procesos prioritarios. 27.1. Atención del parto. La ESE cuenta con documento disminuir los riesgos de enfermedad y muerte de la mujer y el recién nacido y optimizar el pronóstico de los mismo durante todas las etapas del parto, iniciando con la admisión de la pacient...",Administrador,calidad,,Misionales,13/Mar/2025,,Resolución 3100 de 2019:,PE,NO,,-
,,,,,,,,,,5. Procesos Prioritarios,,,,
1749,No Conformidad,Abierta,"SERVICIO— 1101-ATENCIÓN DEL PARTO Estándar de Historia Clínica y Registros: 30. Cumple con los criterios que le sean aplicables de todos los servicios y adicionalmente cuenta con partograma para toda materna en trabajo de parto. Ver transversal de historia clinica, cuenta con historia clínica digital que incluye partograma.",Administrador,calidad,,Misionales,13/Mar/2025,,Resolución 3100 de 2019:,PE,NO,,-
,,,,,,,,,,6. Historia clínica y registros,,,,
1750,No Conformidad,Abierta,SERVICIO 1102-URGENCIAS: Estándar de Talento Humano: 1. Cumple con los criterios que le sean aplicables de todos los servicios y adicionalmente cuenta con: Ver Estándar transversal Talento Humano.,Administrador,calidad,,Gestión de Talento Humano,13/Mar/2025,,Resolución 3100 de 2019:,PE,NO,,-
,,,,,,,,,,1. Talento Humano,,,,
1751,No Conformidad,Abierta,"SERVICIO 1102-URGENCIAS: Estándar de Infraestructura: 18. Cumple con los criterios que le sean aplicables de todos los servicios y adicionalmente cuenta con: No cumple con todos los criterios aplicable a los servicios. 18.2. Unidades sanitarias discriminadas por sexo. De las cuales mínimo una (1) unidad sanitaria discriminada por sexo, es apta para personas con movilidad reducida. Cuenta con unidades sanitarias discriminadas por sexo para movilidad reducidad 18.4. Ambiente para descontamin...",Administrador,calidad,,Gestión de Recursos,13/Mar/2025,,Resolución 3100 de 2019:,PE,NO,,-
,,,,,,,,,,2. Infraestructura,,,,
1752,No Conformidad,Abierta,"SERVICIO 1102-URGENCIAS: Estándar de Dotación: 22. Cumple con los criterios que le sean aplicables de todos los servicios y adicionalmente cuenta con: Revisar estándar transversal. 22.3. Elementos para sujeción física para pacientes adultos y pediátricos. No cuenta con elementos para sujeción física para pacientes adultos y pediátricos. 22.4. Equipo de toracostomia, No cuenta con equipo de toracostomía. 22.8. Bomba de infusión. No cuenta con bomba de infusión. 23. Consultorio de urgenc...",Administrador,calidad,,Gestión de Recursos,13/Mar/2025,,Resolución 3100 de 2019:,PE,NO,,-
,,,,,,,,,,3. Dotación,,,,
1753,No Conformidad,Abierta,"SERVICIO 1102-URGENCIAS: Estandar de Medicamentos, Dispositivos Medicos e Insumos : 34. Cumple con los Criterios que le sean aplicables de todos los servicios y adicionalmente cuenta con: No cumple con los criterios que le sean aplicables de todos los servicios",Administrador,calidad,,Misionales,13/Mar/2025,,Resolución 3100 de 2019:,PE,NO,,-
,,,,,,,,,,"4. Medicamentos, dispositivos médicos e insumos",,,,
1754,No Conformidad,Abierta,"SERVICIO 1102-URGENCIAS: estandar de historia clínica y registros 39. Cumple con los criterios que le sean aplicables de todos ,los servicios. ver transversal de historía clínica",Administrador,calidad,,Misionales,13/Mar/2025,,Resolución 3100 de 2019:,PE,NO,,-
,,,,,,,,,,6. Historia clínica y registros,,,,
1755,No Conformidad,Abierta,"SERVICIO 1103-TRANSPORTE ASISTENCIAL BASICO - AMBULANCIA OEU782: 1. Cumple con los criterios que le sean aplicables de todos los servicios y adicionalmente, cuenta con: Ver Estándar transversal Talento Humano 1.1. Tecnólogo en atención prehospitalaria o técnico profesional en atención prehospitalaria o auxiliar en enfermerla, en cualquier caso, cuenta con constancia de asistencia en las acciones de formación continua en soporte vital básico. Disponibilidad de auxiliares de enfermería consta...",Administrador,calidad,,Misionales,13/Mar/2025,,Resolución 3100 de 2019:,PE,NO,,-
,,,,,,,,,,1. Talento Humano,,,,
1756,No Conformidad,Abierta,"SERVICIO 1103-TRANSPORTE ASISTENCIAL BASICO - AMBULANCIA OEU782: ESTANDAR DE INFRAESTRUCTURA: Cuenta con conductores con licencia para la conducción del respectivo vehículo, expedida por la autoridad competente. No todo el personal conductor cuenta con constancia de asistencia en las acciones de formación continua en primeros auxilios o de primer respondiente. 12.2. Disponibilidad de área o ambiente para realizar el proceso de aseo, limpieza y desinfección de los vehrculos. Cuando el prestador...",Administrador,calidad,,Misionales,13/Mar/2025,,Resolución 3100 de 2019:,PE,NO,,-
,,,,,,,,,,2. Infraestructura,,,,
1757,No Conformidad,Abierta,"SERVICIO 1103-TRANSPORTE ASISTENCIAL BASICO - AMBULANCIA OEU782: Estándar de Dotación: 31.23. Resucitador pulmonar manual. No cuenta con resucitador pulmonar manual. Estándar de Medicamentos, Dispositivos Médicos e Insumos: 36. Cumple con los criterios que le sean aplicables de todos los servicios y adicionalmente el prestador define los medicamentos, dispositivos médicos e insumas requeridos de acuerdo con lo documentado en el estándar de procesos prioritarios. No cumple con los criterios ...",Administrador,calidad,,Gestión de Recursos,13/Mar/2025,,Resolución 3100 de 2019:,PE,NO,,-
,,,,,,,,,,3. Dotación,,,,
1758,No Conformidad,Abierta,"SERVICIO 1103-TRANSPORTE ASISTENCIAL BASICO - AMBULANCIA OEU782: Estándar de Procesos Prioritarios: 41, Cumple con los criterios que le sean aplicables de todos los servicios y adicionalmente cuenta con la siguiente información documentada: El prestador no cumple con los criterios que le sean aplicables de todos los servicios . 41.3. Atención en salud de pacientes con problemas y trastornos en salud mental o consumo de sustancias psicoactivas. El prestador cuenta con documento "" Protocolo tr...",Administrador,calidad,,Misionales,13/Mar/2025,,Resolución 3100 de 2019:,PE,NO,,-
,,,,,,,,,,5. Procesos Prioritarios,,,,
1759,No Conformidad,Abierta,SERVICIO 1103-TRANSPORTE ASISTENCIAL BASICO - AMBULANCIA OEU782: stándar de Historia Clínica y Registros 43. Cumple con los criterios que le sean aplicables de todos los servicios y adicionalmente cuenta con: El prestador no cumple con los criterios que sean aplicables a todos los servicios. 43.1.1. Nombre de los pacientes atendidos o trasladados. El prestador cuenta con información de pacientes trasladado pero no define la ambulancia y/o vehículo utilizado para el traslado 43.1.2. Nombre d...,Administrador,calidad,,Misionales,13/Mar/2025,,Resolución 3100 de 2019:,PE,NO,,-
,,,,,,,,,,6. Historia clínica y registros,,,,
1760,No Conformidad,Abierta,"SERVICIO 1103-TRANSPORTE ASISTENCIAL BASICO - AMBULANCIA OCD865 Estándar de Talento Humano: 1. Cumple con los criterios que le sean aplicables de todos los servicios y adicionalmente, cuenta con: Ver Estándar transversal Talento Humano 1.1. Tecnólogo en atención prehospitalaria o técnico profesional en atención prehospitalaria o auxiliar en enfermerla, en cualquier caso, cuenta con constancia de asistencia en las acciones de formación continua en soporte vital básico. Disponibilidad de auxi...",Administrador,calidad,,Misionales,13/Mar/2025,,Resolución 3100 de 2019:,PE,NO,,-
,,,,,,,,,,1. Talento Humano,,,,
1761,No Conformidad,Abierta,"SERVICIO 1103-TRANSPORTE ASISTENCIAL BASICO - AMBULANCIA OCD865 Estándar de Infraestructura 12.2. Disponibilidad de área o ambiente para realizar el proceso de aseo, limpieza y desinfección de los vehrculos. Cuando el prestador de servicios de salud contrate el proceso de aseo, limpieza y desinfección de los vehículos con un tercero, cuenta con un contrato, o convenio o acuerdo escrito entre las partes. Para este caso el tercero cuenta con los permisos correspondientes expedidos por la autorida...",Administrador,calidad,,Gestión de Recursos,13/Mar/2025,,Resolución 3100 de 2019:,PE,NO,,-
,,,,,,,,,,2. Infraestructura,,,,
1762,No Conformidad,Abierta,"SERVICIO 1103-TRANSPORTE ASISTENCIAL BASICO - AMBULANCIA OCD865 Estándar de Dotación: 31. Cumplen con los criterios definidos para todos los servicios y adicionalmente, cuentan con: Revisar estándar transversal. 31.2. Fonendoscopio adulto y pediátrico. Cuenta con fonendoscopio pediatrico, no cuenta con fonendoscopio adulto. 31.3. Tensiómetro adulto y pediátrico. Cuenta con tensiometro pediatrico, no cuenta con fonendoscopio adulto. 31.6. Glucómetro. No cuenta con glucometro. 31.12. Sill...",Administrador,calidad,,Gestión de Recursos,13/Mar/2025,,Resolución 3100 de 2019:,PE,NO,,-
,,,,,,,,,,3. Dotación,,,,
1763,No Conformidad,Abierta,"SERVICIO 1103-TRANSPORTE ASISTENCIAL BASICO - AMBULANCIA OCD865 Estándar de Estándar de Medicamentos, Dispositivos Médicos e Insumos 37.1. Oxigeno medicinal. Cuenta con oxígeno medicinal 37.2. Aditamento supraglótico de varias tallas adulto y pediátrico. No cuenta con aditamento supraglótico",Administrador,calidad,,Misionales,13/Mar/2025,,Resolución 3100 de 2019:,PE,NO,,-
,,,,,,,,,,"4. Medicamentos, dispositivos médicos e insumos",,,,
1764,No Conformidad,Abierta,"SERVICIO 1103-TRANSPORTE ASISTENCIAL BASICO - AMBULANCIA OCD865 Estándar de Procesos Prioritarios: 41, Cumple con los criterios que le sean aplicables de todos los servicios y adicionalmente cuenta con la siguiente información documentada: El prestador no cumple con los criterios que le sean aplicables de todos los servicios . 41.3. Atención en salud de pacientes con problemas y trastornos en salud mental o consumo de sustancias psicoactivas. El prestador cuenta con documento "" Protocolo tr...",Administrador,calidad,,Misionales,13/Mar/2025,,Resolución 3100 de 2019:,PE,NO,,-
,,,,,,,,,,5. Procesos Prioritarios,,,,
1765,No Conformidad,Abierta,SERVICIO 1103-TRANSPORTE ASISTENCIAL BASICO - AMBULANCIA OCD865 Estándar de Historia Clínica y Registros: Cumple con los criterios que le sean aplicables de todos los servicios y adicionalmente cuenta con: El prestador no cumple cpn los criterios que sean aplicables a todos los servicios. 43.1.1. Nombre de los pacientes atendidos o trasladados. El prestador cuenta con información de pacientes trasladado pero no define la ambulancia y/o vehículo utilizado para el traslado 43.1.2. Nombre del...,Administrador,calidad,,Misionales,13/Mar/2025,,Resolución 3100 de 2019:,PE,NO,,-
,,,,,,,,,,6. Historia clínica y registros,,,,
1766,No Conformidad,Abierta,"SERVICIO 1103-TRANSPORTE ASISTENCIAL BASICO - AMBULANCIA ORO272: ESTANDAR DE TALENTO HUMANO 1. Cumple con los criterios que le sean aplicables de todos los servicios y adicionalmente, cuenta con: Ver Estándar transversal Talento Humano 1.1. Tecnólogo en atención prehospitalaria o técnico profesional en atención prehospitalaria o auxiliar en enfermerla, en cualquier caso, cuenta con constancia de asistencia en las acciones de formación continua en soporte vital básico. Disponibilidad de aux...",Administrador,calidad,,Gestión de Talento Humano,13/Mar/2025,,Resolución 3100 de 2019:,PE,NO,,-
,,,,,,,,,,1. Talento Humano,,,,
1767,No Conformidad,Abierta,"SERVICIO 1103-TRANSPORTE ASISTENCIAL BASICO - AMBULANCIA ORO272: ESTANDAR DE INFRAESTRUCTURA: 12.2. Disponibilidad de área o ambiente para realizar el proceso de aseo, limpieza y desinfección de los vehrculos. Cuando el prestador de servicios de salud contrate el proceso de aseo, limpieza y desinfección de los vehículos con un tercero, cuenta con un contrato, o convenio o acuerdo escrito entre las partes. Para este caso el tercero cuenta con los permisos correspondientes expedidos por la autor...",Administrador,calidad,,Gestión de Recursos,13/Mar/2025,,Resolución 3100 de 2019:,PE,NO,,-
,,,,,,,,,,2. Infraestructura,,,,
1768,No Conformidad,Abierta,"SERVICIO 1103-TRANSPORTE ASISTENCIAL BASICO - AMBULANCIA ORO272: Estándar de Dotación: 31. Cumplen con los criterios definidos para todos los servicios y adicionalmente, cuentan con: Revisar estándar transversal. 31.5. Aspirador nasal manual. No cuenta con aspirador nasal manual. 31.7. Torniquetes para el control de hemorragias. No cuenta con torniquetes para el control de hemorragias. 31.10. Tabla espinal corta o chaleco de extracción vehicular No cuenta con tabla de espinal corta. 31....",Administrador,calidad,,Gestión de Recursos,13/Mar/2025,,Resolución 3100 de 2019:,PE,NO,,-
,,,,,,,,,,3. Dotación,,,,
1769,No Conformidad,Abierta,"SERVICIO 1103-TRANSPORTE ASISTENCIAL BASICO - AMBULANCIA ORO272: Estándar de Medicamentos, Dispositivos Médicos e Insumos 36. Cumple con los criterios que le sean aplicables de todos los servicios y adicionalmente el prestador define los medicamentos, dispositivos médicos e insumas requeridos de acuerdo con lo documentado en el estándar de procesos prioritarios. No Cumple con los criterios que le sean aplicables de todos los servicios 37.2. Aditamento supraglótico de varias tallas adulto y pe...",Administrador,calidad,,Misionales,13/Mar/2025,,Resolución 3100 de 2019:,PE,NO,,-
,,,,,,,,,,"4. Medicamentos, dispositivos médicos e insumos",,,,
1770,No Conformidad,Abierta,"SERVICIO 1103-TRANSPORTE ASISTENCIAL BASICO - AMBULANCIA ORO272: Estándar de Procesos Prioritarios 41. Cumple con los criterios que le sean aplicables de todos los servicios y adicionalmente cuenta con la siguiente información documentada: El prestador no cumple con los criterios que le sean aplicables de todos los servicios . 41.3. Atención en salud de pacientes con problemas y trastornos en salud mental o consumo de sustancias psicoactivas. El prestador cuenta con documento "" Protocolo tr...",Administrador,calidad,,Misionales,13/Mar/2025,,Resolución 3100 de 2019:,PE,NO,,-
,,,,,,,,,,5. Procesos Prioritarios,,,,
1771,No Conformidad,Abierta,Estándar de Historia Clínica y Registros 43. Cumple con los criterios que le sean aplicables de todos los servicios y adicionalmente cuenta con: El prestador no cumple con los criterios que sean aplicables a todos los servicios. 43.1.1. Nombre de los pacientes atendidos o trasladados. El prestador cuenta con información de pacientes trasladado pero no define la ambulancia y/o vehículo utilizado para el traslado 43.1.2. Nombre del acompanante o responsable. El prestador cuenta con informaci...,Administrador,calidad,,Misionales,13/Mar/2025,,Resolución 3100 de 2019:,PE,NO,,-
,,,,,,,,,,6. Historia clínica y registros,,,,
1851,No Conformidad,Abierta,"3. El prestador de servicios de salud determina la cantidad necesaria de talento humano requerido para cada uno de los servicios ofertados y prestados, de acuerdo con la capacidad instalada, la relación entre oferta y demanda, la oportunidad en la prestación, tiempo de la atención y el riesgo en la atención. Este criterio no aplica para el profesional independiente de salud: Cuentan con el documento "" MANUAL DE SUFICIENCIA DE LA RED"" Codigo MA-AP-TH-02 Septiembre 2023 Version 0, el cual debe se...",Administrador,calidad,,Gestión de Talento Humano,12/Mar/2025,,Resolución 3100 de 2019:,PE,NO,,-
,,,,,,,,,,1. Talento Humano,,,,
1852,No Conformidad,Abierta,"6. El talento humano en salud de los servicios de atención del parto, cuidado intensivo y cuidado intermedio neonatal, pediátrico y adultos, cuentan con constancia de asistencia en las acciones de formación continua para la gestión del duelo: No todo el talento humano del servicio de atención del parto cuenta con constancia de asistencia.",Administrador,calidad,,Gestión de Talento Humano,12/Mar/2025,,Resolución 3100 de 2019:,PE,NO,,-
,,,,,,,,,,1. Talento Humano,,,,
1853,No Conformidad,Abierta,"8. Los profesionales de la medicina de los servicios de hospitalización de baja, mediana y alta complejidad, hospitalización paciente crónico con y sin ventilador, cuidados intensivos neonatales, pediátricos y adultos; urgencias y servicios del grupo quirúrgico en modalidad intramural, cuentan con certificación vigente de aprobación de la evaluación de competencias esenciales para el cuidado de la donante expedida por el Instituto Nacional de Salud: No todo el talento humano cuenta con certific...",Administrador,calidad,,Gestión de Talento Humano,12/Mar/2025,,Resolución 3100 de 2019:,PE,NO,,-
,,,,,,,,,,1. Talento Humano,,,,
1854,No Conformidad,Abierta,"11. El talento humano en salud de los servicios de transporte asistencial, atención prehospitalaria y urgencias, cuentan con constancia de asistencia en las acciones de formación continua en la atención a personas víctimas de ataques con agentes químicos: No todo el talento humano de los servicios de transporte asistencial, atención prehospitalaria y...",Administrador,calidad,,Gestión de Talento Humano,12/Mar/2025,,Resolución 3100 de 2019:,PE,NO,,-
,,,,,,,,,,1. Talento Humano,,,,
1855,No Conformidad,Abierta,"2. Los servicios de salud de: urgencias, cirugía y del grupo de internación, así como en los servicios de salud donde se realice el proceso de esterilización, deben contar con ambiente de aseo de uso exclusivo: No se evidencian cuartos de aseo para el grupo de internación y para el proceso de esterilización.",Administrador,calidad,,Gestión de Recursos,12/Mar/2025,,Resolución 3100 de 2019:,PE,NO,,-
,,,,,,,,,,2. Infraestructura,,,,
1856,No Conformidad,Abierta,"El prestador de servicios de salud que realice el proceso de esterilización, cuenta con: 25.1. Ambiente o área de recibo de material contaminado: No cuenta con ambiente o área de recibo de material contaminado. 25.4. Ambiente o área de empaque: No cuenta con ambiente o área de empaque. 25.6. Ambiente o área para almacenamiento del material estéril: No cuenta con ambiente o área para almacenamiento del material estéril. 25.8. Lavamanos, cuando el proceso se realice fuera del servicio de sa...",Administrador,calidad,,Gestión de Recursos,12/Mar/2025,,Resolución 3100 de 2019:,PE,NO,,-
,,,,,,,,,,2. Infraestructura,,,,
1857,No Conformidad,Abierta,"30.1. Sala de procedimientos o curaciones. ¡Ambiente con mínimo 8 m2, que cuenta con: 30.1.1. Mesón de trabajo: 30.1.2. Poceta, cuando la requiera, según los procedimientos que el prestador documente en el estándar de procesos prioritarios: 30.1.3. Lavamanos: No cuenta con sala de procedimientos.",Administrador,calidad,,Gestión de Recursos,12/Mar/2025,,Resolución 3100 de 2019:,PE,NO,,-
,,,,,,,,,,2. Infraestructura,,,,
1858,No Conformidad,Abierta,"32. Puesto de enfermería Área con dimensión variable que, de acuerdo con las necesidades de cada servicio, cumple con las siguientes características: 32.1. Superficie de trabajo: 32.2. Permite la monitorización permanente de los pacientes o sistemas alternativos para su visualización: 32.3. Cuenta con alarma o sistema de llamado a enfermería, donde se requiera: No cuenta con puesto de enfermeria.",Administrador,calidad,,Gestión de Recursos,12/Mar/2025,,Resolución 3100 de 2019:,PE,NO,,-
,,,,,,,,,,2. Infraestructura,,,,
1859,No Conformidad,Abierta,"33. Ambiente o área de trabajo limpio, que cuenta con: 33.1. Mesón de trabajo: 33.2. Área para el almacenamiento y alistamiento de medicamentos: 33.3. Lavamanos: No cuenta con ambiente o área limpia.",Administrador,calidad,,Gestión de Recursos,12/Mar/2025,,Resolución 3100 de 2019:,PE,NO,,-
,,,,,,,,,,2. Infraestructura,,,,
1860,No Conformidad,Abierta,"34. Ambiente de trabajo sucio, que cuenta con: 34.1. Mesón de trabajo con poceta. 34.2. Lavamanos: No cuenta con ambiente sucio.",Administrador,calidad,,Gestión de Recursos,12/Mar/2025,,Resolución 3100 de 2019:,PE,NO,,-
,,,,,,,,,,2. Infraestructura,,,,
1861,No Conformidad,Abierta,"35. Estación de enfermería, que cuenta con: 35.1. Puesto de enfermería. 35.2. Ambiente o área de trabajo limpio. 35.3. Ambiente de trabajo sucio: No cuenta con estación de enfermeria.",Administrador,calidad,,Gestión de Recursos,12/Mar/2025,,Resolución 3100 de 2019:,PE,NO,,-
,,,,,,,,,,2. Infraestructura,,,,
1862,No Conformidad,Abierta,Disponibilidad de los siguientes ambientes o áreas: 35.4. Area o ambiente para el depósito de equipos biomédicos con dimensión variable de acuerdo con las necesidades del servicio: No sevidencia ambiente para el depósito de equipos biomédicos con dimensiones variables. 35.5. Área o ambiente para depósito de ropa limpia de dimensión variable de acuerdo con las necesidades del servicio: No evidencia ambiente para depósito de ropa limpia de dimensión. 35.6. Ambiente para depósito de ropa sucia...,Administrador,calidad,,Gestión de Recursos,12/Mar/2025,,Resolución 3100 de 2019:,PE,NO,,-
,,,,,,,,,,2. Infraestructura,,,,
1863,No Conformidad,Abierta,"36. Baño, ambiente que cuenta con: 36.1. Sanitario: No cuenta con baño. 36.2. Lavamanos: No cuenta con baño. 36.3. Ducha: No cuenta con baño. 36.4. Alarma o sistema de llamado, donde se requiera: No cuenta con baño. 36.5. Puertas corredizas o con apertura hacia el exterior: No cuenta con baño.",Administrador,calidad,,Gestión de Recursos,12/Mar/2025,,Resolución 3100 de 2019:,PE,NO,,-
,,,,,,,,,,2. Infraestructura,,,,
1864,No Conformidad,Abierta,"38. La unidad sanitaria adaptada para personas con imovilidad reducida cuenta con: 38.3. Dimensiones que permita el desplazamiento del paciente y maniobra en su interior, las puertas tienen un ancho que permite el fácil acceso de pacientes en sillas de ruedas: No cuenta con dimensiones que permita el desplazamiento del paciente y maniobra en su interior. 38.4. Puertas corredizas o con apertura hacia el exterior: No cuenta con puerta con apertura hacia el exterior ni correderas. 38.5. Acceso...",Administrador,calidad,,Gestión de Recursos,12/Mar/2025,,Resolución 3100 de 2019:,PE,NO,,-
,,,,,,,,,,2. Infraestructura,,,,
1865,No Conformidad,Abierta,"40.1. Ambiente o área con dimensión variable de acuerdo al servicio o servicios, independiente de las áreas de circulación, que cuenta con ventilación e iluminación natural y/o artificial: Las dimensión no son variable de acuerdo a los servicios, independiente de las áreas de circulación, que cuenta con ventilación e iluminación natural y artificial.",Administrador,calidad,,Gestión de Recursos,12/Mar/2025,,Resolución 3100 de 2019:,PE,NO,,-
,,,,,,,,,,2. Infraestructura,,,,
1866,No Conformidad,Abierta,"GENERALIDADES DE LAS CONDICIONES DE ORDEN, ASEO, LIMPIEZA Y DESINFECCIÓN: 41. Las condiciones de orden, aseo, limpieza y desinfección son evidentes y responden a un proceso dinámico de acuerdo con los servicios prestados: No cumple con el criterio descrito en este item. 42. En las edificaciones destinadas a la prestación de servicios de salud, los pisos deben ser resistentes a factores ambientales, deben ser continuos, antideslizantes, impermeables, lavables, sólidos, resistentes a procesos ...",Administrador,calidad,,Gestión de Recursos,12/Mar/2025,,Resolución 3100 de 2019:,PE,NO,,-
,,,,,,,,,,2. Infraestructura,,,,
1867,No Conformidad,Abierta,"2.2. Hoja(s) de vida del(los) equipo(s) biomédicos(s), con los registros de los mantenimientos preventivos y correctivos, según corresponda: Cuenta con hojas de vida en las cuales se evidencia que el ítem de adquisición e instalación no se encuentran diligenciados, se evidencia frecuencia cuatrimestral de mantenimiento preventivo, algunos equipos no cuentan con la continuidad de los mantenimientos ya que el ultimo reporte es de marzo de 2024, algunos equipos se encuentran solo con reporte de ma...",Administrador,calidad,,Gestión de Recursos,12/Mar/2025,,Resolución 3100 de 2019:,PE,NO,,-
,,,,,,,,,,3. Dotación,,,,
1868,No Conformidad,Abierta,4. La dotación de los servicios de salud está en concordancia con lo definido por el prestador en el estándar de procesos prioritarios: No se evidencia concordancia con la dotación según lo definido por el prestador en el estándar de procesos prioritarios.,Administrador,calidad,,Gestión de Recursos,12/Mar/2025,,Resolución 3100 de 2019:,PE,NO,,-
,,,,,,,,,,3. Dotación,,,,
1869,No Conformidad,Abierta,"5. La suficiencia de equipos biomédicos está relacionada con la de uso de los mismos, incluyendo los tiempos del proceso de esterilización, cuando aplique: Cuenta con “protocolo de suficiencia de equipos” en este no se describe el tiempo de esterilización, ni el instrumental requerido para los servicios, se recomienda ajustar el programa donde se mencione las variables correspondientes.",Administrador,calidad,,Gestión de Recursos,12/Mar/2025,,Resolución 3100 de 2019:,PE,NO,,-
,,,,,,,,,,3. Dotación,,,,
1870,No Conformidad,Abierta,16.1. Sistemas de telecomunicaciones de doble via: No cuenta con sistemas de telecomunicación de doble vía.,Administrador,calidad,,Gestión de Recursos,12/Mar/2025,,Resolución 3100 de 2019:,PE,NO,,-
,,,,,,,,,,3. Dotación,,,,
1871,No Conformidad,Abierta,El prestador de servicios de salud lleva registros con la información de todos los medicamentos para uso humano requeridos en la prestación de los servicios que oferte; dichos registros cuentan con la siguiente información: 1.1. Principio activo: 1.2. Forma farmacéutica: 1.6. Presentación comercial: 1.7. Unidad de medida: No cuenta con el registro de la información correctamente.,Administrador,calidad,,Misionales,12/Mar/2025,,Resolución 3100 de 2019:,PE,NO,,-
,,,,,,,,,,"4. Medicamentos, dispositivos médicos e insumos",,,,
1872,No Conformidad,Abierta,2. Los dispositivos médicos de uso humano requeridos para la prestación de los servicios de salud cuentan con información documentada que dé cuenta de la verificación y seguimiento de la siguiente información: 2.2. Marca del dispositivo: No Cuenta con el registro de la información. 2.3. Serie (cuando aplique): No cuenta con el registro de la información correctamente. 2.5. Registro sanitario vigente o permiso de comercialización expedido por ellnvima: No cuenta con el registro de la inform...,Administrador,calidad,,Misionales,12/Mar/2025,,Resolución 3100 de 2019:,PE,NO,,-
,,,,,,,,,,"4. Medicamentos, dispositivos médicos e insumos",,,,
1873,No Conformidad,Abierta,"3. Los reactivos de diagnóstico in vitro requeridos para la prestación del servicios de salud cuentan con información documentada que dé cuenta de la verificación y seguimiento de la siguiente información: 3.1. Nombre: 3.2. Marca: 3.3. Presentación comercial: 3.4. Registro sanitario vigente o permiso de comercialización expedido por el Invima: 3.5. Clasificación del riesgo sanitario: 3.6. Vida útil, cuando aplique: 3.7. Fecha de vencimiento y lote: No cuenta con el registro de la información c...",Administrador,calidad,,Misionales,12/Mar/2025,,Resolución 3100 de 2019:,PE,NO,,-
,,,,,,,,,,"4. Medicamentos, dispositivos médicos e insumos",,,,
1874,No Conformidad,Abierta,"4. El prestador de servicios de salud de salud cuenta con informacion documentada de los procesos generales según aplique, para: 4.4. Recepción: Se evidencia documentado, se evidencia que no cuenta con adherencia, segun lo documentado, se evidencia que el proceso que realizan es totalmente distinto a lo escrito en el manual de procesos y procedimientos del servicio farmaceutico, código del documento MA-MIFA- 03 V02. 4.6. Conservación: Se evidencia documentado, se evidencia que no cuenta con ...",Administrador,calidad,,Misionales,12/Mar/2025,,Resolución 3100 de 2019:,PE,NO,,-
,,,,,,,,,,"4. Medicamentos, dispositivos médicos e insumos",,,,
1875,No Conformidad,Abierta,"6. El prestador de servicios de salud cuenta con información documentada de la planeación y ejecución de los programas de farmacovigilancia, tecnovigilancia y reactivovigilancia, que garanticen el seguimiento al uso de medicamentos, dispositivos médicos (incluidos los sobre medida) y reactivos de diagnóstico in vitro, cuando aplique: Se evidencia documento de fármacovigilancia con código de documento MA-MI-FA-01, no cuenta con adherencia, no cuenta con capacitaciones, no cuenta con usuario para...",Administrador,calidad,,Misionales,12/Mar/2025,,Resolución 3100 de 2019:,PE,NO,,-
,,,,,,,,,,"4. Medicamentos, dispositivos médicos e insumos",,,,
1876,No Conformidad,Abierta,"7. El prestador de servicios de salud que cuente con reservas de medicamentos, homeopáticos, fitoterapéuticos, medicamentos biológicos, componentes anatómicos, dispositivos médicos (incluidos los sobre medida), reactivos de diagnóstico in vitro, y demás insumos asistenciales, debe garantizar que se almacenen en condiciones apropiadas de temperatura, humedad, ventilación, segregación y seguridad de acuerdo con las condiciones definidas por el fabricante o el banco del componente anatómico, según ...",Administrador,calidad,,Misionales,12/Mar/2025,,Resolución 3100 de 2019:,PE,NO,,-
,,,,,,,,,,"4. Medicamentos, dispositivos médicos e insumos",,,,
1877,No Conformidad,Abierta,"8. Para la aplicación del protocolo de lavado de manos o higienización, los servicios de salud cuentan con los insumos de aseo, limpieza y secado que garanticen su cumplimiento: No cuentan con los insumos de aseo, limpieza y secado que garanticen su cumplimiento, en algunos de los baños de los servicios, se observa que falta la rotulacion de los productos a utilizar.",Administrador,calidad,,Misionales,12/Mar/2025,,Resolución 3100 de 2019:,PE,NO,,-
,,,,,,,,,,"4. Medicamentos, dispositivos médicos e insumos",,,,
1878,No Conformidad,Abierta,"9. La suficiencia de dispositivos médicos está relacionada con la frecuencia de uso de los mismos, incluyendo los tiempos del proceso de esterilización, cuando aplique: No cuenta con la suficiencia de dispositivos médicos donde se incluye los tiempos del proceso de esterilización.",Administrador,calidad,,Misionales,12/Mar/2025,,Resolución 3100 de 2019:,PE,NO,,-
,,,,,,,,,,"4. Medicamentos, dispositivos médicos e insumos",,,,
1879,No Conformidad,Abierta,"10. El prestador de servicios de salud cuenta con paquete para el manejo de derrames y rupturas de medicamentos, ubicado en un lugar de fácil acceso, visible y con adecuada señalización, disponible para su uso en los servicios y ambientes donde se requieran. El prestador de servicios de salud define su contenido de acuerdo con los medicamentos utilizados y lo sugerido por el fabricante en las fichas técnicas: No cuenta con paquete para el manejo de derrames y rupturas de medicamentos, ubicado e...",Administrador,calidad,,Misionales,12/Mar/2025,,Resolución 3100 de 2019:,PE,NO,,-
,,,,,,,,,,"4. Medicamentos, dispositivos médicos e insumos",,,,
1880,No Conformidad,Abierta,"12. El prestador debe mantener condiciones de almacenamiento, conservación, control fechas de vencimiento, uso y custodia de los medicamentos, dispositivos médicos e insumos contenidos en los carros de paro: El prestador no mantiene las condiciones de almacenamiento, conservación, control fechas de vencimiento, uso y custodia de los medicamentos, dispositivos médicos e insumos contenidos en los carros de paro.",Administrador,calidad,,Misionales,12/Mar/2025,,Resolución 3100 de 2019:,PE,NO,,-
,,,,,,,,,,"4. Medicamentos, dispositivos médicos e insumos",,,,
1881,No Conformidad,Abierta,"15. En los servicios de transporte asistencial, atención prehospitalaria y urgencias cuenta con kit de emergencias para la atención a víctimas de ataques con agentes químicos: No cuenta con kit de emergencias para la atención a víctimas de ataques con agentes químicos.",Administrador,calidad,,Misionales,12/Mar/2025,,Resolución 3100 de 2019:,PE,NO,,-
,,,,,,,,,,"4. Medicamentos, dispositivos médicos e insumos",,,,
1882,No Conformidad,Abierta,"3. El prestador de servicios de salud cuenta con un comité o instancia que orienta y promueve la política de seguridad del paciente, el control de infecciones y la optimización del uso de antibióticos, cuando los prescriba o administre. En el caso de profesionales independientes de salud podrá ser el mismo prestador: La ESE presenta documento acta de reunión creación comité de seguridad del paciente del 15 de julio de 2024 donde establece que se reunirán de manera trimestral según cronograma el...",Administrador,calidad,,Misionales,12/Mar/2025,,Resolución 3100 de 2019:,PE,NO,,-
,,,,,,,,,,5. Procesos Prioritarios,,,,
1883,No Conformidad,Abierta,5. El prestador de servicios de salud promueve la cultura de seguridad del paciente que involucra a todo el personal de Mmanera sistemática con un enfoque educativo no punitivo mediante: 5.1. Capacitación del personal en el tema de seguridad del paciente y en los principales riesgos de la atención: La ESE presenta plan de capacitaciones 2024 el cual se encuentra en construcción en lo planeado hasta la fecha no se cuenta con temas de seguridad del paciente.,Administrador,calidad,,Misionales,12/Mar/2025,,Resolución 3100 de 2019:,PE,NO,,-
,,,,,,,,,,5. Procesos Prioritarios,,,,
1884,No Conformidad,Abierta,"6. El prestador de servicios de salud cuenta con información documentada de las actividades y procedimientos que se realizan en el servicio acordes con su objeto, alcance y enfoque diferencial, mediante guías de práctica clínica- GPC, procedimientos de atención, protocolos de atención y otros documentos que el prestador de servicios de salud determine, dicha información incluye talento humano, equipos biomédicos, medicamentos y dispositivos médicos e insumos requeridos: La ESE presenta las sigu...",Administrador,calidad,,Misionales,12/Mar/2025,,Resolución 3100 de 2019:,PE,NO,,-
,,,,,,,,,,5. Procesos Prioritarios,,,,
1885,No Conformidad,Abierta,"10. El prestador de servicios de salud cuenta con información documentada de la adopción, o adaptación o desarrollo de guías práctica clínica o protocolos basados en evidencia científica: No se cuenta con la informacion documentada.",Administrador,calidad,,Misionales,12/Mar/2025,,Resolución 3100 de 2019:,PE,NO,,-
,,,,,,,,,,5. Procesos Prioritarios,,,,
1886,No Conformidad,Abierta,"12. El prestador de servicios de salud cuenta con la siguiente informacion documentada: 12.1. Detección, prevención y disminución del riesgo de accidentes e incidentes de carácter radiológico, en los servicios donde aplique: Cuenta con un documento denominado PROGRAMA DE VIGILANCA RADIOLÓGICA Versión 1 del 13 de dciembre del 2022, no se encuentra socializado ni con medición de adherencia. 12.2. Aseo, limpieza y desinfección de áreas y superficies: El prestador presenta el Manual de limpieza ...",Administrador,calidad,,Misionales,12/Mar/2025,,Resolución 3100 de 2019:,PE,NO,,-
,,,,,,,,,,5. Procesos Prioritarios,,,,
1887,No Conformidad,Abierta,"13.1. Buenas prácticas de esterilización de acuerdo con los procedimientos y técnicas que se utilicen, que describa como iminimo los siguientes aspectos: 13.1.1. Recibo de productos contaminados y entrega de material estéril: Cuenta con un manual de buenas practicas de esterilización MA-ES-CA-02 Versión 01 fecha abril del 2023 aplicable a todas las unidades de atención, el cual cumple con la especificaciones . Sin embargo el documento no se encuentra socialización ni cuenta con medición de adh...",Administrador,calidad,,Misionales,12/Mar/2025,,Resolución 3100 de 2019:,PE,NO,,-
,,,,,,,,,,5. Procesos Prioritarios,,,,
1888,No Conformidad,Abierta,"15. Los prestadores de servicios de salud tienen definidos procedimientos que garanticen el cumplimiento del no reúso de dispositivos médicos cuando el fabricante así lo haya establecido: Al momento de la verificación se evidenica que cuenta documentada la politica de uso y no reúso de dispositivos medicos vigencia 2019 y con un Manual de uso y reúso de dispositivos médicos MA -ES- CA-01 versión 01 abril del 2023, en el cual se identifica que cuenta definido con un listado de dispositivos de re...",Administrador,calidad,,Misionales,12/Mar/2025,,Resolución 3100 de 2019:,PE,NO,,-
,,,,,,,,,,5. Procesos Prioritarios,,,,
1889,No Conformidad,Abierta,"16. Hasta tanto el Ministerio de Salud y Protección Social regule la materia, el prestador de servicios de salud podrá reusar dispositivos médicos, siempre y cuando el fabricante de dichos dispositivos autorice su reúso. En tal caso, el prestador de servicios de salud cuenta con información documentada que defina: 16.1. Los procedimientos, siguiendo las recomendaciones del fabricante, para el reprocesamiento y control de calidad que demuestren la eficacia, desempeño y esterilidad del producto: ...",Administrador,calidad,,Misionales,12/Mar/2025,,Resolución 3100 de 2019:,PE,NO,,-
,,,,,,,,,,5. Procesos Prioritarios,,,,
1890,No Conformidad,Abierta,"17. Para la referencia de pacientes, el prestador de servicios de salud cuenta con la siguiente información documentada: 17.1. Estabilización del paciente antes del traslado: Al momento de la verificación se verifica documento PR-MI-HU 52 VERSIÓN 1 Febrero del 2024. No se evidencia socialización de documento, no cuenta con medición de adherencia, no se evidencia dentro del plan de capacitación del año 2024 . 17.2. Medidas para el traslado: Al momento de la verificación se verifica documento ...",Administrador,calidad,,Misionales,12/Mar/2025,,Resolución 3100 de 2019:,PE,NO,,-
,,,,,,,,,,5. Procesos Prioritarios,,,,
1891,No Conformidad,Abierta,"17.3. Lista de chequeo de los documentos necesarios para el traslado que incluya: 17.3.1. Diligenciamiento del formato de referencia de pacientes: 17.3.2. Resultados de apoyos diagnósticos realizados al paciente: 17.3.3. Resumen de historia clinica: 17.3.4. Mecanismos tecnológicos que le permitan realizar el proceso (software, correo, entre otros): 17.3.5. Talento humano que debe responsabilizarse de cada una de las etapas del proceso: 17.3.6. La referencia de pacientes que se detecten como víc...",Administrador,calidad,,Misionales,12/Mar/2025,,Resolución 3100 de 2019:,PE,NO,,-
,,,,,,,,,,5. Procesos Prioritarios,,,,
1892,No Conformidad,Abierta,"20. La Institución Prestadora de Servicios de Salud que cuente con servicios de salud de los grupos de consulta externa, internación o el servicio de urgencias, cuenta con: 20.1. Documento del proceso institucional que orienta la atención en salud de las víctimas de violencias sexuales. Al momento de la verificación se evidencia documento de protocolo de atención a victimas de violencia sexual Código MI-PP-VS Versión 2. febrero del 2023. Se evidencia que solo esta contextualizado para el punt...",Administrador,calidad,,Misionales,12/Mar/2025,,Resolución 3100 de 2019:,PE,NO,,-
,,,,,,,,,,5. Procesos Prioritarios,,,,
1893,No Conformidad,Abierta,"22. En los servicios de transporte asistencial, atención prehospitalaria y urgencias, se cuenta con documento del proceso que orienta la atención en salud a víctimas de ataques con agentes químicos: Cuenta con protocolo quemaduras por acidos Código: PT-MI-UR-53 Versión O Fecha julio 2020. Al momento de la verificación no se tiene programado dentro del plan institucional de capacitacion 2024.",Administrador,calidad,,Misionales,12/Mar/2025,,Resolución 3100 de 2019:,PE,NO,,-
,,,,,,,,,,5. Procesos Prioritarios,,,,
1894,No Conformidad,Abierta,"23. Los prestadores de servicios de salud cuentan con información documentada de las condiciones de almacenamiento, conservación, control de fechas de vencimiento, uso y custodia de los medicamentos, dispositivos médicos e insumos contenidos en los kits de derrames de medicamentos, ataque con agentes químicos y de violencias sexuales, según su contenido: No se cuenta documentado las condiciones de almacenamiento, conservación, control de fechas de vencimiento, uso y custodia de los medicamentos...",Administrador,calidad,,Misionales,12/Mar/2025,,Resolución 3100 de 2019:,PE,NO,,-
,,,,,,,,,,5. Procesos Prioritarios,,,,
1895,No Conformidad,Abierta,"24. Las Instituciones Prestadoras de Servicios de Salud con servicios de hospitalización, hospitalización de paciente crónico con y sin ventilador, cuidado intensivo neonatal, pediátrico y adulto, urgencias y del grupo quirúrgico, en la modalidad intramural, cuentan con la siguiente Información documentada: 24.1. Manejo de la enfermedad cerebro vascular: Al momento de la verificación se evidencia documento denominado PROTOCOLO ACCIDENTE CEREBROVASCULAR (ACV), versión O fecha 2022, se evidencia...",Administrador,calidad,,Misionales,12/Mar/2025,,Resolución 3100 de 2019:,PE,NO,,-
,,,,,,,,,,5. Procesos Prioritarios,,,,
1896,No Conformidad,Abierta,"27. Cuando el prestador de servicios de salud realice “pruebas en el punto de atención del paciente - (Point of Care Testing - POCT)” en un servicio habilitado cuenta con: 27.1. Información documentada sobre la toma, procesamiento, control de calidad y entrega de resultados: En el momento de la verificación no se evidencia documentado. 27.2. Controles de calidad realizados por un servicio de laboratorio clínico que puede ser propio o contratado para tal fin, cuando aplique, de acuerdo a las e...",Administrador,calidad,,Misionales,12/Mar/2025,,Resolución 3100 de 2019:,PE,NO,,-
,,,,,,,,,,5. Procesos Prioritarios,,,,
1897,No Conformidad,Abierta,"28. Orientación a los usuarios sobre las condiciones, requisitos y restricciones de acceso, permanencia y salida del vehículo, en condiciones de rutina o en condiciones de emergencia, a cargo del conductor del vehículo y el talento humano en salud: En el momento de la verificación no se evidencia documentado.",Administrador,calidad,,Misionales,12/Mar/2025,,Resolución 3100 de 2019:,PE,NO,,-
,,,,,,,,,,5. Procesos Prioritarios,,,,
1898,No Conformidad,Abierta,29. Mecanismos que garanticen comunicación para el seguimiento de los pacientes que lo requieran: En el momento de la verificación no se evidencia documentado.,Administrador,calidad,,Misionales,12/Mar/2025,,Resolución 3100 de 2019:,PE,NO,,-
,,,,,,,,,,5. Procesos Prioritarios,,,,
1899,No Conformidad,Abierta,"30. Mecanismos de supervisión de las actividades realizadas en el marco de los eventos de interés en salud pública, cuando aplique: En el momento de la verificación no se evidencia documentado.",Administrador,calidad,,Misionales,12/Mar/2025,,Resolución 3100 de 2019:,PE,NO,,-
,,,,,,,,,,5. Procesos Prioritarios,,,,
1900,No Conformidad,Abierta,"IMODALIDADES INTRAMURAL, EXTRAMURAL: UNIDAD MÓVIL, DOMICILIARIA, JORNADA DE SALUD Y TELEMEDICINA PRESTADOR REMISOR - PRESTADOR DE REFERENCIA: 4. Las historias clínicas cuentan con los componentes y los contenidos mínimos definidos en la normatividad que regula la materia: La historia clínica digital CADUCEOS SITIS tiene pendiente parametrizar el teléfono y parentesco del responsable.",Administrador,calidad,,Misionales,12/Mar/2025,,Resolución 3100 de 2019:,PE,NO,,-
,,,,,,,,,,6. Historia clínica y registros,,,,
1901,No Conformidad,Abierta,"IMODALIDADES INTRAMURAL, EXTRAMURAL: UNIDAD MÓVIL, DOMICILIARIA, JORNADA DE SALUD Y TELEMEDICINA PRESTADOR REMISOR - PRESTADOR DE REFERENCIA: 5. La historia clínica y los registros asistenciales se diligencian en forma clara, legible, sin tachones, enmendaduras, intercalaciones, sin dejar espacios en blanco y sin utilizar siglas: La historia clínica digital CADUCEOS SITIS realiza registros asistenciales de forma clara, legible, sin tachones, enmendaduras, intercalaciones, con utilizacion de si...",Administrador,calidad,,Misionales,12/Mar/2025,,Resolución 3100 de 2019:,PE,NO,,-
,,,,,,,,,,6. Historia clínica y registros,,,,
1902,No Conformidad,Abierta,"7. El diligenciamiento de los registros de atención de la historia clínica se realiza simultánea o inmediatamente después de la atención en salud: Se evidencia historia cínica digital CADUCEOS SITIS — el diligenciamiento de los registros de atención de la historia clínica verificadas se realizan no simultánea o inmediatamente después de la atención en salud del servicio de medicina ,enfermería adicionalmete no hay la suficiencia de usiuarios para el ingreso al sistema en ocasiones no puede ingr...",Administrador,calidad,,Misionales,12/Mar/2025,,Resolución 3100 de 2019:,PE,NO,,-
,,,,,,,,,,6. Historia clínica y registros,,,,
1903,No Conformidad,Abierta,"8. La historia clínica y demás registros son conservados en archivo único garantizando la custodia y confidencialidad de los documentos o registros protegidos legalmente por reserva: Se evidencia historia cínica digital CADUCEOS SITIS y demás registros son conservados en archivo único garantizando la custodia y confidencialidad de los documentos o registros protegidos legalmente por reserva se ingresa usuario ingresa con su contraseña,pero los consetimientos son guardados en los consultorios pe...",Administrador,calidad,,Misionales,12/Mar/2025,,Resolución 3100 de 2019:,PE,NO,,-
,,,,,,,,,,6. Historia clínica y registros,,,,
1904,No Conformidad,Abierta,"9. El prestador de servicios de salud cuenta con un procedimiento de consentimiento informado que incluye mecanismos para verificar su aplicación, para que el paciente o usuario o su responsable aprueben o no documentalmente el procedimiento e intervención en salud a que va a ser sometido, previa información de los beneficios, riesgos, alternativas e implicaciones del acto asistencial: Se evidencia que el prestador de servicios de salud cuenta con un MANUAL DE CONSENTIMIENTO INFORMADO que inclu...",Administrador,calidad,,Misionales,12/Mar/2025,,Resolución 3100 de 2019:,PE,NO,,-
,,,,,,,,,,6. Historia clínica y registros,,,,
1905,No Conformidad,Abierta,"11. Cuenta con los siguientes registros, cuando los prestadores de servicios de salud realicen el proceso de esterilización dentro del servicio y fuera de centrales de esterilización: 11.1. Actividades documentadas y realizadas en el procedimiento de reúso de dispositivos médicos acorde con las recomendaciones del fabricante, incluyendo el número de reúsos por cada dispositivo esterilizado: No se evidencia registro de de reúsos por cada dispositivo esterilizado. 11.2. Registro de cargas: No ...",Administrador,calidad,,Misionales,12/Mar/2025,,Resolución 3100 de 2019:,PE,NO,,-
,,,,,,,,,,6. Historia clínica y registros,,,,
1906,No Conformidad,Abierta,"IMODALIDAD EXTRAMURAL JORNADA DE SALUD Y UNIDAD MOVIL: 14.7. Nombre de los pacientes atendidos: 14.8. Nombre de los pacientes trasladados: 14.9. Fecha y hora de ingreso al servicio: No se evidencia registro. 14.10. Cuidados por parte del personal de salud: No aporta información el prestador. 14.12. Registros de las fechas de llegada y de salida, cuando aplique: No aporta información el prestador. 14.13. Registros de las actividades realizadas: No aporta información el prestador.",Administrador,calidad,,Misionales,12/Mar/2025,,Resolución 3100 de 2019:,PE,NO,,-
,,,,,,,,,,6. Historia clínica y registros,,,,
1907,No Conformidad,Abierta,"1. Cumple con los criterios que le sean aplicables de todos los servicios y adicionalmente, disponibilidad de: Ver Estándar transversal Talento Humano.",Administrador,calidad,,Gestión de Talento Humano,12/Mar/2025,,Resolución 3100 de 2019:,PE,NO,,-
,,,,,,,,,,1. Talento Humano,,,,
1908,No Conformidad,Abierta,Modalidades intramural. telemedicina - prestador remisor - categoría telexpenicia: 20. Cumple con los criterios que le sean aplicables de todos los servicios y adicionalmente cuenta con: No cumple con los criterios que le sean aplicables de todos los servicios. 20.1. Sala de procedimientos cuando el servicio cuente con habitaciones múltiples: No cuenta con sala de procedimientos. 20.2. Estación de enfermería: No cuenta con estación de enfermeria. 20.4. Habitación individual o múltiple par...,Administrador,calidad,,Gestión de Recursos,12/Mar/2025,,Resolución 3100 de 2019:,PE,NO,,-
,,,,,,,,,,2. Infraestructura,,,,
1909,No Conformidad,Abierta,21. Disponibilidad de: 21 .1. Sala de visitas: dispone de sala de visitas. 21.2. Unidades sanitarias discriminadas por sexo: No dispone de unidades sanitarias discriminadas por sexo. 21.3. Ambiente para almacenamiento y distribución de alimentos: No dispone de ambiente para la preparación y distribución de alimentos.,Administrador,calidad,,Gestión de Recursos,12/Mar/2025,,Resolución 3100 de 2019:,PE,NO,,-
,,,,,,,,,,2. Infraestructura,,,,
1910,No Conformidad,Abierta,25. Cumple con los criterios que le sean aplicables de todos los servicios y adicionalmente cuenta con: Revisar estándar transversal.,Administrador,calidad,,Gestión de Recursos,12/Mar/2025,,Resolución 3100 de 2019:,PE,NO,,-
,,,,,,,,,,3. Dotación,,,,
1911,No Conformidad,Abierta,"35. Cumple con los criterios que le sean aplicables de todos los servicios y adicionalmente, cuenta con: No cumple con los criterios que le sean aplicables de todos los servicios.",Administrador,calidad,,Gestión de Recursos,12/Mar/2025,,Resolución 3100 de 2019:,PE,NO,,-
,,,,,,,,,,"4. Medicamentos, dispositivos médicos e insumos",,,,
1912,No Conformidad,Abierta,"Modalidades intramural, telemedicina - prestador remisor - categoría telexpenicia: 42. Cumple con los criterios que le sean aplicables de todos los servicios y adicionalmente cuenta con la siguiente información documentada: Se verifico en el estándar transversal. 42.1. Criterios de ingreso y egreso al servicio: Prestador no presenta documentación. 42.2. Manejo de las principales causas de hospitalización, según oferta: Se verifica las causas principales de atención mediante el principio es...",Administrador,calidad,,Misionales,12/Mar/2025,,Resolución 3100 de 2019:,PE,NO,,-
,,,,,,,,,,5. Procesos Prioritarios,,,,
1913,No Conformidad,Abierta,"48. Cumple con los criterios que le sean aplicables de todos los servicios: Ver transversal de historia clinica, cuenta con historia clinica digital.",Administrador,calidad,,Misionales,12/Mar/2025,,Resolución 3100 de 2019:,PE,NO,,-
,,,,,,,,,,6. Historia clínica y registros,,,,
1914,No Conformidad,Abierta,"1. Cumple con los criterios que le sean aplicables de todos los servicios y adicionalmente, disponibilidad de: Ver Estándar transversal Talento Humano.",Administrador,calidad,,Gestión de Talento Humano,12/Mar/2025,,Resolución 3100 de 2019:,PE,NO,,-
,,,,,,,,,,1. Talento Humano,,,,
1915,No Conformidad,Abierta,Modalidades intramural. telemedicina - prestador remisor - categoría telexpenicia: 20. Cumple con los criterios que le sean aplicables de todos los servicios y adicionalmente cuenta con: No cumple con los criterios que le sean aplicables de todos los servicios. 20.1. Sala de procedimientos cuando el servicio cuente con habitaciones múltiples: No cuenta con sala de procedimientos. 20.2. Estación de enfermería: No cuenta con estación de enfermeria. 20.4. Habitación individual o múltiple par...,Administrador,calidad,,Gestión de Recursos,12/Mar/2025,,Resolución 3100 de 2019:,PE,NO,,-
,,,,,,,,,,2. Infraestructura,,,,
1916,No Conformidad,Abierta,21. Disponibilidad de: 21 .1. Sala de visitas: No dispone de sala de visitas. 21.2. Unidades sanitarias discriminadas por sexo: No dispone de unidades sanitarias discriminadas por sexo. 21.3. Ambiente para almacenamiento y distribución de alimentos: No dispone de ambiente para la preparación y distribución de alimentos.,Administrador,calidad,,Gestión de Recursos,12/Mar/2025,,Resolución 3100 de 2019:,PE,NO,,-
,,,,,,,,,,2. Infraestructura,,,,
1917,No Conformidad,Abierta,25. Cumple con los criterios que le sean aplicables de todos los servicios y adicionalmente cuenta con: Revisar estándar transversal.,Administrador,calidad,,Gestión de Recursos,12/Mar/2025,,Resolución 3100 de 2019:,PE,NO,,-
,,,,,,,,,,3. Dotación,,,,
1918,No Conformidad,Abierta,"35. Cumple con los criterios que le sean aplicables de todos los servicios y adicionalmente, cuenta con: No cumple con los criterios que le sean aplicables de todos los servicios.",Administrador,calidad,,Gestión de Recursos,12/Mar/2025,,Resolución 3100 de 2019:,PE,NO,,-
,,,,,,,,,,"4. Medicamentos, dispositivos médicos e insumos",,,,
1919,No Conformidad,Abierta,"Modalidades intramural, telemedicina - prestador remisor - categoría telexpenicia: 42. Cumple con los criterios que le sean aplicables de todos los servicios y adicionalmente cuenta con la siguiente información documentada: Se verifico en el estándar transversal. 42.1. Criterios de ingreso y egreso al servicio: Prestador no presenta documentación. 42.2. Manejo de las principales causas de hospitalización, según oferta: Se verifica las causas principales de atención mediante el principio es...",Administrador,calidad,,Misionales,12/Mar/2025,,Resolución 3100 de 2019:,PE,NO,,-
,,,,,,,,,,5. Procesos Prioritarios,,,,
1920,No Conformidad,Abierta,"42.13. llustrar al paciente en el auto cuidado de la salud y la preservación de la seguridad de su atención: El prestador cuenta con documento definido como PROTOCOLO AUTOCUIDADO PACIENTE Y SUS CUIDADORES PT-MI-HO 01- Versión 2 fecha junio 20204, no se encuentra socializado para el afip 2024. 42.14. Información a usuarios: El prestador no presenta documento solicitado. 42.15. Revisión del carro de paro: Cuenta con el documento CHEQUEO DEL DESFIBIRLADOR Y VERIFICACIÓN DEL CARRO DE PARO,sin c...",Administrador,calidad,,Misionales,12/Mar/2025,,Resolución 3100 de 2019:,PE,NO,,-
,,,,,,,,,,5. Procesos Prioritarios,,,,
1921,No Conformidad,Abierta,"48. Cumple con los criterios que le sean aplicables de todos los servicios: Ver transversal de historia clinica, cuenta con historia clinica digital.",Administrador,calidad,,Misionales,12/Mar/2025,,Resolución 3100 de 2019:,PE,NO,,-
,,,,,,,,,,6. Historia clínica y registros,,,,
1922,No Conformidad,Abierta,"10.3. Minimo una (1) unidad sanitaria discriminada por sexo apta para personas con movilidad reducida, o bateria sanitaria discriminada por sexo con minimo una (1) unidad sanitaria aptapara personas con movilidad reducida, cuando el prestador cuente con más de dos consultorios o ambientes de entrevista: No cuenta con bacterias sanitarias discriminadas por sexo con una (1) unidad sanitaria apta para personas con movilidad reducida.",Administrador,calidad,,Gestión de Recursos,12/Mar/2025,,Resolución 3100 de 2019:,PE,NO,,-
,,,,,,,,,,2. Infraestructura,,,,
1923,No Conformidad,Abierta,"19. El consultorio donde se realice examen físico cumple con los criterios que le sean aplicables de todos los servicios y adicionalmente cuenta con: 19.5. Equipo de órganos de los sentidos: No cuenta con equipo de órganos de los sentidos. 19.6. Martillo de reflejos: No cuenta con martillo de reflejos. 19.10. Termómetro, cuando lo requiera: No cuenta con termómetro.",Administrador,calidad,,Gestión de Recursos,12/Mar/2025,,Resolución 3100 de 2019:,PE,NO,,-
,,,,,,,,,,3. Dotación,,,,
1924,No Conformidad,Abierta,"24. Para la consulta externa de medicina general, cuenta con: 24.1. Fonendoscopio para adulto o pediátrico según la oferta del servicio. 24.2. Tensiómetro para adulto o pediátrico según la oferta del servicio: 24.3. Equipo de órganos de los sentidos: 24.4. Oximetro: 24.5. Glucómetro: 24.6. Martillo de reflejos: 24.7. Termómetro, cuanto lo requiera: 24.8. Cinta métrica: 24.9. Báscula grado médico o pesa bebé, según la oferta del servicio: No cuenta con el equipo de este item correspondiente.",Administrador,calidad,,Gestión de Recursos,12/Mar/2025,,Resolución 3100 de 2019:,PE,NO,,-
,,,,,,,,,,3. Dotación,,,,
1925,No Conformidad,Abierta,25. El prestador de servicios de salud cuenta con la dotación necesaria para realizar los procedimientos documentados en el estándar de procesos prioritarios: Se encuentra documentado en el estándar de procesos prioritarios pero no se evidencian los equipos.,Administrador,calidad,,Gestión de Recursos,12/Mar/2025,,Resolución 3100 de 2019:,PE,NO,,-
,,,,,,,,,,3. Dotación,,,,
1926,No Conformidad,Abierta,32. Cumple con los criterios que le sean aplicables de todos los servicios: No Cumple con los criterios que le sean aplicables de todos los servicios.,Administrador,calidad,,Misionales,12/Mar/2025,,Resolución 3100 de 2019:,PE,NO,,-
,,,,,,,,,,"4. Medicamentos, dispositivos médicos e insumos",,,,
1927,No Conformidad,Abierta,"35. Cumple con los criterios que le sean aplicables de todos los servicios y adicionalmente cuando se realicen procedimientos. cuenta con la siguiente información documentada: 35.1. Procedimientos que se pueden realizar, incluyendo aquellos que requieran anestesia local y no impliquen anestesia regional ni seneral: Presenta el listado de procedimiento que se ejecutan dentro de la parte asistencial por parte delos profesionales de enfermeria para los servicios intramurales, para la prestación e...",Administrador,calidad,,Misionales,12/Mar/2025,,Resolución 3100 de 2019:,PE,NO,,-
,,,,,,,,,,5. Procesos Prioritarios,,,,
1928,No Conformidad,Abierta,"41. Cumple con los criterios que le sean aplicables de todos los servicios: Ver transversal de historia clinica, cuenta con historia clinica digital.",Administrador,calidad,,Misionales,12/Mar/2025,,Resolución 3100 de 2019:,PE,NO,,-
,,,,,,,,,,6. Historia clínica y registros,,,,
1929,No Conformidad,Abierta,"10.3. Mínimo una (1) unidad sanitaria discriminada por sexo apta para personas con movilidad reducida, o batería sanitaria discriminada por sexo con mínimo una (1) unidad sanitaria apta para personas con movilidad reducida, cuando el prestador cuente con más de dos consultorios o ambientes de entrevista: No cuenta con bacterias sanitarias discriminadas por sexo con una (1) unidad sanitaria apta para personas con movilidad reducida.",Administrador,calidad,,Gestión de Recursos,12/Mar/2025,,Resolución 3100 de 2019:,PE,NO,,-
,,,,,,,,,,2. Infraestructura,,,,
1930,No Conformidad,Abierta,32. Cumple con los criterios que le sean aplicables de todos los servicios: No Cumple con los criterios que le sean aplicables de todos los servicios.,Administrador,calidad,,Gestión de Recursos,12/Mar/2025,,Resolución 3100 de 2019:,PE,NO,,-
,,,,,,,,,,"4. Medicamentos, dispositivos médicos e insumos",,,,
1931,No Conformidad,Abierta,"35. Cumple con los criterios que le sean aplicables de todos los servicios y adicionalmente cuando se realicen procedimientos. cuenta con la siguiente información documentada: 35.1. Procedimientos que se pueden realizar, incluyendo aquellos que requieran anestesia local y no impliquen anestesia regional ni general: Presenta el listado de procedimiento que se ejecutan dentro de la parte asistencial por parte de los profesionales de medicina general para los servicios intramurales, para la prest...",Administrador,calidad,,Misionales,12/Mar/2025,,Resolución 3100 de 2019:,PE,NO,,-
,,,,,,,,,,5. Procesos Prioritarios,,,,
1932,No Conformidad,Abierta,"41. Cumple con los criterios que le sean aplicables de todos los servicios: Ver transversal de historia clinica, cuenta con historia clinica digital.",Administrador,calidad,,Misionales,12/Mar/2025,,Resolución 3100 de 2019:,PE,NO,,-
,,,,,,,,,,6. Historia clínica y registros,,,,
1933,No Conformidad,Abierta,"10.3. Mínimo una (1) unidad sanitaria discriminada por sexo apta para personas con movilidad reducida, o batería sanitaria discriminada por sexo con mínimo una (1) unidad sanitaria apta para personas con movilidad reducida, cuando el prestador cuente con más de dos consultorios o ambientes de entrevista: No cuenta con bacterias sanitarias discriminadas por sexo con una (1) unidad sanitaria apta para personas con movilidad reducida.",Administrador,calidad,,Gestión de Recursos,12/Mar/2025,,Resolución 3100 de 2019:,PE,NO,,-
,,,,,,,,,,2. Infraestructura,,,,
1934,No Conformidad,Abierta,32. Cumple con los criterios que le sean aplicables de todos los servicios: No Cumple con los criterios que le sean aplicables de todos los servicios.,Administrador,calidad,,Gestión de Recursos,12/Mar/2025,,Resolución 3100 de 2019:,PE,NO,,-
,,,,,,,,,,"4. Medicamentos, dispositivos médicos e insumos",,,,
1935,No Conformidad,Abierta,"41. Cumple con los criterios que le sean aplicables de todos los servicios: En visita de verificación no cumple con los criterios que le sean aplicables de todos los servicios, adicionalmente se evidencia que en el servicio la profesional no cuenta con computador para los registros de la historia clínica al momento de la atención , se evidencia que no todas las historias clínicas cuentan con consentimientos informados.",Administrador,calidad,,Misionales,12/Mar/2025,,Resolución 3100 de 2019:,PE,NO,,-
,,,,,,,,,,6. Historia clínica y registros,,,,
1936,No Conformidad,Abierta,"10.3. Mínimo una (1) unidad sanitaria discriminada por sexo apta para personas con movilidad reducida, o batería sanitaria discriminada por sexo con mínimo una (1) unidad sanitaria apta para personas con movilidad reducida, cuando el prestador cuente con más de dos consultorios o ambientes de entrevista: No cuenta con bacterias sanitarias discriminadas por sexo con una (1) unidad sanitaria apta para personas con movilidad reducida.",Administrador,calidad,,Gestión de Recursos,12/Mar/2025,,Resolución 3100 de 2019:,PE,NO,,-
,,,,,,,,,,2. Infraestructura,,,,
1937,No Conformidad,Abierta,"23.6. Instrumental básico definido por el prestador de acuerdo con la oferta del servicio (adultos o pediatría), la capacidad instalada, los procedimientos documentados en el estándar de procesos prioritarios y la técnica de esterilización y numero de ciclos de esterilización al dia: En el estándar de procesos prioritarios no se evidencia documentado el instrumental de acuerdo a lo verificado, tampoco se evidencia la técnica de esterilización y numero de ciclos de esterilización al día.",Administrador,calidad,,Gestión de Recursos,12/Mar/2025,,Resolución 3100 de 2019:,PE,NO,,-
,,,,,,,,,,3. Dotación,,,,
1938,No Conformidad,Abierta,"26. Para la consulta odontológica, cuenta con: 26.2. Lámpara de fotocurado o amalgamador según la oferta del servicio: No cuentan con lámpara de fotocurado para la modalidad. 26.6. Instrumental básico estéril definido por el prestador de acuerdo con la oferta del servicio (adultos o pediatria), la capacidad instalada y los procedimientos documentados en el estándar de procesos prioritarios: En el estándar de procesos prioritarios no se evidencia documentado el instrumental de acuerdo a lo ve...",Administrador,calidad,,Gestión de Recursos,12/Mar/2025,,Resolución 3100 de 2019:,PE,NO,,-
,,,,,,,,,,3. Dotación,,,,
1939,No Conformidad,Abierta,27. Cumple con los criterios que le sean aplicables de todos los servicios: Revisar estándar transversal.,Administrador,calidad,,Gestión de Recursos,12/Mar/2025,,Resolución 3100 de 2019:,PE,NO,,-
,,,,,,,,,,3. Dotación,,,,
1940,No Conformidad,Abierta,32. Cumple con los criterios que le sean aplicables de todos los servicios: No Cumple con los criterios que le sean aplicables de todos los servicios.,Administrador,calidad,,Misionales,12/Mar/2025,,Resolución 3100 de 2019:,PE,NO,,-
,,,,,,,,,,"4. Medicamentos, dispositivos médicos e insumos",,,,
1941,No Conformidad,Abierta,"35.1. Procedimientos que se pueden realizar, incluyendo aquellos que requieran anestesia local y no impliquen anestesia regional ni general: El prestador no cuenta con documento donde se evidencia los requisitos para manejo de anestesia local, cuenta con anotaciones en los protocolos de procedimientos donde deginie el manejo de la anestesia pero no describe las cantidades y riesgos posibles para el manejo y uso de los anestesico locales.",Administrador,calidad,,Misionales,12/Mar/2025,,Resolución 3100 de 2019:,PE,NO,,-
,,,,,,,,,,5. Procesos Prioritarios,,,,
1942,No Conformidad,Abierta,35.2. Información al paciente sobre: 35.2.1. Preparación: 35.2.2. Recomendaciones post procedimiento: 35.2.3. Controles: 35.2.4. Posibles complicaciones: No cuenta con la información solicitada.,Administrador,calidad,,Misionales,12/Mar/2025,,Resolución 3100 de 2019:,PE,NO,,-
,,,,,,,,,,5. Procesos Prioritarios,,,,
1943,No Conformidad,Abierta,"41. Cumple con los criterios que le sean aplicables de todos los servicios: El prestador no cuenta con registros de consentimientos firmados por el paciente ni por el profesional, se evidencia espacios vacíos, en los registros de la historia clínica.",Administrador,calidad,,Misionales,12/Mar/2025,,Resolución 3100 de 2019:,PE,NO,,-
,,,,,,,,,,6. Historia clínica y registros,,,,
1944,No Conformidad,Abierta,1.1. Profesional de la medicina o profesional de la enfermería: Se debe asignar un profesional de la Enfermeria o de la medicina para la supervisión del personal auxiliar.,Administrador,calidad,,Gestión de Talento Humano,12/Mar/2025,,Resolución 3100 de 2019:,PE,NO,,-
,,,,,,,,,,1. Talento Humano,,,,
1945,No Conformidad,Abierta,"4.4 Ambiente de vacunación, para administración de Mmedicamentos biológicos, que cuenta con: 4.4.3. Área para el alistamiento de termos o cajas térmicas: No cuenta con área para el alistamiento de termos. 4.4.4. Área de cadena de frío que incluye un mesón con poceta, con capacidad para el lavado de los termos, con grifo cuello de cisne o ducha teléfono, que puede estar ubicado en otro ambiente diferente al consultorio: No cuenta con área de cadena de frio. 4.4.6. Lavamanos: No cuenta con l...",Administrador,calidad,,Gestión de Recursos,12/Mar/2025,,Resolución 3100 de 2019:,PE,NO,,-
,,,,,,,,,,2. Infraestructura,,,,
1946,No Conformidad,Abierta,"5. Adicional a los criterios definidos para todos los servicios, la sede del prestador de servicios de salud que habilite el servicio de vacunación cuenta con: 5.1. Ambiente para el alistamiento de termos y cajas térmicas: No cuenta con área el alistamiento de termos o cajas térmicas. 5.2. Ambiente de cadena de frio, que puede ser el mismo de la modalidad intramural, que incluye un mesón con poceta, con capacidad para el lavado de los termos, con grifo cuello de cisne o ducha teléfono: No Cu...",Administrador,calidad,,Gestión de Recursos,12/Mar/2025,,Resolución 3100 de 2019:,PE,NO,,-
,,,,,,,,,,2. Infraestructura,,,,
1947,No Conformidad,Abierta,"8.1 Si se presenta interrupción de la cadena de frío, el prestador de servicios de salud realiza notificación segun el procedimiento establecido por el Invima: No cumplen con los criterios que sean aplicables de todos los servicio, cuenta con protocolo de notificacion si se presenta interrupción de la cadena de frio.",Administrador,calidad,,Misionales,12/Mar/2025,,Resolución 3100 de 2019:,PE,NO,,-
,,,,,,,,,,"4. Medicamentos, dispositivos médicos e insumos",,,,
1948,No Conformidad,Abierta,"10. Cumple con los criterios que le sean aplicables de todos los servicios, la modalidad intramural y adicionalmente cuenta con: 10.1 Si el prestador de servicios de salud administra la vacuna en un ambiente diferente al consultorio de vacunación cuenta con información documentada para el alistamiento de los biológicos para uso diario, así como la conservación de la cadena de frío. El prestador presenta documento denominado SALIDA EXTRAMURAL Pt-mi-ce-25 Versión 03 Fecha enero 2024, el cual se ...",Administrador,calidad,,Misionales,12/Mar/2025,,Resolución 3100 de 2019:,PE,NO,,-
,,,,,,,,,,5. Procesos Prioritarios,,,,
1949,No Conformidad,Abierta,"1. Cumple con los criterios que le sean aplicables de todos los servicios y adicionalmente, cuenta con: Ver Estándar transversal Talento Humano.",Administrador,calidad,,Gestión de Talento Humano,12/Mar/2025,,Resolución 3100 de 2019:,PE,NO,,-
,,,,,,,,,,1. Talento Humano,,,,
1950,No Conformidad,Abierta,7. Cumple con los criterios que le sean aplicables de todos los servicios: No cumple con todos los criterios aplicable a los servicios.,Administrador,calidad,,Gestión de Recursos,12/Mar/2025,,Resolución 3100 de 2019:,PE,NO,,-
,,,,,,,,,,2. Infraestructura,,,,
1951,No Conformidad,Abierta,"8. Cuenta con: 8.2.2. Ducha manual o lavaojos que puede ser compartida entre los ambientes técnicos: No cuenta con ducha manual o lavaojos. 8.4. Ambiente para la toma de muestras especiales (cuando las realice), que cumple con los criterios definidos para el servicio de toma de muestras de laboratorio clínico: No cuenta con ambiente para la toma de muestras especiales. 8.5. Cubiculo para toma de muestras, (cuando se realice), quecumple con los criterios definidos para el servicio de toma de...",Administrador,calidad,,Gestión de Recursos,12/Mar/2025,,Resolución 3100 de 2019:,PE,NO,,-
,,,,,,,,,,2. Infraestructura,,,,
1952,No Conformidad,Abierta,"12. Cumple con los criterios que le sean aplicables de todos los servicios y adicionalmente, cuenta con: Revisar estándar transversal.",Administrador,calidad,,Gestión de Recursos,12/Mar/2025,,Resolución 3100 de 2019:,PE,NO,,-
,,,,,,,,,,3. Dotación,,,,
1953,No Conformidad,Abierta,"14. Cumple con los criterios que le sean aplicables de todos los servicios y adicionalmente cuenta con: Medicamentos, dispositivos médicos e insumos requeridos para el procesamiento de las muestras, de acuerdo con las pruebas que realice: No Cumple con los criterios que le sean aplicables de todos los servicios, cuenta con Medicamentos, dispositivos médicos e insumos requeridos para el procesamiento de las muestras.",Administrador,calidad,,Gestión de Recursos,12/Mar/2025,,Resolución 3100 de 2019:,PE,NO,,-
,,,,,,,,,,"4. Medicamentos, dispositivos médicos e insumos",,,,
1954,No Conformidad,Abierta,"Modalidades intramural, extramural unidad móvil, jornada de salud, telemedicina - prestador remisor: 16. Cumple con los criterios que le sean aplicables de todos los servicios y adicionalmente cuenta con la siguiente información documentada: Nota: No registra observación. 16.1. Programa de control de calidad interno y externo, que contemple las pruebas realizadas: El prestador para la vigencia 2024 no ha participado en el control externo de calidad, presenta soporte de contratación desde el ...",Administrador,calidad,,Gestión de Calidad,12/Mar/2025,,Resolución 3100 de 2019:,PE,NO,,-
,,,,,,,,,,5. Procesos Prioritarios,,,,
1955,No Conformidad,Abierta,"Modalidades intramural, extramural unidad móvil, jornada de salud, telemedicina - prestador remisor 18. Cumple con los criterios que le sean aplicables de todos los servicios y adicionalmente cuenta con: No cumple con los criterios que le son aplicables a todos los servicios. 18.3. Registro de validación secundaria o verificación: El prestador no presenta la información solicitada. 18.6. Registro de control de calidad interno y externo: Cuenta con registros y analisis del control interno, ...",Administrador,calidad,,Misionales,12/Mar/2025,,Resolución 3100 de 2019:,PE,NO,,-
,,,,,,,,,,6. Historia clínica y registros,,,,
1956,No Conformidad,Abierta,1. Cumple con los criterios que le sean aplicables de todos los servicios y adicionalmente cuenta con: Ver Estándar transversal Talento Humano.,Administrador,calidad,,Gestión de Talento Humano,12/Mar/2025,,Resolución 3100 de 2019:,PE,NO,,-
,,,,,,,,,,1. Talento Humano,,,,
1957,No Conformidad,Abierta,3. Cumple con los criterios que le sean aplicables de todos los servicios y adicionalmente: No cumple con todos los criterios aplicable a los servicios.,Administrador,calidad,,Gestión de Recursos,12/Mar/2025,,Resolución 3100 de 2019:,PE,NO,,-
,,,,,,,,,,2. Infraestructura,,,,
1958,No Conformidad,Abierta,"4. Cuenta con: 4.2. Cubiculo para la toma de muestras: No cuenta con cubículo para la toma de muestras. 4.3. Ambiente para la toma de muestras especiales cuando lo oferte, cuenta con unidad sanitaria y perchero (si el procedimiento lo indica): No cuenta con ambiente para la toma de muestras especiales. 4.4. Lavamanos: No cuenta con lavamanos. 4.5. Area de preparación, embalaje y remisión de las muestras que cuenta con: No cuenta con área de preparación, embalaje y remisión de las muestas...",Administrador,calidad,,Gestión de Recursos,12/Mar/2025,,Resolución 3100 de 2019:,PE,NO,,-
,,,,,,,,,,2. Infraestructura,,,,
1959,No Conformidad,Abierta,"Modalidades intramural, extramural unidad móvil, jornada de salud y domiciliaria: 7. Cumple con los criterios que le sean aplicables de todos los servicios y adicionalmente cuenta con: Revisar estándar transversal. 7.1 Equipos biomédicos necesarios, según las muestras que se tomen, de acuerdo con lo documentado en el estándar de procesos prioritarios. No cuenta con la documentación donde se describan los equipos necesarios para la prestación del servicio en las modalidades.",Administrador,calidad,,Gestión de Recursos,12/Mar/2025,,Resolución 3100 de 2019:,PE,NO,,-
,,,,,,,,,,3. Dotación,,,,
1960,No Conformidad,Abierta,"Modalidades intramural, extramural unidad móvil, jornada de dsalud y domiciliaria: 8. Cumple con los criterios que le sean aplicables de todos los servicios y adicionalmente cuenta con: No cumple con los criterios que le sean aplicables de todos los servicios.",Administrador,calidad,,Misionales,12/Mar/2025,,Resolución 3100 de 2019:,PE,NO,,-
,,,,,,,,,,"4. Medicamentos, dispositivos médicos e insumos",,,,
1961,No Conformidad,Abierta,"Modalidades intramural, extramural unidad móvil, jornada de salud y domiciliaria: 9. Cumple con los criterios que le sean aplicables de todos los Servicios y adicionalmente, cuenta con la siguiente información documentada: No cumple con los criterios que le son aplicables a todos los servicios. 9.4. Procedimiento y condiciones para la toma de muestras en la modalidad extramural cuando se realicen: El prestador cuenta con documento MA-MI-LA 13 Manual de toma, transporte, conservación y remisi...",Administrador,calidad,,Misionales,12/Mar/2025,,Resolución 3100 de 2019:,PE,NO,,-
,,,,,,,,,,5. Procesos Prioritarios,,,,
1962,No Conformidad,Abierta,10. Cumple con los criterios que le sean aplicables de todos los servicios y adicionalmente cuenta con: No cumple con los criterios que le son aplicables a todos los servicios.,Administrador,calidad,,Misionales,12/Mar/2025,,Resolución 3100 de 2019:,PE,NO,,-
,,,,,,,,,,6. Historia clínica y registros,,,,
1963,No Conformidad,Abierta,"1. Cumple con los criterios que le sean aplicables de todos los: No cuentan con Tecnologo en Regencia de Farmacia, se evidencia que la auxiliar NUBIA JANTEH.",Administrador,calidad,,Gestión de Talento Humano,12/Mar/2025,,Resolución 3100 de 2019:,PE,NO,,-
,,,,,,,,,,1. Talento Humano,,,,
1964,No Conformidad,Abierta,4. Cumple con los criterios que le sean aplicables de todos los servicios: No cumple con los criterios que le sean aplicables de todos los servicios.,Administrador,calidad,,Gestión de Recursos,12/Mar/2025,,Resolución 3100 de 2019:,PE,NO,,-
,,,,,,,,,,2. Infraestructura,,,,
1965,No Conformidad,Abierta,11. Cumple con los criterios que le sean aplicables de todos los servicios: No cumple con los criterios que le sean aplicables de todos los servicios.,Administrador,calidad,,Misionales,12/Mar/2025,,Resolución 3100 de 2019:,PE,NO,,-
,,,,,,,,,,"4. Medicamentos, dispositivos médicos e insumos",,,,
1966,No Conformidad,Abierta,11. Cumple con los criterios que le sean aplicables de todos los servicios: No cumple con los criterios que le sean aplicables de todos los servicios.,Administrador,calidad,,Misionales,12/Mar/2025,,Resolución 3100 de 2019:,PE,NO,,-
,,,,,,,,,,"4. Medicamentos, dispositivos médicos e insumos",,,,
1967,No Conformidad,Abierta,15. Cumple con los criterios que le sean aplicables de todos los servicios y adicionalmente cuenta con la siguiente información documentada: No cumple con los criterios que le sean aplicables de todos los servicios.,Administrador,calidad,,Misionales,12/Mar/2025,,Resolución 3100 de 2019:,PE,NO,,-
,,,,,,,,,,5. Procesos Prioritarios,,,,
1968,No Conformidad,Abierta,19. Cumple con los criterios que le sean aplicables de todos los servicios: No Cumple con los criterios que le sean aplicables de todos los servicios.,Administrador,calidad,,Misionales,12/Mar/2025,,Resolución 3100 de 2019:,PE,NO,,-
,,,,,,,,,,6. Historia clínica y registros,,,,
1969,No Conformidad,Abierta,1. Cumple con los criterios que le sean aplicables de todos los servicios y adicionalmente cuenta con: Estandar transversal Talento Humano.,Administrador,calidad,,Gestión de Talento Humano,12/Mar/2025,,Resolución 3100 de 2019:,PE,NO,,-
,,,,,,,,,,1. Talento Humano,,,,
1970,No Conformidad,Abierta,"Modalidad intramural: 3. Cumple con los criterios que le sean aplicables de todos los servicios y adicionalmente cuenta con: No cumple con todos los criterios aplicable a los servicios. 3.1. Ambiente para la toma de muestras especiales, con unidad sanitaria y perchero: No cuenta con ambiente para la toma de muestras especiales, con unidad sanitaria y perchero. 3.3. Área o ambiente de preparación, embalaje y remisión de las muestras con mesón de trabajo: No dispone de área de preparación, e...",Administrador,calidad,,Gestión de Recursos,12/Mar/2025,,Resolución 3100 de 2019:,PE,NO,,-
,,,,,,,,,,2. Infraestructura,,,,
1971,No Conformidad,Abierta,6. Cumple con los criterios que le sean aplicables de todos los servicios y adicionalmente cuenta con: Revisar estándar transversal.,Administrador,calidad,,Gestión de Recursos,12/Mar/2025,,Resolución 3100 de 2019:,PE,NO,,-
,,,,,,,,,,3. Dotación,,,,
1972,No Conformidad,Abierta,7. Cumple con los criterios que le sean aplicables de todos los servicios y adicionalmente cuenta con: No cumple con los criterios que le sean aplicables de todos los servicios.,Administrador,calidad,,Misionales,12/Mar/2025,,Resolución 3100 de 2019:,PE,NO,,-
,,,,,,,,,,"4. Medicamentos, dispositivos médicos e insumos",,,,
1973,No Conformidad,Abierta,"odalidades intramural, extramural unidad móvil y jornada de salud: 8. Cumple con los criterios que le sean aplicables de todos los servicios y adicionalmente, cuenta con la siguiente información documentada: No cumplen con los criterios que le son aplicables de todos los servicios. 8.4. Control de calidad: No cuenta con la información documentada. 8.5. Entrega de resultados: El prestador en el momento de la visita se observan resultados pendientes desde el día 29 de agosto hasta la fecha, ...",Administrador,calidad,,Misionales,12/Mar/2025,,Resolución 3100 de 2019:,PE,NO,,-
,,,,,,,,,,5. Procesos Prioritarios,,,,
1974,No Conformidad,Abierta,"Modalidades intramural, extramural unidad móvil y jornada de salud: 9. Cumple con los criterios que le sean aplicables de todos los servicios y adicionalmente cuenta con los siguientes registros: No cumplen con los criterios que le son aplicables de todos los servicios. 9.4. Análisis del control de calidad y de las medidas preventivas y correctivas: No cuenta con la información documentada.",Administrador,calidad,,Misionales,12/Mar/2025,,Resolución 3100 de 2019:,PE,NO,,-
,,,,,,,,,,6. Historia clínica y registros,,,,
1975,No Conformidad,Abierta,"1. Cumple con los criterios que le sean aplicables de todos los servicios y adicionalmente, cuenta con: Ver Estándar transversal Talento Humano.",Administrador,calidad,,Gestión de Talento Humano,12/Mar/2025,,Resolución 3100 de 2019:,PE,NO,,-
,,,,,,,,,,1. Talento Humano,,,,
1976,No Conformidad,Abierta,"Modalidades intramural, telemedicina - prestador remisor: 9. Cumple con los criterios que le sean aplicables de todos los servicios y adicionalmente cuenta con: No cumple con todos los criterios aplicable a los servicios. 9.2. Area de recepción y entrega de pacientes: No cuenta con área de recepción y entrega de pacientes. 9.3. Vestidor para pacientes que funciona como filtro: No cuenta con vestidor para pacientes que funciona como filtro. 9.4. Vestidor para talento humano que funciona co...",Administrador,calidad,,Gestión de Recursos,12/Mar/2025,,Resolución 3100 de 2019:,PE,NO,,-
,,,,,,,,,,2. Infraestructura,,,,
1977,No Conformidad,Abierta,"11. Ambiente de trabajo de parto cuenta con: No cuenta con ambiente de trabajo de partos. 11.1. Ambiente para dos camillas por cada mesa de parto: No cuenta con ambiente para dos camillas por cada mesa de parto. 11.2. Sistema de vacío: No cuenta con sistema de vacio, pero la red no se encuentran funcionamiento. Barrera física móvil o fija entre camillas que permite fácil limpieza y desinfección y la privacidad del paciente, cuando exista más de una camilla: No cuenta con barrera fisica mó...",Administrador,calidad,,Gestión de Recursos,12/Mar/2025,,Resolución 3100 de 2019:,PE,NO,,-
,,,,,,,,,,2. Infraestructura,,,,
1978,No Conformidad,Abierta,"Barrera física móvil o fija entre camillas que permite fácil limpieza y desinfección y la privacidad del paciente, cuando exista más de una camilla: 12.2. Sistema de vacío: No cuenta con sistema de vacio, pero la red no se encuentran funcionamiento. 12.3. Lavamanos quirúrgico en cantidad igual al número de partos, ubicado antes del ingreso a cada sala de partos: No cuenta con dos lavamanos quirúrgico. 12.4 La puerta de la sala permite la visualización entre el interior y el exterior o cuent...",Administrador,calidad,,Gestión de Recursos,12/Mar/2025,,Resolución 3100 de 2019:,PE,NO,,-
,,,,,,,,,,2. Infraestructura,,,,
1979,No Conformidad,Abierta,15. Ambiente de recuperación que cuenta con: No cuenta con ambiente de recuperación. 15.1 Puesto de enfermería: No cuenta con peusto de enfermeria. 15.2. Área para dos camillas por cada mesa de parto: No cuenta con dos camillas para la sala de partos.,Administrador,calidad,,Gestión de Recursos,12/Mar/2025,,Resolución 3100 de 2019:,PE,NO,,-
,,,,,,,,,,2. Infraestructura,,,,
1980,No Conformidad,Abierta,"Modalidades Intramural, telemedicina - prestador remisor: 19. Cumple con los criterios que le sean aplicables de todos los servicios y adicionalmente: Revisar estándar transversal.",Administrador,calidad,,Gestión de Recursos,12/Mar/2025,,Resolución 3100 de 2019:,PE,NO,,-
,,,,,,,,,,3. Dotación,,,,
1981,No Conformidad,Abierta,19.2. La sala de partos cuenta con: 19.2.1 Lámpara pielftica o cielltica: No cuenta con lámpara pielitica. 19.2.3. Equipo para atención de partos: El equipo para la atención de partos se encuentra con óxido. 19.2.4. Equipo de episiotomla y episiorrafia: El equipo de episiotomía y episorrafia se encuentra con óxido.,Administrador,calidad,,Gestión de Recursos,12/Mar/2025,,Resolución 3100 de 2019:,PE,NO,,-
,,,,,,,,,,3. Dotación,,,,
1982,No Conformidad,Abierta,"19.3.7. Laringoscopio con hoja neonatal: Cuenta con laringoscopio con hojas rectas y curvas para adultos, se evidencia una hoja de paciente neonatal, no se encuentran esteriles.",Administrador,calidad,,Gestión de Recursos,12/Mar/2025,,Resolución 3100 de 2019:,PE,NO,,-
,,,,,,,,,,3. Dotación,,,,
1983,No Conformidad,Abierta,"Modalidades intramural, telemedicina - prestador remisor: 24. Cumple con los criterios que le sean aplicables de todos los servicios y adicionalmente cuenta con: No cumple con los criterios que le sean aplicables de todos los servicios. 24.1. Catéteres para vena umbilical: No cuenta con Catéteres para vena umbilical.",Administrador,calidad,,Misionales,12/Mar/2025,,Resolución 3100 de 2019:,PE,NO,,-
,,,,,,,,,,"4. Medicamentos, dispositivos médicos e insumos",,,,
1984,No Conformidad,Abierta,25.1. Catéteres para vena umbilical: No cuenta con Catéteres para vena umbilical.,Administrador,calidad,,Misionales,12/Mar/2025,,Resolución 3100 de 2019:,PE,NO,,-
,,,,,,,,,,"4. Medicamentos, dispositivos médicos e insumos",,,,
1985,No Conformidad,Abierta,"Modalidades intramural, telemedicina - prestador remisor: 27. Cumple con los criterios que le sean aplicables de todos los servicios y adicionalmente cuenta con la siguiente información documentada: Ver transversal de procesos prioritarios. 27.1. Atención del parto: La ESE cuenta con documento disminuir los riegos de enfermedad y muerte de la mujer y el recién nacido y optimizar el pronóstico de los mismo durante todas las etapas del parto, iniciando con la admisión de la paciente en el tria...",Administrador,calidad,,Misionales,12/Mar/2025,,Resolución 3100 de 2019:,PE,NO,,-
,,,,,,,,,,5. Procesos Prioritarios,,,,
1986,No Conformidad,Abierta,"30. Cumple con los criterios que le sean aplicables de todos los servicios y adicionalmente cuenta con partograma para toda materna en trabajo de parto: Ver transversal de historia clinica, cuenta con historia clinica digital que incluye partograma.",Administrador,calidad,,Misionales,12/Mar/2025,,Resolución 3100 de 2019:,PE,NO,,-
,,,,,,,,,,6. Historia clínica y registros,,,,
1987,No Conformidad,Abierta,"16. El servicio de urgencias cuenta con: No cumple con todos los criterios aplicable a los servicios. 16.1. Acceso directo desde el exterior de la edificación, localizado en el mismo piso o nivel donde funciona el servicio: No se evidencia acceso directo desde el exterior de la edificación, localizado en el mismo piso. 16.2. Ambientes y áreas definidas para la prestación del servicio, ubicadas en el mismo piso o nivel: No cumple con el criterio descrito en este item. 16.3. Circulación al ...",Administrador,calidad,,Gestión de Talento Humano,12/Mar/2025,,Resolución 3100 de 2019:,PE,NO,,-
,,,,,,,,,,1. Talento Humano,,,,
1988,No Conformidad,Abierta,"Modalidades intramura/, telemedicina - prestador remisor: 18. Cumple con los criterios que le sean aplicables de todos los servicios y adicionalmente cuenta con: No cumple con todos los criterios aplicable a los servicios. 18.1. Sala de espera: No cuenta con sala de espera. 18.2. Unidades sanitarias discriminadas por sexo. De las cuales mínimo una (1) unidad sanitaria discriminada por sexo, es apta para personas con movilidad reducida: No cuenta con unidades sanitarias discriminadas por se...",Administrador,calidad,,Gestión de Recursos,12/Mar/2025,,Resolución 3100 de 2019:,PE,NO,,-
,,,,,,,,,,2. Infraestructura,,,,
1989,No Conformidad,Abierta,18.14. Sala de reanimación (12 m2) que cuenta con: No cuenta con sala de reanimación. 18.14.1 Mesón de trabajo con poceta: No cuenta con meson de trabajo con poceta. 18.14.2. Lavamanos: No cuenta con lavamanos.,Administrador,calidad,,Gestión de Recursos,12/Mar/2025,,Resolución 3100 de 2019:,PE,NO,,-
,,,,,,,,,,2. Infraestructura,,,,
1990,No Conformidad,Abierta,"18.15. Sala de observación adultos (6 m2 por camilla) independiente por sexo, que cuenta con: No cuenta con sala de observación adultos de seis (6) camillas. 18.15.1. Estación de enfermería que puede compartirse con la sala de observación pediátrica: No cuenta con estación de enfermeria. 18.15.2. Baño discriminado por sexo con ducha teléfono: No cuenta con baño discriminado por sexo. 18.15.3. Barrera física móvil o fija entre camillas: No cuenta con barrera física móvil entre camillas. 1...",Administrador,calidad,,Gestión de Recursos,12/Mar/2025,,Resolución 3100 de 2019:,PE,NO,,-
,,,,,,,,,,2. Infraestructura,,,,
1991,No Conformidad,Abierta,"18.16. Sala de observación pediátrica (6 m2 por camilla), que cuenta con: No cuenta con sala de observación pediatrica para dos (2) camillas. 18.16.1. Estación de enfermería que (puede compartirse con la sala de observación adultos: No cuenta cone estación de enfermeria que se comparte con observación adultos. 18.16.2. Baño con ducha teléfono y área acondicionada para batiar y vestir los lactantes: No cuenta con baño con ducha telefono. 18.16.3. Barrera física móvil o fija entre camillas: ...",Administrador,calidad,,Gestión de Recursos,12/Mar/2025,,Resolución 3100 de 2019:,PE,NO,,-
,,,,,,,,,,2. Infraestructura,,,,
1992,No Conformidad,Abierta,"22. Cumple con los criterios que le sean aplicables de todos los servicios y adicionalmente cuenta con: Revisar estándar transversal. 22.3. Elementos para sujeción física para pacientes adultos y pediátricos: No cuenta con elementos para sujeción física para pacientes adultos y pediátricos. 22.4. Equipo de toracostomia: No cuenta con equipo de toracostomia. 22.5. Carro de paro para paciente adulto y pediátrico: No cuenta con dotacion a paciente pediatrico, laringoscopio sin esterilizar.",Administrador,calidad,,Gestión de Recursos,12/Mar/2025,,Resolución 3100 de 2019:,PE,NO,,-
,,,,,,,,,,3. Dotación,,,,
1993,No Conformidad,Abierta,"23. Consultorio de urgencias, que cuenta con: No cuenta con consultorio de urgencias. 23.2. Tensiómetro adulto y pediátrico: No cuenta con tensiómetro adulto, no cuenta con tensiometro pediátrico, en el area adaptada. 23.3. Fonendoscopio adulto y pediátrico: No cuenta con fonendoscopio adulto, no cuenta con fonendoscopio pediátrico, en el area. 23.4. Termómetro: No cuenta con termometro, en el area adaptada. 23.8. Martillo de reflejos: No cuenta con martillo de reflejos, en el area adap...",Administrador,calidad,,Gestión de Recursos,12/Mar/2025,,Resolución 3100 de 2019:,PE,NO,,-
,,,,,,,,,,3. Dotación,,,,
1994,No Conformidad,Abierta,"24. Sala de procedimientos, que cuenta con: 24.3. Equipo de pequeña cirugía: No cuenta con equipo de pequeña cirugía. 24.4. Dotación requerida conforme con lo documentado en el estándar de procesos prioritarios: En el estándar de procesos prioritarios no describe la dotación requerida para el servicio. 24.5. Oxigeno medicinal que puede ser suministrado mediantesalida de oxigeno medicinal o mediante oxigeno medicinal portátil: No cuenta con oxigeno medicinal. 24.6. Succión. Puede ser sumin...",Administrador,calidad,,Gestión de Recursos,12/Mar/2025,,Resolución 3100 de 2019:,PE,NO,,-
,,,,,,,,,,3. Dotación,,,,
1995,No Conformidad,Abierta,"26. Sala de observación, que cuenta con: 26.2. Dotación requerida conforme con lo documentado en el estándar de procesos prioritarios: En el estándar de procesos prioritarios no describe la dotación requerida para el servicio. 26.3. Oxigeno medicinal que puede ser suministrado mediante salida de oxigeno medicinal o mediante oxigeno medicinal portátil por camilla: No cuenta con oxigeno medicinal. 26.4. Succión. Puede ser suministrado mediante sistema devacio o mediante aspirador: No cuenta ...",Administrador,calidad,,Gestión de Recursos,12/Mar/2025,,Resolución 3100 de 2019:,PE,NO,,-
,,,,,,,,,,3. Dotación,,,,
1996,No Conformidad,Abierta,27. Ambiente de transición que cuenta con: No cuenta con ambiente de transición. 27.1. Silla reclinable escualizable: No Cuenta con silla reclinable.,Administrador,calidad,,Gestión de Recursos,12/Mar/2025,,Resolución 3100 de 2019:,PE,NO,,-
,,,,,,,,,,3. Dotación,,,,
1997,No Conformidad,Abierta,"28. Sala de reanimación, que cuenta con: 28.2. Mesa auxiliar rodante: No cuenta con mesa auxilixar rodante. 28.3. Aspirador para cada camilla: No cuenta con aspirador para cada camilla.",Administrador,calidad,,Gestión de Recursos,12/Mar/2025,,Resolución 3100 de 2019:,PE,NO,,-
,,,,,,,,,,3. Dotación,,,,
1998,No Conformidad,Abierta,28.4. Monitor de signos vitales con accesorios adultos o pediátricos que cuenta como mínimo con: No cuenta con monitor. 28.4.1. Trazado electrocardiográfico: No cuenta con monitor. 28.4.2. Presión no invasiva: No cuenta con monitor. 28.4.3. Saturación de oxigeno: No cuenta con monitor. 28.4.4. Temperatura: No cuenta con monitor. 28.6. Lámpara o fuente de iluminación móvil o fija: No cuenta con lámpara. 28.7. Carro de paro: No cuenta con carro de paro.,Administrador,calidad,,Gestión de Recursos,12/Mar/2025,,Resolución 3100 de 2019:,PE,NO,,-
,,,,,,,,,,3. Dotación,,,,
1999,No Conformidad,Abierta,34. Cumple con los Criterios que le sean aplicables de todos los servicios y adicionalmente cuenta con: No cumple con los criterios que le sean aplicables de todos los servicios.,Administrador,calidad,,Misionales,12/Mar/2025,,Resolución 3100 de 2019:,PE,NO,,-
,,,,,,,,,,"4. Medicamentos, dispositivos médicos e insumos",,,,
2000,No Conformidad,Abierta,36. Cumple con los criterios definidos en todos los servicios y adicionalmente cuenta con la siguiente información documentada: Ver transversal procesos prioritarios. 36.1. Ronda médica de evolución diaria de pacientes: La ESE presenta PR-MI-HO-01 ronda de seguridad del paciente lo cual no es alugar a lo solicitado en el presente criterio. 36.3. Entrega de turno por parte de enfermería y de medicina: La ESE presenta documento PT-MI-CE-29 protocolo de recibo y entrega de turno el cual tiene ...,Administrador,calidad,,Misionales,12/Mar/2025,,Resolución 3100 de 2019:,PE,NO,,-
,,,,,,,,,,5. Procesos Prioritarios,,,,
2001,No Conformidad,Abierta,36.15. Criterios clinicos para la ubicación y atención de pacientes en el ambiente de transición: No cuenta con la informacion solicitada.,Administrador,calidad,,Misionales,12/Mar/2025,,Resolución 3100 de 2019:,PE,NO,,-
,,,,,,,,,,5. Procesos Prioritarios,,,,
2002,No Conformidad,Abierta,"36.16. Criterios clínicos para referir y recibir a un usuario a servicios de consulta externa, hospitalización u otros servicios de cualquier complejidad: No cuenta con la informacion solicitada.",Administrador,calidad,,Misionales,12/Mar/2025,,Resolución 3100 de 2019:,PE,NO,,-
,,,,,,,,,,5. Procesos Prioritarios,,,,
2003,No Conformidad,Abierta,36.17. Identificación de pacientes que por su condición clinica pueden ser tratados en su domicilio: No cuenta con la informacion solicitada.,Administrador,calidad,,Misionales,12/Mar/2025,,Resolución 3100 de 2019:,PE,NO,,-
,,,,,,,,,,5. Procesos Prioritarios,,,,
2004,No Conformidad,Abierta,36.18. Identificación de pacientes que por su condición clínica pueden ser derivados a servicios de consulta externa que cuenten con la estrategia de consulta prioritaria: No cuenta con la informacion solicitada.,Administrador,calidad,,Misionales,12/Mar/2025,,Resolución 3100 de 2019:,PE,NO,,-
,,,,,,,,,,5. Procesos Prioritarios,,,,
2005,No Conformidad,Abierta,"36.19. Manejo de urgencias que incluya: No cuenta con toda la informacion documentada. 36.19.2. Agitación psicomotora, conducta suicida y agresión a terceros: La ESE cuenta con documento PT-MI-UR-47 paciente agitado en el servicio de urgencia el cual dicta los lineamientos y estrategias para el manejo del paciente agitado, conducta suicida y agresión a terceros, el cual no se encuentra socializado. 36.19.3. Agudización de síntomas psiquiátricos e intervención en crisis: La ESE cuenta con do...",Administrador,calidad,,Misionales,12/Mar/2025,,Resolución 3100 de 2019:,PE,NO,,-
,,,,,,,,,,5. Procesos Prioritarios,,,,
2006,No Conformidad,Abierta,"36.21. Información al paciente sobre recomendaciones al egreso, criterios de reingreso, controles y posibles complicaciones: No cuenta con la informacion solicitada.",Administrador,calidad,,Misionales,12/Mar/2025,,Resolución 3100 de 2019:,PE,NO,,-
,,,,,,,,,,5. Procesos Prioritarios,,,,
2007,No Conformidad,Abierta,"36.23. Atención en salud a víctimas de violencia sexual segun normatividad vigente: La ESE cuenta con documento protocolo de atención a víctimas de violencia sexual el cual tiene como objetivo garantizar la atención integral a toda víctima de violencia sexual de acorde a los criterios básicos e indispensables para el abordaje integral de las víctimas de violencia sexual, no se cuenta con soporte de socialización.",Administrador,calidad,,Misionales,12/Mar/2025,,Resolución 3100 de 2019:,PE,NO,,-
,,,,,,,,,,5. Procesos Prioritarios,,,,
2008,No Conformidad,Abierta,"36.24. Aislamiento de pacientes que por su condición clínica lo requieran: La ESE cuenta con documento PT-MI-HO-64 aislamiento de paciente el cual define los lineamientos para los diferentes tipos de aislamiento bajo las precauciones universales, no se cuenta con soporte de medición de adherencia ni de socialización.",Administrador,calidad,,Misionales,12/Mar/2025,,Resolución 3100 de 2019:,PE,NO,,-
,,,,,,,,,,5. Procesos Prioritarios,,,,
2009,No Conformidad,Abierta,"36.25. Documento que orienta la atención en salud de pacientes con problemas y trastornos en salud mental o consumo de sustancias psicoactivas: La ESE cuenta con documento guía clinica para la atención y manejo de la depresión en salud mental la cual tiene como objetivo establecer pautas de manejo de la depresión que permita un diagnóstico oportuno y manejo de los paciente con problemas de salud mental, al momento de la verificación no se cuenta con soporte de socialización con el personal de u...",Administrador,calidad,,Misionales,12/Mar/2025,,Resolución 3100 de 2019:,PE,NO,,-
,,,,,,,,,,5. Procesos Prioritarios,,,,
2010,No Conformidad,Abierta,39. Cumple con los criterios que le sean aplicables de todos los servicios: ver transversal de historia clinica.,Administrador,calidad,,Misionales,12/Mar/2025,,Resolución 3100 de 2019:,PE,NO,,-
,,,,,,,,,,6. Historia clínica y registros,,,,
2011,No Conformidad,Abierta,"1. Cumple con los criterios que le sean aplicables de todos los servicios y adicionalmente, cuenta con: Ver Estándar transversal Talento Humano. 1.1. Tecnólogo en atención prehospitalaria o técnico profesional en atención prehospitalaria o auxiliar en enfermerla, en cualquier caso, cuenta con constancia de asistencia en las acciones de formación continua en soporte vital básico: Disponibilidad de auxiliares de enfermería constancia de asistencia en las acciones de formación continua en soport...",Administrador,calidad,,Misionales,12/Mar/2025,,Resolución 3100 de 2019:,PE,NO,,-
,,,,,,,,,,1. Talento Humano,,,,
2012,No Conformidad,Abierta,"12.1.3. Área o ambiente para realizar procesos de limpieza y desinfección, que cuenta con mesón de trabajo con poceta: No cuenta con área para realizar procesos de limpieza y desinfección.",Administrador,calidad,,Gestión de Recursos,12/Mar/2025,,Resolución 3100 de 2019:,PE,NO,,-
,,,,,,,,,,2. Infraestructura,,,,
2013,No Conformidad,Abierta,"12.2. Disponibilidad de área o ambiente para realizar el proceso de aseo, limpieza y desinfección de los vehrculos. Cuando el prestador de servicios de salud contrate el proceso de aseo, limpieza y desinfección de los vehículos con un tercero, cuenta con un contrato, o convenio o acuerdo escrito entre las partes. Para este caso el tercero cuenta con los permisos correspondientes expedidos por la autoridad sanitaria y ambiental para tal fin: No cuenta con área para el lavado de las ambulacias.",Administrador,calidad,,Gestión de Recursos,12/Mar/2025,,Resolución 3100 de 2019:,PE,NO,,-
,,,,,,,,,,2. Infraestructura,,,,
2014,No Conformidad,Abierta,16.3. Sistema de georreferenciación y comunicación que permita el monitoreo y contacto con la entidad territorial en salud a través del CRUE. No cuenta con sistema de comunicaciones de uso exclusivo de la ambulancia realiza la comunicación por medio del celular personal.,Administrador,calidad,,Gestión de Recursos,12/Mar/2025,,Resolución 3100 de 2019:,PE,NO,,-
,,,,,,,,,,2. Infraestructura,,,,
2015,No Conformidad,Abierta,"31. Cumplen con los criterios definidos para todos los servicios y adicionalmente, cuentan con: Revisar estandar trasversal. 31.1. Desfibrilador externo automático, incluyendo electrodos adhesivos para adultos y pediátricos, con fecha de vencimiento vigente. Cuenta con DEA, se le informa al prestador que lo debe incoroporar de manera inmediata al vehiculo. 31.5. Aspirador nasal manual: No cuenta con aspirador nasal manual. 31.8. Camma principal con sistema de anclaje y cinturones de seguri...",Administrador,calidad,,Gestión de Recursos,12/Mar/2025,,Resolución 3100 de 2019:,PE,NO,,-
,,,,,,,,,,3. Dotación,,,,
2016,No Conformidad,Abierta,"31.22. Conjunto para inmovilización que cuenta con inmovilizadores cervicales graduables, adulto (2) y pediátrico (2), inmovilizadores laterales de cabeza, inmovilizadores para extremidades superiores e inferiores: Cuenta con inmovilizadores cervicales graduables, adulto y pediátrico (2), inmovilizadores laterales de cabeza, no cuenta con inmovilizadores para extremidades superiores e inferiores.",Administrador,calidad,,Gestión de Recursos,12/Mar/2025,,Resolución 3100 de 2019:,PE,NO,,-
,,,,,,,,,,3. Dotación,,,,
2017,No Conformidad,Abierta,31.25. Monitor de signos vitales con accesorios adultos y pediátricos que cuenta como mínimo con: 31.25.2. Presión no invasiva: No cuenta con accesorio de presión no invasiva. 31.25.3. Saturación de oxigeno que puede estar integrado en el monitor o externo: No cuenta con accesorio de saturación de oxigeno.,Administrador,calidad,,Gestión de Recursos,12/Mar/2025,,Resolución 3100 de 2019:,PE,NO,,-
,,,,,,,,,,3. Dotación,,,,
2018,No Conformidad,Abierta,"36. Cumple con los criterios que le sean aplicables de todos los servicios y adicionalmente el prestador define los medicamentos, dispositivos médicos e insumas requeridos de acuerdo con lo documentado en el estándar de procesos prioritarios: No Cumple con los criterios que le sean aplicables de todos los servicios.",Administrador,calidad,,Gestión de Recursos,12/Mar/2025,,Resolución 3100 de 2019:,PE,NO,,-
,,,,,,,,,,"4. Medicamentos, dispositivos médicos e insumos",,,,
2019,No Conformidad,Abierta,37.2. Aditamento supraglótico de varias tallas adulto y pediátrico: No cuenta con aditamento supraglótico.,Administrador,calidad,,Gestión de Recursos,12/Mar/2025,,Resolución 3100 de 2019:,PE,NO,,-
,,,,,,,,,,"4. Medicamentos, dispositivos médicos e insumos",,,,
2020,No Conformidad,Abierta,41. Cumple con los criterios que le sean aplicables de todos los servy iadciciionaolmsent e cuenta con la siguiente información documentada: El prestador no cumple con los criterios que le sean aplicables de todos los servicios.,Administrador,calidad,,Misionales,12/Mar/2025,,Resolución 3100 de 2019:,PE,NO,,-
,,,,,,,,,,5. Procesos Prioritarios,,,,
2021,No Conformidad,Abierta,43. Cumple con los criterios que le sean aplicables de todos los servicios y adicionalmente cuenta con: El prestador no cumple cpn los criterios que sean aplicables a todos los servicios.,Administrador,calidad,,Misionales,12/Mar/2025,,Resolución 3100 de 2019:,PE,NO,,-
,,,,,,,,,,6. Historia clínica y registros,,,,
18,No Conformidad,Abierta,La rampa ubicada al ingreso de la institución no cuenta con cinta antideslizante ni pasamanos.,Administrador,calidad,calidad,Gestión de Recursos,10/Mar/2025,,Resolución 3100 de 2019:,PE,SI,"0,00%",0%
,,,,,,,,,,2. Infraestructura,,,,
19,No Conformidad,Abierta,*Los baños no cuentan con señalética tipo braille;,Administrador,calidad,,Gestión de Recursos,10/Mar/2025,,Resolución 3100 de 2019:,PE,SI,"0,00%",0%
,,,,,,,,,,2. Infraestructura,,,,
20,No Conformidad,Abierta,*La señalética tipo braille no se encuentra ubicada a una altura adecuada para ser utilizada por los usuarios que la requieran.,Administrador,calidad,,Gestión de Recursos,10/Mar/2025,,Resolución 3100 de 2019:,PE,SI,"0,00%",0%
,,,,,,,,,,2. Infraestructura,,,,
21,No Conformidad,Abierta,*Los baños ubicados en la sala de espera no cuentan con aditamentos para personas en situación de discapacidad o movilidad reducida.,Administrador,calidad,,Gestión de Recursos,10/Mar/2025,,Resolución 3100 de 2019:,PE,SI,"0,00%",0%
,,,,,,,,,,2. Infraestructura,,,,
22,No Conformidad,Abierta,*Se evidencia que no coincide la información descrita en el manual de atención al usuario describen que cumplen con los tiempos de respuesta de las PQRS; de acuerdo a la circular 05 de 2023 pero manifiestan que realizan la apertura del buzón cada 8 días; se sugiere que la apertura se realice día de promedio y creen un formato para describir lo que se encuentre y se realice solo un acta de manera mensual.,Administrador,calidad,,SIAU,10/Mar/2025,,Resolución 3100 de 2019:,PE,SI,"0,00%",0%
,,,,,,,,,,5. Procesos Prioritarios,,,,
23,No Conformidad,Abierta,*Se sugiere instalar señalética para atención preferencias visible en donde se visualicen las imágenes de atención preferencial.,Administrador,calidad,,Gestión de Recursos,10/Mar/2025,,Resolución 3100 de 2019:,PE,SI,"0,00%",0%
,,,,,,,,,,2. Infraestructura,,,,
24,No Conformidad,Abierta,Se evidencia que de acuerdo a la capacidad instalada hay habilitados 5 consultorios y tienen en funcionamiento 4 se debe realizar la novedad de cierre de un consultorio el cual fue adecuado para el servicio de farmacia.,Administrador,calidad,,Gestión de Recursos,10/Mar/2025,,Resolución 3100 de 2019:,PE,SI,"0,00%",0%
,,,,,,,,,,2. Infraestructura,,,,
25,No Conformidad,Abierta,"*Se evidencia que la enfermera Tatiana Córdoba y Auxiliar de Enfermería: Yaneri Santiago Anacona No cuenta con el certificado ""pruebas en punto de atención del paciente - (point of care testing - POCT)""",Administrador,calidad,,Gestión de Talento Humano,10/Mar/2025,,Resolución 3100 de 2019:,PE,SI,"0,00%",0%
,,,,,,,,,,1. Talento Humano,,,,
26,No Conformidad,Abierta,*Odontólogo: Sebastián Acosta; no cuenta con el curso en soporte vital básico.,Administrador,calidad,,Gestión de Talento Humano,10/Mar/2025,,Resolución 3100 de 2019:,PE,SI,"0,00%",0%
,,,,,,,,,,1. Talento Humano,,,,
27,No Conformidad,Abierta,*En el recorrido realizado por la institución se evidencia que no cuentan con ambiente de aseo de uso exclusivo para el proceso de esterilización.,Administrador,calidad,,Gestión de Recursos,10/Mar/2025,,Resolución 3100 de 2019:,PE,SI,"0,00%",0%
,,,,,,,,,,2. Infraestructura,,,,
28,No Conformidad,Abierta,*No soportan certificado de mantenimiento de los tanques de agua.,Administrador,calidad,,Gestión Ambiental,10/Mar/2025,,Resolución 3100 de 2019:,PE,SI,"0,00%",0%
,,,,,,,,,,2. Infraestructura,,,,
29,No Conformidad,Abierta,*Se evidencia que la rampa ubicada al ingreso de la institución no cuenta con pasamanos ni piso antideslizante.,Administrador,calidad,,Gestión de Recursos,10/Mar/2025,,Resolución 3100 de 2019:,PE,NO,,-
,,,,,,,,,,2. Infraestructura,,,,
30,No Conformidad,Abierta,*No aportan concepto de inspección y vigilancia sanitaria por ente departamental o municipal.,Administrador,calidad,calidad,Gestión Ambiental,10/Mar/2025,,Resolución 3100 de 2019:,PE,SI,"0,00%",0%
,,,,,,,,,,2. Infraestructura,,,,
31,No Conformidad,Abierta,*No soportan certificado RETIE;,Administrador,calidad,,Gestión de Recursos,10/Mar/2025,,Resolución 3100 de 2019:,PE,SI,"0,00%",0%
,,,,,,,,,,2. Infraestructura,,,,
32,No Conformidad,Abierta,*No se evidencia señalización ni demarcación de la ruta de recolección de residuos hospitalario; el área de segregación de residuos no cuenta con señalización de acuerdo a los colores normativos.,Administrador,calidad,,Gestión Ambiental,10/Mar/2025,,Resolución 3100 de 2019:,PE,SI,"0,00%",0%
,,,,,,,,,,2. Infraestructura,,,,
33,No Conformidad,Abierta,"*La sala de procedimientos del servicio de urgencias no cuenta con mesón de trabajo, poceta o lavamanos. * La sala de procedimiento no cuenta con una medida de 8m2. *La sala de procedimientos tiene mesón de trabajo. *La sala de procedimientos no cuenta con poceta. *La sala de procedimientos no cuenta con lavamanos.",Administrador,calidad,,Gestión de Recursos,10/Mar/2025,,Resolución 3100 de 2019:,PE,NO,,-
,,,,,,,,,,2. Infraestructura,,,,
38,No Conformidad,Abierta,*La estación de enfermería no cuenta con monitorización permanente de los pacientes o sistemas alternativos para su visualización.,Administrador,calidad,,Gestión de Recursos,10/Mar/2025,,Resolución 3100 de 2019:,PE,NO,,-
,,,,,,,,,,2. Infraestructura,,,,
39,No Conformidad,Abierta,*La estación de enfermería no cuenta con mesón de trabajo,Administrador,calidad,,Gestión de Recursos,10/Mar/2025,,Resolución 3100 de 2019:,PE,NO,,-
,,,,,,,,,,2. Infraestructura,,,,
40,No Conformidad,Abierta,*El servicio de urgencias no cuenta con ambiente de trabajo sucio,Administrador,calidad,,Gestión de Recursos,10/Mar/2025,,Resolución 3100 de 2019:,PE,NO,,-
,,,,,,,,,,2. Infraestructura,,,,
41,No Conformidad,Abierta,*La estación de enfermería no cuenta con ambiente o área de trabajo limpio y sucio.,Administrador,calidad,,Gestión de Recursos,10/Mar/2025,,Resolución 3100 de 2019:,PE,NO,,-
,,,,,,,,,,2. Infraestructura,,,,
42,No Conformidad,Abierta,*No se evidencia el servicio de urgencia Área o ambiente para depósito de ropa limpia de dimensión,Administrador,calidad,,Gestión de Recursos,10/Mar/2025,,Resolución 3100 de 2019:,PE,NO,,-
,,,,,,,,,,2. Infraestructura,,,,
43,No Conformidad,Abierta,"*No se evidencia el servicio de urgencia Área o Ambiente para depósito de ropa sucia, con dimensión variable de acuerdo con las necesidades del servicio.",Administrador,calidad,,Gestión de Recursos,10/Mar/2025,,Resolución 3100 de 2019:,PE,NO,,-
,,,,,,,,,,2. Infraestructura,,,,
44,No Conformidad,Abierta,* El baño para usuarios en situación de discapacidad y movilidad reducida no cuenta con alarma de llamado.,Administrador,calidad,,Gestión de Recursos,10/Mar/2025,,Resolución 3100 de 2019:,PE,NO,,-
,,,,,,,,,,2. Infraestructura,,,,
45,No Conformidad,Abierta,* El piso del consultorio de procedimiento de citologías no cuenta con estándares de calidad se evidencian dilataciones debajo de la camilla hay un puro el cual es foco de infección.,Administrador,calidad,,Gestión de Recursos,10/Mar/2025,,Resolución 3100 de 2019:,PE,NO,,-
,,,,,,,,,,2. Infraestructura,,,,
46,No Conformidad,Abierta,"*Se evidencia que la sala parto, sala de procedimientos, consultorio de citologías, laboratorio clínico, central de esterilización no cuenta con media caña en la unión entre la pared y el piso.",Administrador,calidad,,Gestión de Recursos,10/Mar/2025,,Resolución 3100 de 2019:,PE,NO,,-
,,,,,,,,,,2. Infraestructura,,,,
47,No Conformidad,Abierta,* El archivo de historias clínicas físicas no se encuentra adecuadamente se observan cajas abiertas no cuenta con ubicación de en estantes; se evidencia en un área abierta lo cual no garantiza la seguridad de las mismas.,Administrador,calidad,,Gestión de Recursos,10/Mar/2025,,Resolución 3100 de 2019:,PE,NO,,-
,,,,,,,,,,2. Infraestructura,,,,
48,No Conformidad,Abierta,* No soporta concepto sanitario de la entidad competente.,Administrador,calidad,,Gestión de Recursos,10/Mar/2025,,Resolución 3100 de 2019:,PE,NO,,-
,,,,,,,,,,2. Infraestructura,,,,
50,No Conformidad,Abierta,DOPLER FETAL ubicado en sala de procedimientos 2 Serie m19606510018; MARCA: EDAM - No soportan certificado de Calibración de acuerdo al número de serie verificada en el inventario de equipos biomédicos.,Administrador,calidad,,Gestión de Recursos,10/Mar/2025,,Resolución 3100 de 2019:,PE,NO,,-
,,,,,,,,,,3. Dotación,,,,
51,No Conformidad,Abierta,ENCUBADORA DE TRANSPORTE: Ubicación Sala partos SERIE 2013 MARCA MEDICALL; No soportan certificado de calibración.,Administrador,calidad,,Gestión de Recursos,10/Mar/2025,,Resolución 3100 de 2019:,PE,NO,,-
,,,,,,,,,,3. Dotación,,,,
52,No Conformidad,Abierta,Se solicita actualizar el inventario de equipos biomédicos ya que se evidencian equipos que no se encuentran registrados en dicho documento,Administrador,calidad,,Gestión de Recursos,10/Mar/2025,,Resolución 3100 de 2019:,PE,NO,,-
,,,,,,,,,,3. Dotación,,,,
53,No Conformidad,Abierta,*No soporta concepto sanitario de la entidad competente,Administrador,calidad,,Gestión de Recursos,10/Mar/2025,,Resolución 3100 de 2019:,PE,NO,,-
,,,,,,,,,,3. Dotación,,,,
54,No Conformidad,Abierta,*El Kardex de dispositivos médicos no cuenta con el ítem Serie,Administrador,calidad,,Gestión de Recursos,10/Mar/2025,,Resolución 3100 de 2019:,PE,NO,,-
,,,,,,,,,,"4. Medicamentos, dispositivos médicos e insumos",,,,
55,No Conformidad,Abierta,*El Kardex de dispositivos médicos no cuenta con el ítem Clasificación por riesgo,Administrador,calidad,,Gestión de Recursos,10/Mar/2025,,Resolución 3100 de 2019:,PE,NO,,-
,,,,,,,,,,"4. Medicamentos, dispositivos médicos e insumos",,,,
56,No Conformidad,Abierta,*El Kardex de dispositivos médicos no cuenta con el ítem Vida Útil.,Administrador,calidad,,Gestión de Recursos,10/Mar/2025,,Resolución 3100 de 2019:,PE,NO,,-
,,,,,,,,,,"4. Medicamentos, dispositivos médicos e insumos",,,,
57,No Conformidad,Abierta,*El Kardex de reactivos no cuenta con ítem de vida Útil,Administrador,calidad,,Gestión de Recursos,10/Mar/2025,,Resolución 3100 de 2019:,PE,NO,,-
,,,,,,,,,,"4. Medicamentos, dispositivos médicos e insumos",,,,
58,No Conformidad,Abierta,*No cuentan con kit de derrames de medicamentos en el servicio de urgencias.,Administrador,calidad,,Gestión de Recursos,10/Mar/2025,,Resolución 3100 de 2019:,PE,NO,,-
,,,,,,,,,,"4. Medicamentos, dispositivos médicos e insumos",,,,
59,No Conformidad,Abierta,*No soportan lista de chequeo para medir adherencia de la guía de infección de vías urinarias,Administrador,calidad,,Gestión Ambulatoria,10/Mar/2025,,Resolución 3100 de 2019:,PE,NO,,-
,,,,,,,,,,5. Procesos Prioritarios,,,,
60,No Conformidad,Abierta,*No soportan socialización de guía de practica clínica de parasitosis intestinal,Administrador,calidad,,Gestión Ambulatoria,10/Mar/2025,,Resolución 3100 de 2019:,PE,NO,,-
,,,,,,,,,,5. Procesos Prioritarios,,,,
61,No Conformidad,Abierta,No soportan socialización del MANUAL DE BUENAS PRACTICAS DE ESTERILIZACION DE LA CENTRAL DE ESTERILIZACION código MA-ES-SA-02,Administrador,calidad,,Misionales,10/Mar/2025,,Resolución 3100 de 2019:,PE,NO,,-
,,,,,,,,,,5. Procesos Prioritarios,,,,
62,No Conformidad,Abierta,*Se evidencia que no hay un adecuado control de calidad y toma de medidas preventivas en el área de esterilización en el recorrido se evidencia la central de esterilización abierta; la funcionaria que realiza el procedimiento no cuenta con ningún elemento de bioseguridad para manipular material en dicha área.,Administrador,calidad,,Misionales,10/Mar/2025,,Resolución 3100 de 2019:,PE,NO,,-
,,,,,,,,,,5. Procesos Prioritarios,,,,
63,No Conformidad,Abierta,*No se evidencia socializcion actualizada de la politica de reuso de dispositivos de odontología y no reusó de dispositivos médicos.,Administrador,calidad,,Misionales,10/Mar/2025,,Resolución 3100 de 2019:,PE,NO,,-
,,,,,,,,,,5. Procesos Prioritarios,,,,
64,No Conformidad,Abierta,"*No cuentan con manual de proceso, control de calidad y entrega de resultados de pruebas rápidas point of care POCT.",Administrador,calidad,,Misionales,10/Mar/2025,,Resolución 3100 de 2019:,PE,NO,,-
,,,,,,,,,,5. Procesos Prioritarios,,,,
65,No Conformidad,Abierta,"*No soportan protocolo de muerte digna que garantice, en el ámbito de sus competencias, la atención y orientación al paciente que manifieste su derecho a morir dignamente en el que incluya los aspectos de las áreas administrativas; Interacción y acompañamiento a la familia o acudientes.; Articulación con la EAPB; Etapas, elementos, responsables y plazos para dar cumplimiento a las obligaciones a su cargo, incorporando el reporte de información; Actividades e intervenciones de seguimiento y contr...",Administrador,calidad,,Misionales,10/Mar/2025,,Resolución 3100 de 2019:,PE,NO,,-
,,,,,,,,,,5. Procesos Prioritarios,,,,
66,No Conformidad,Abierta,"*De acuerdo a la resolución 1995 Por la cual se establecen normas para el manejo de la Historia Clínica en el ARTÍCULO 9 IDENTIFICACIÓN DEL USUARIO. describe que la historia clínica debe contener ocupación del usuario, nombre y teléfono del acompañante; nombre, teléfono y parentesco LO CUAL NO SE EVIDENCIA EN EL FORMATO DE HC SOPORTADO POR EL PRESTADOR DEL SERVICIO DE URGENCIAS.""",Administrador,calidad,,Sistema de Información y Comunicación,10/Mar/2025,,Resolución 3100 de 2019:,PE,NO,,-
,,,,,,,,,,6. Historia clínica y registros,,,,
67,No Conformidad,Abierta,*Se evidencia utilización de siglas en algunas de las historias clínicas soportadas por el prestador.,Administrador,calidad,,Sistema de Información y Comunicación,10/Mar/2025,,Resolución 3100 de 2019:,PE,NO,,-
,,,,,,,,,,6. Historia clínica y registros,,,,
68,No Conformidad,Abierta,"*Se verifica la siguiente Historia clínica CC 4756555 no es coherente en el ítem revisión por sistemas se registra que las extremidades se encuentran es estado normal y el usuario ingresa por una herida en la mano izquierda.""",Administrador,calidad,,Sistema de Información y Comunicación,10/Mar/2025,,Resolución 3100 de 2019:,PE,NO,,-
,,,,,,,,,,6. Historia clínica y registros,,,,
69,No Conformidad,Abierta,*Se verifica la siguiente historia clínica CC 1065097838; en diferentes atenciones la cual no se evidencia la firma del profesional que atendió la usuaria se observa un recuadro negro,Administrador,calidad,,Sistema de Información y Comunicación,10/Mar/2025,,Resolución 3100 de 2019:,PE,NO,,-
,,,,,,,,,,6. Historia clínica y registros,,,,
70,No Conformidad,Abierta,*Se evidencia un archivo de historias clínicas manuales las cuales no se encentran organizadas adecuadamente se observan en cajas algunas abiertas no garantizan la custodia y confidencialidad ya que la puerta se encuentra abierta.,Administrador,calidad,,Sistema de Información y Comunicación,10/Mar/2025,,Resolución 3100 de 2019:,PE,NO,,-
,,,,,,,,,,6. Historia clínica y registros,,,,
71,No Conformidad,Abierta,*Se evidencia que en el área de esterilización no llevan un adecuado registro de control de calidad.,Administrador,calidad,,Sistema de Información y Comunicación,10/Mar/2025,,Resolución 3100 de 2019:,PE,NO,,-
,,,,,,,,,,6. Historia clínica y registros,,,,
72,No Conformidad,Abierta,*No soporta contratos celebrados por interdependencia; soportan documento aceptación de la oferta al contrato 013-2025 cuyo objeto es (prestación de servicios como gestor de residuos peligrosos para la disposición final del respell; con la empresa GESTIONES AMBIENTALES LTDA el cual no tiene firmas entre las partes que demuestre la legalización;,Administrador,calidad,,Asesoría Jurídica,10/Mar/2025,,Resolución 3100 de 2019:,PE,NO,,-
,,,,,,,,,,7. Interdependencia,,,,
73,No Conformidad,Abierta,*No soporta contrato de alimentación de pacientes para el servicio de hospitalización.,Administrador,calidad,,Asesoría Jurídica,10/Mar/2025,,Resolución 3100 de 2019:,PE,NO,,-
,,,,,,,,,,7. Interdependencia,,,,
74,No Conformidad,Abierta,*Soportan Acta de supervisión del contrato de ASHERI sin firma de supervisión.,Administrador,calidad,,Asesoría Jurídica,10/Mar/2025,,Resolución 3100 de 2019:,PE,NO,,-
,,,,,,,,,,7. Interdependencia,,,,
75,No Conformidad,Abierta,*No soportan acta de supervisión del contrato de alimentación; no es posible verificar si se está cumpliendo con los tiempos de entrega del alimento a los usuarios.,Administrador,calidad,,Asesoría Jurídica,10/Mar/2025,,Resolución 3100 de 2019:,PE,NO,,-
,,,,,,,,,,7. Interdependencia,,,,
76,No Conformidad,Abierta,*El servicio de hospitalización no cuenta con guarda ropa,Administrador,calidad,,Gestión de Recursos,10/Mar/2025,,Resolución 3100 de 2019:,PE,NO,,-
,,,,,,,,,,11.4.1 Servicio de hospitalización,,,,
77,No Conformidad,Abierta,*El area de hospitalización las camas de adulto y pediátricas están en el mismo espacio,Administrador,calidad,,Gestión de Recursos,10/Mar/2025,,Resolución 3100 de 2019:,PE,NO,,-
,,,,,,,,,,11.4.1 Servicio de hospitalización,,,,
78,No Conformidad,Abierta,*El servicio de hospitalización no cuenta con habitación de aislamiento.,Administrador,calidad,,Gestión de Recursos,10/Mar/2025,,Resolución 3100 de 2019:,PE,NO,,-
,,,,,,,,,,11.4.1 Servicio de hospitalización,,,,
79,No Conformidad,Abierta,*Las habitaciones no cuentan con área de guarda ropa,Administrador,calidad,,Gestión de Recursos,10/Mar/2025,,Resolución 3100 de 2019:,PE,NO,,-
,,,,,,,,,,11.4.1 Servicio de hospitalización,,,,
80,No Conformidad,Abierta,*En el servicio de hospitalización no se evidencia ambiente para almacenamiento y distribución de alimentos,Administrador,calidad,,Gestión de Recursos,10/Mar/2025,,Resolución 3100 de 2019:,PE,NO,,-
,,,,,,,,,,11.4.1 Servicio de hospitalización,,,,
81,No Conformidad,Abierta,*No soportan protocolo de ronda medica de pacientes,Administrador,calidad,,Gestión de Calidad,10/Mar/2025,,Resolución 3100 de 2019:,PE,NO,,-
,,,,,,,,,,11.4.1 Servicio de hospitalización,,,,
82,No Conformidad,Abierta,*No soportan protocolo de sujeción o inmovilización terapéutica de pacientes,Administrador,calidad,,Gestión de Calidad,10/Mar/2025,,Resolución 3100 de 2019:,PE,NO,,-
,,,,,,,,,,11.4.1 Servicio de hospitalización,,,,
83,No Conformidad,Abierta,*No soportan el contrato de alimentación.,Administrador,calidad,,Asesoría Jurídica,10/Mar/2025,,Resolución 3100 de 2019:,PE,NO,,-
,,,,,,,,,,11.4.1 Servicio de hospitalización,,,,
84,No Conformidad,Abierta,"*Cuentan con baños discriminados por sexo, pero no cuentan con aditamentos para población discapacitada",Administrador,calidad,,Gestión de Recursos,10/Mar/2025,,Resolución 3100 de 2019:,PE,NO,,-
,,,,,,,,,,11.6.1 Servicio de urgencias,,,,
85,No Conformidad,Abierta,"*No cuenta con Ambiente para descontaminación de pacientes, con ducha teléfono y sistema de drenaje.",Administrador,calidad,,Gestión de Recursos,10/Mar/2025,,Resolución 3100 de 2019:,PE,NO,,-
,,,,,,,,,,11.6.1 Servicio de urgencias,,,,
86,No Conformidad,Abierta,"*No cuenta con ambiente para atención de la Enfermedad Respiratoria Aguda, cuando se requiera",Administrador,calidad,,Gestión de Recursos,10/Mar/2025,,Resolución 3100 de 2019:,PE,NO,,-
,,,,,,,,,,11.6.1 Servicio de urgencias,,,,
87,No Conformidad,Abierta,"*No cuentan con Ambiente para rehidratación oral,",Administrador,calidad,,Gestión de Recursos,10/Mar/2025,,Resolución 3100 de 2019:,PE,NO,,-
,,,,,,,,,,11.6.1 Servicio de urgencias,,,,
88,No Conformidad,Abierta,*No cuenta con Ambiente de aislamiento.,Administrador,calidad,,Gestión de Recursos,10/Mar/2025,,Resolución 3100 de 2019:,PE,NO,,-
,,,,,,,,,,11.6.1 Servicio de urgencias,,,,
89,No Conformidad,Abierta,*La Sala de reanimación no cuenta con Mesón de trabajo con poceta,Administrador,calidad,,Gestión de Recursos,10/Mar/2025,,Resolución 3100 de 2019:,PE,NO,,-
,,,,,,,,,,11.6.1 Servicio de urgencias,,,,
90,No Conformidad,Abierta,* No se evidencia equipo de nebulización en el servicio de urgencias de acuerdo al inventario suministrado por el prestador.,Administrador,calidad,,Gestión de Recursos,10/Mar/2025,,Resolución 3100 de 2019:,PE,NO,,-
,,,,,,,,,,11.6.1 Servicio de urgencias,,,,
91,No Conformidad,Abierta,* El servicio de urgencias no cuenta con sala de reanimación se realiza en el área de procedimientos,Administrador,calidad,,Gestión de Recursos,10/Mar/2025,,Resolución 3100 de 2019:,PE,NO,,-
,,,,,,,,,,11.6.1 Servicio de urgencias,,,,
92,No Conformidad,Abierta,* Los kits de violencia sexual y atención a víctimas de ataques con agentes químicos que se evidencian en el servicio de urgencias no cuentan con lista de chequeo de verificación.,Administrador,calidad,,Gestión de Recursos,10/Mar/2025,,Resolución 3100 de 2019:,PE,NO,,-
,,,,,,,,,,11.6.1 Servicio de urgencias,,,,
93,No Conformidad,Abierta,*No soporta contrato de alimentación de pacientes para el servicio de hospitalización.,Administrador,calidad,,Gestión de Recursos,10/Mar/2025,,Resolución 3100 de 2019:,PE,NO,,-
,,,,,,,,,,11.6.1 Servicio de urgencias,,,,
3,No Conformidad,Abierta,"Criterio 6. El talento humano en salud de los servicios de atención del parto, cuidado intensivo y cuidado intermedio neonatal, pediátrico y adultos, cuentan con constancia de asistencia en las acciones de formación continua para la gestión del duelo. Observación: No todo el talento humano del servicio de atención del parto cuenta con constancia de asistencia en las acciones de formación continua para la gestión del duelo",Administrador,calidad,,Gestión de Hospitalización y Sala Partos,09/Mar/2025,,Resolución 3100 de 2019:,PE,NO,,-
,,,,,,,,,,1. Talento Humano,,,,
4,No Conformidad,Abierta,"Criterio 8. Los profesionales de la medicina de los servicios de hospitalización de baja, mediana y alta complejidad, hospitalización paciente crónico con y sin ventilador, cuidados intensivos neonatales, pediátricos y adultos; urgencias y servicios del grupo quirúrgico en modalidad intramural, cuentan con certificación vigente de aprobación de la evaluación de competencias esenciales para el cuidado de la donante expedida por el Instituto Nacional de Salud. Observación: No todo el talento h...",Administrador,calidad,,Gestión de Hospitalización y Sala Partos,09/Mar/2025,,Resolución 3100 de 2019:,PE,NO,,-
,,,,,,,,,,1. Talento Humano,,,,
5,No Conformidad,Abierta,"Criterio 11. El talento humano en salud de los servicios de transporte asistencial, atención prehospitalaria y urgencias, cuentan con constancia de asistencia en las acciones de formación continua en la atención a personas víctimas de ataques con agentes químicos. Observación: No todo el talento humano de los servicios de transporte asistencial, atención prehospitalaria y urgencias, cuentan con constancia de asistencia en las acciones de formación continua en la atención a personas víctimas...",Administrador,calidad,,Gestión de Urgencias,09/Mar/2025,,Resolución 3100 de 2019:,PE,NO,,-
,,,,,,,,,,1. Talento Humano,,,,
6,No Conformidad,Abierta,"Criterio 17. Cada prestador de servicios de salud debe contar con el respectivo concepto sanitario que dé cumplimiento a lo establecido en la normatividad sanitaria vigente en aspectos tales como: agua para consumo humano, gestión de residuos, control de vectores, orden y aseo, condiciones locativas, entre otros. Este concepto será emitido por las autoridades sanitarias correspondientes, en el marco de sus competencias, y debe considerar los servicios de apoyo como lavandería y servicio de alim...",Administrador,calidad,,Gestión Ambiental,09/Mar/2025,,Resolución 3100 de 2019:,PE,NO,,-
,,,,,,,,,,2. Infraestructura,,,,
7,No Conformidad,Abierta,"Criterio 43. Los cielo rasos o techos y paredes o muros deben ser impermeables, lavables, sólidos, resistentes a factores ambientales e incombustibles y de superficie lisa y continua. Observación: Se evidencian paredes en el servicio de laboratorio clínico que presentan humedades.",Administrador,calidad,,Gestión de Recursos,09/Mar/2025,,Resolución 3100 de 2019:,PE,NO,,-
,,,,,,,,,,2. Infraestructura,,,,
8,No Conformidad,Abierta,"Criterio 2.2. Hoja(s) de vida del(los) equipo(s) biomédicos(s), con los registros de los mantenimientos preventivos y correctivos, según corresponda. Observación: Cuenta con hojas de vida en las cuales se evidencia que no se cuenta con los datos de adquisición e instalación, se evidencia que para el dopler, marca: Edan y bombas de infusión el formato de mantenimiento preventivo realizados en 2023 no corresponde a las actividades relacionadas con el equipo, en este se mencionan actividades re...",Administrador,calidad,,Gestión de Recursos,09/Mar/2025,,Resolución 3100 de 2019:,PE,NO,,-
,,,,,,,,,,3. Dotación,,,,
9,No Conformidad,Abierta,"Criterio 3. El prestador de servicios de salud cuenta con un programa de capacitación en el uso de dispositivos médicos cuando éstos lo requieran, el cual puede ser desarrollado por el fabricante, importador o por el mismo prestador. Observación: Cuenta con “plan de capacitaciones” donde se evidencia el cronograma de capacitaciones para el año presente se realizara en noviembre. Se evidencia capacitación en noviembre de 2023 sobre equipos biomédicos y odontológicos. No se evidencia adherenci...",Administrador,calidad,,Gestión de Talento Humano,09/Mar/2025,,Resolución 3100 de 2019:,PE,NO,,-
,,,,,,,,,,3. Dotación,,,,
10,No Conformidad,Abierta,Criterio 4. La dotación de los servicios de salud está en concordancia con lo definido por el prestador en el estándar de procesos prioritarios. Observación: No se evidencia concordancia con la dotación según lo definido por el prestador en el estándar de procesos prioritarios.,Administrador,calidad,,Gestión de Recursos,09/Mar/2025,,Resolución 3100 de 2019:,PE,NO,,-
,,,,,,,,,,3. Dotación,,,,
11,No Conformidad,Abierta,"Criterio 5. La suficiencia de equipos biomédicos está relacionada con la frecuencia de uso de los mismos, incluyendo los tiempos del proceso de esterilización, cuando aplique. Observación: Cuenta con “protocolo de suficiencia de equipos” en este no se describe el tiempo de esterilización, ni el instrumental requerido para los servicios, se recomienda ajustar el programa donde se mencione las variables correspondientes.",Administrador,calidad,,Gestión de Recursos,09/Mar/2025,,Resolución 3100 de 2019:,PE,NO,,-
,,,,,,,,,,3. Dotación,,,,
12,No Conformidad,Abierta,"Criterio 8.4.1. Trazado electrocardiográfico si no está incorporado en el desfibrilador. Observación: Cuenta con carro de paro en sala de reanimación monitor de signos: marca: comen, modelo: star8000E serie: e7210512150, el equipo no funciona, la pantalla se queda desde el inicio. Se le sugiere al restador la dotación de este equipo de manera inmediata. Cuenta con carro de paro en sala de partos monitor de signos: marca: comen, modelo: star8000E serie: e7210512191.",Administrador,calidad,,Gestión de Recursos,09/Mar/2025,,Resolución 3100 de 2019:,PE,NO,,-
,,,,,,,,,,3. Dotación,,,,
13,No Conformidad,Abierta,"Criterio 8.4.2. Presión no invasiva. Observación: El monitor de sala de reanimación cuenta con accesorio de presión no invasiva, pero el equipo no funciona, e le sugiere al prestador la dotación de este equipo de manera inmediata. El monitor de sala de partos cuenta con accesorio de presión no invasiva.",Administrador,calidad,,Gestión de Recursos,09/Mar/2025,,Resolución 3100 de 2019:,PE,NO,,-
,,,,,,,,,,3. Dotación,,,,
14,No Conformidad,Abierta,"8.4.3. Saturación de oxigeno que puede estar integrado en el monitor o externo. Observación: El monitor de sala de reanimación cuenta con accesorio de saturación de oxígeno, pero el equipo no funciona, se le sugiere al prestador la dotación de este equipo de manera inmediata. El de sala de partos cuenta con accesorio.",Administrador,calidad,,Gestión de Recursos,09/Mar/2025,,Resolución 3100 de 2019:,PE,NO,,-
,,,,,,,,,,3. Dotación,,,,
15,No Conformidad,Abierta,"Criterio 8.4.4. Batería. Observación: Cuenta con batería, pero el equipo no funciona, Se le sugiere al prestador la dotación de este equipo de manera inmediata. El monitor de sala de partos cuenta con batería",Administrador,calidad,,Gestión de Recursos,09/Mar/2025,,Resolución 3100 de 2019:,PE,NO,,-
,,,,,,,,,,3. Dotación,,,,
16,No Conformidad,Abierta,"Criterio 11. En los sistemas centralizados de gases medicinales, se realiza el mantenimiento a los componentes del sistema por el personal capacitado por el fabricante. Observación: El prestador cuenta con punto de gases medicinales, informa que no se han utilizado, por tal motivo no han realizado mantenimiento preventivo.",Administrador,calidad,,Gestión de Recursos,09/Mar/2025,,Resolución 3100 de 2019:,PE,NO,,-
,,,,,,,,,,3. Dotación,,,,
17,No Conformidad,Abierta,Criterio 16.1. Sistemas de telecomunicaciones de doble vía. Observación: No cuenta con sistemas de telecomunicación de doble vía.,Administrador,calidad,,Gestión de Recursos,09/Mar/2025,,Resolución 3100 de 2019:,PE,NO,,-
,,,,,,,,,,3. Dotación,,,,
1324,No Conformidad,Abierta,"13.1.6. Esterilización: Cuenta con un manual de buenas practicas de esterilización MA-ES-CA-02 Versión 01 fecha abril del 2023 aplicable a todas las unidades de atención, el cual cumple con la especificaciones . Sin embargo el documento no se encuentra socialización ni cuenta con medición de adherencias.",Administrador,calidad,,Misionales,09/Mar/2025,,Resolución 3100 de 2019:,PE,NO,,-
,,,,,,,,,,5. Procesos Prioritarios,,,,
1325,No Conformidad,Abierta,"13.1.7. Almacenamiento: Cuenta con un manual de buenas practicas de esterilización MA-ES-CA-02 Versión 01 fecha abril del 2023 aplicable a todas las unidades de atención, el cual cumple con la especificaciones . Sin embargo el documento no se encuentra socialización ni cuenta con medición de adherencias.",Administrador,calidad,,Misionales,09/Mar/2025,,Resolución 3100 de 2019:,PE,NO,,-
,,,,,,,,,,5. Procesos Prioritarios,,,,
1326,No Conformidad,Abierta,"13.1.8. Verificación de la integridad del material estéril: Cuenta con un manual de buenas practicas de esterilización MA-ES-CA-02 Versión 01 fecha abril del 2023 aplicable a todas las unidades de atención, el cual cumple con la especificaciones . Sin embargo el documento no se encuentra socialización ni cuenta con medición de adherencias.",Administrador,calidad,,Misionales,09/Mar/2025,,Resolución 3100 de 2019:,PE,NO,,-
,,,,,,,,,,5. Procesos Prioritarios,,,,
1327,No Conformidad,Abierta,"13.1.9. Control de calidad que incluya el análisis de los reportes de dicho control, para la toma de medidas preventivas y correctivas: Cuenta con un manual de buenas practicas de esterilización MA-ES-CA-02 Versión 01 fecha abril del 2023 aplicable a todas las unidades de atención, el cual cumple con la especificaciones . Sin embargo el documento no se encuentra socialización ni cuenta con medición de adherencias.",Administrador,calidad,,Misionales,09/Mar/2025,,Resolución 3100 de 2019:,PE,NO,,-
,,,,,,,,,,5. Procesos Prioritarios,,,,
1328,No Conformidad,Abierta,"15. Los prestadores de servicios de salud tienen definidos procedimientos que garanticen el cumplimiento del no reúso de dispositivos médicos cuando el fabricante así lo haya establecido: Al momento de la verificación se evidenica que cuenta documentada la politica de uso y no reúso de dispositivos medicos vigencia 2019 y con un Manual de uso y reúso de dispositivos médicos MA -ES- CA-01 versión 01 abril del 2023, en el cual se identifica que cuenta definido con un listado de dispositivos de re...",Administrador,calidad,,Misionales,09/Mar/2025,,Resolución 3100 de 2019:,PE,NO,,-
,,,,,,,,,,5. Procesos Prioritarios,,,,
1329,No Conformidad,Abierta,"16.1. Los procedimientos, siguiendo las recomendaciones del fabricante, para el reprocesamiento y control de calidad que demuestren la eficacia, desempeño y esterilidad del producto: Al momento de la verificación se evidenica Manual de uso y reuso de dispositivos médicos MA -ES- CA-01 versión 01 abril del 2023, en el cual se identifica que cuenta definido con un listado de dispositivos de reúso, sin embargo se evidencia que no corresponde la ficha tecnica del nombre del dispositivo con la descr...",Administrador,calidad,,Misionales,09/Mar/2025,,Resolución 3100 de 2019:,PE,NO,,-
,,,,,,,,,,5. Procesos Prioritarios,,,,
1330,No Conformidad,Abierta,"16.2. Acciones de seguimiento a través de los comités de infecciones, de seguridad del paciente y del programa de tecnovigilancia, que garanticen que el dispositivo no ha perdido la eficacia y desempeño para el cual fue diseñado, ni exponga al riesgo de infecciones o complicaciones al usuario: Al momento de la verificación se evidencia el acto administratico donde implementan los comites institucionales mediante la resolución 128 de 2018 la cual se encuentra firmada, sin embargo los comite se e...",Administrador,calidad,,Misionales,09/Mar/2025,,Resolución 3100 de 2019:,PE,NO,,-
,,,,,,,,,,5. Procesos Prioritarios,,,,
1331,No Conformidad,Abierta,"17.1. Estabilización del paciente antes del traslado: Al momento de la verificación se verifica documento PR-MI-HU 52 VERSIÓN 1 Febrero del 2024. No se evidencia socialización de documento, no cuenta con medición de adherencia, no se evidencia dentro del plan de capacitación del año 2024.",Administrador,calidad,,Misionales,09/Mar/2025,,Resolución 3100 de 2019:,PE,NO,,-
,,,,,,,,,,5. Procesos Prioritarios,,,,
1332,No Conformidad,Abierta,"17.2. Medidas para el traslado: Al momento de la verificación se verifica documento PR-MI-HU 52 VERSIÓN 1 Febrero del 2024. No se evidencia socialización de documento, no cuenta con medición de adherencia, no se evidencia dentro del plan de capacitación del año 2024.",Administrador,calidad,,Misionales,09/Mar/2025,,Resolución 3100 de 2019:,PE,NO,,-
,,,,,,,,,,5. Procesos Prioritarios,,,,
1333,No Conformidad,Abierta,17.3.1. Diligenciamiento del formato de referencia de pacientes: No presentan documentación.,Administrador,calidad,,Misionales,09/Mar/2025,,Resolución 3100 de 2019:,PE,NO,,-
,,,,,,,,,,5. Procesos Prioritarios,,,,
1334,No Conformidad,Abierta,17.3.2. Resultados de apoyos diagnósticos realizados al paciente: No presentan documentación.,Administrador,calidad,,Misionales,09/Mar/2025,,Resolución 3100 de 2019:,PE,NO,,-
,,,,,,,,,,5. Procesos Prioritarios,,,,
1335,No Conformidad,Abierta,17.3.3. Resumen de historia clínica: No presentan documentacion.,Administrador,calidad,,Misionales,09/Mar/2025,,Resolución 3100 de 2019:,PE,NO,,-
,,,,,,,,,,5. Procesos Prioritarios,,,,
1336,No Conformidad,Abierta,"17.3.4. Mecanismos tecnológicos que le permitan realizar el proceso (software, correo, entre otros): No presentan documentación.",Administrador,calidad,,Misionales,09/Mar/2025,,Resolución 3100 de 2019:,PE,NO,,-
,,,,,,,,,,5. Procesos Prioritarios,,,,
1337,No Conformidad,Abierta,17.3.5. Talento humano que debe responsabilizarse de cada una de las etapas del proceso: No presentan documentación.,Administrador,calidad,,Misionales,09/Mar/2025,,Resolución 3100 de 2019:,PE,NO,,-
,,,,,,,,,,5. Procesos Prioritarios,,,,
1338,No Conformidad,Abierta,17.3.6. La referencia de pacientes que se detecten como víctimas de violencia sexual debe hacerse a un servicio de urgencias: No presentan documentación.,Administrador,calidad,,Misionales,09/Mar/2025,,Resolución 3100 de 2019:,PE,NO,,-
,,,,,,,,,,5. Procesos Prioritarios,,,,
1339,No Conformidad,Abierta,"20.1. Documento del proceso institucional que orienta la atención en salud de las víctimas de violencias sexuales: Al momento de la verificación se evidencia documento de protocolo de atención a victimas de violencia sexual Código MI-PP-VS Versión 2. febrero del 2023. Se evidencia que solo esta contextualizado para el punto de atención de almaguer y no se contemplan la totalidad de las sedes, documento que es trasversal a todas la sedes adscritas al prestador. Se verifica acta de socialización ...",Administrador,calidad,,Misionales,09/Mar/2025,,Resolución 3100 de 2019:,PE,NO,,-
,,,,,,,,,,5. Procesos Prioritarios,,,,
1340,No Conformidad,Abierta,"22. En los servicios de transporte asistencial, atención prehospitalaria y urgencias, se cuenta con documento del proceso que orienta la atención en salud a víctimas de ataques con agentes guímicos: Cuenta con protocolo quemaduras por acidos Código: PT-MI-UR-53 Versión 0 Fecha julio 2020. Al momento de la verificación no se tiene programado dentro del plan institucional de capacitación 2024.",Administrador,calidad,,Misionales,09/Mar/2025,,Resolución 3100 de 2019:,PE,NO,,-
,,,,,,,,,,5. Procesos Prioritarios,,,,
1341,No Conformidad,Abierta,"23. Los prestadores de servicios de salud cuentan con información documentada de las condiciones de almacenamiento, conservación, control de fechas de vencimiento, uso y custodia de los medicamentos, dispositivos médicos e insumos contenidos en los kits de derrames de medicamentos, ataque con agentes químicos y de violencias: No se cuenta documentado las condiciones de almacenamiento, conservación, control de fechas de vencimiento, uso y custodia de los medicamentos, dispositivos médicos e insu...",Administrador,calidad,,Misionales,09/Mar/2025,,Resolución 3100 de 2019:,PE,NO,,-
,,,,,,,,,,5. Procesos Prioritarios,,,,
1342,No Conformidad,Abierta,"24.1. Manejo de la enfermedad cerebro vascular: Al momento de la verificación se evidencia documento denominado PROTOCOLO ACCIDENTE CEREBROVASCULAR (ACV), versión O fecha 2022, se evidencia definido medicamentos. Sin embargo no tiene definido el talento humano definido , no tiene definido dispositivos medicos, ni equipos biomedicos requeridos para la atención para la prestación del servicio, no se cuenta incluido la atención con enfoque diferencial. Dentro del plan de capacitación 2024, no se e...",Administrador,calidad,,Misionales,09/Mar/2025,,Resolución 3100 de 2019:,PE,NO,,-
,,,,,,,,,,5. Procesos Prioritarios,,,,
1343,No Conformidad,Abierta,"24.2. Manejo del Trauma Craneoencefálico: Se verifica documento PROTOCOLO DE TRAUMA CRANEONCEFALICO ( TEC) Codigo: FR-MI-HO Versión O fecha julio 2022. se evidencia definido el talento humano necesario para la prestación del servicio. Sin embargo no se tiene definido medicamentos y dispositivos medicos, ni equipos biomedicos requeridos para la atención para la prestación del servicio, no se cuenta incluido la atención con enfoque diferencial. Dentro del plan de capacitación 2024, no se encuentr...",Administrador,calidad,,Misionales,09/Mar/2025,,Resolución 3100 de 2019:,PE,NO,,-
,,,,,,,,,,5. Procesos Prioritarios,,,,
1344,No Conformidad,Abierta,"24.3. Detección de donantes de componentes anatómicos: Se verifica documento PROTOCOLO DE DONACIÓN DEIGRANOS Código PT-MI-UR-06 Versión O fecha: julio 2022. Se recomienda contextualizar el documento segun los servicios que se prestan y las condiciones del prestador frente a la detección de donantes de componentes anatómicos. Dentro del plan de capacitación 2024, no se encuentran programado.",Administrador,calidad,,Misionales,09/Mar/2025,,Resolución 3100 de 2019:,PE,NO,,-
,,,,,,,,,,5. Procesos Prioritarios,,,,
1345,No Conformidad,Abierta,"24.4. Mantenimiento del donante de componentes anatómicos: Se verifica documento PROTOCOLO DE DONACIÓN DE ORGANOS Código PT-MI-UR-06 Versión O fecha: julio 2022. Se recomienda contextualizar el documento segun los servicios que se prestan y las condiciones del prestador frente a la detección de donantes de componentes anatómicos. Dentro del plan de capacitación 2024, no se encuentran programado.",Administrador,calidad,,Misionales,09/Mar/2025,,Resolución 3100 de 2019:,PE,NO,,-
,,,,,,,,,,5. Procesos Prioritarios,,,,
1346,No Conformidad,Abierta,"27.1. Información documentada sobre la toma, procesamiento, control de calidad y entrega de resultados: En el momento de la verificación no se evidencia documentado.",Administrador,calidad,,Misionales,09/Mar/2025,,Resolución 3100 de 2019:,PE,NO,,-
,,,,,,,,,,5. Procesos Prioritarios,,,,
1347,No Conformidad,Abierta,"27.2. Controles de calidad realizados por un servicio de laboratorio clínico que puede ser propio o contratado para tal fin, cuando aplique, de acuerdo a las especificaciones del fabricante: En el momento de la verificación no se evidencia documentado.",Administrador,calidad,,Misionales,09/Mar/2025,,Resolución 3100 de 2019:,PE,NO,,-
,,,,,,,,,,5. Procesos Prioritarios,,,,
1348,No Conformidad,Abierta,27.3. Análisis de los reportes del control de calidad y toma de medidas preventivas y correctivas: En el momento de la verificación no se evidencia documentado.,Administrador,calidad,,Misionales,09/Mar/2025,,Resolución 3100 de 2019:,PE,NO,,-
,,,,,,,,,,5. Procesos Prioritarios,,,,
1349,No Conformidad,Abierta,"28, Orientación a los usuarios sobre las condiciones, requisitos y restricciones de acceso, permanencia y salida del vehículo, en condiciones de rutina o en condiciones de emergencia, a cargo del conductor del vehículo y el talento humano en salud: En el momento de la verificación no se evidencia documentado.",Administrador,calidad,,Misionales,09/Mar/2025,,Resolución 3100 de 2019:,PE,NO,,-
,,,,,,,,,,5. Procesos Prioritarios,,,,
1350,No Conformidad,Abierta,29. Mecanismos que garanticen comunicación para el seguimiento de los pacientes que lo requieran: En el momento de la verificación no se evidencia documentado.,Administrador,calidad,,Misionales,09/Mar/2025,,Resolución 3100 de 2019:,PE,NO,,-
,,,,,,,,,,5. Procesos Prioritarios,,,,
1351,No Conformidad,Abierta,"30. Mecanismos de supervisión de las actividades realizadas en el marco de los eventos de interés en salud pública, cuando aplique: En el momento de la verificación no se evidencia documentado.",Administrador,calidad,,Misionales,09/Mar/2025,,Resolución 3100 de 2019:,PE,NO,,-
,,,,,,,,,,5. Procesos Prioritarios,,,,
1352,No Conformidad,Abierta,Las historias clinicas cuentan con los componentes y los contenidos mínimos definidos en la normatividad que regula la materia: La historia clínica digital CADUCEOS SITIS tiene pendiente parametrizar el teléfono y parentesco del responsable.,Administrador,calidad,,Misionales,09/Mar/2025,,Resolución 3100 de 2019:,PE,NO,,-
,,,,,,,,,,6. Historia clínica y registros,,,,
1353,No Conformidad,Abierta,"5. La historia clínica y los registros asistenciales se diligencian en forma clara, legible, sin tachones, enmendaduras, intercalaciones, sin dejar espacios en blanco y sin utilizar siglas: La historia clínica digital CADUCEOS SITIS realiza registros asistenciales n forma clara, legible, sin tachones, enmendaduras, intercalaciones, con utilizar siglas y s espacios en blanco en lo datos básicos.",Administrador,calidad,,Misionales,09/Mar/2025,,Resolución 3100 de 2019:,PE,NO,,-
,,,,,,,,,,6. Historia clínica y registros,,,,
1354,No Conformidad,Abierta,"7. El diligenciamiento de los registros de atención de la historia clínica se realiza simultánea o inmediatamente después de la atención en salud: Se evidencia historia cínica digital CADUCEOS SITIS — el diligenciamiento de los registros de atención de la historia clínica verificadas se realiza simultánea o inmediatamente después de la atención en salud del servicio de medicina ,enfermería pero la psicóloga , fisioterapeuta no tienen computador para el diligenciamiento después de la atención lo...",Administrador,calidad,,Misionales,09/Mar/2025,,Resolución 3100 de 2019:,PE,NO,,-
,,,,,,,,,,6. Historia clínica y registros,,,,
1355,No Conformidad,Abierta,"9. El prestador de servicios de salud cuenta con un procedimiento de consentimiento informado que incluye mecanismos para verificar su aplicación, para que el paciente o usuario o su responsable aprueben o no documentalmente el procedimiento e intervención en salud a que va a ser sometido, previa información de los beneficios, riesgos, alternativas e implicaciones del acto asistencial: Se evidencia que el prestador de servicios de salud cuenta con un MANUAL DE CONSENTIMIENTO INFORMADO que inclu...",Administrador,calidad,,Misionales,09/Mar/2025,,Resolución 3100 de 2019:,PE,NO,,-
,,,,,,,,,,6. Historia clínica y registros,,,,
1356,No Conformidad,Abierta,"11.1. Actividades documentadas y realizadas en el procedimiento de reúso de dispositivos médicos acorde con las recomendaciones del fabricante, incluyendo el número de reúsos por cada dispositivo esterilizado: No se evidencia registro de de reúsos por cada dispositivo esterilizado.",Administrador,calidad,,Misionales,09/Mar/2025,,Resolución 3100 de 2019:,PE,NO,,-
,,,,,,,,,,6. Historia clínica y registros,,,,
1357,No Conformidad,Abierta,11.2. Registro de cargas: No se evidencia descrito registro de que se esteriliza en cada carga.,Administrador,calidad,,Misionales,09/Mar/2025,,Resolución 3100 de 2019:,PE,NO,,-
,,,,,,,,,,6. Historia clínica y registros,,,,
1358,No Conformidad,Abierta,11.3. Resultados del control de calidad: No se evidencian resultados del control de calidad.,Administrador,calidad,,Misionales,09/Mar/2025,,Resolución 3100 de 2019:,PE,NO,,-
,,,,,,,,,,6. Historia clínica y registros,,,,
1359,No Conformidad,Abierta,11.4. Listas del contenido de los paquetes que se esterilizan: No se evidencia descrito listas del contenido de los paquetes que se esterilizan.,Administrador,calidad,,Misionales,09/Mar/2025,,Resolución 3100 de 2019:,PE,NO,,-
,,,,,,,,,,6. Historia clínica y registros,,,,
1360,No Conformidad,Abierta,11.5. Etiquetado de cada paquete que permita la trazabilidad de la esterilización: No se evidencia etiquetado de cada paquete que permita la trazabilidad de la esterilización.,Administrador,calidad,,Misionales,09/Mar/2025,,Resolución 3100 de 2019:,PE,NO,,-
,,,,,,,,,,6. Historia clínica y registros,,,,
1361,No Conformidad,Abierta,14.7. Nombre de los pacientes atendidos: No se evidencia registro.,Administrador,calidad,,Misionales,09/Mar/2025,,Resolución 3100 de 2019:,PE,NO,,-
,,,,,,,,,,6. Historia clínica y registros,,,,
1362,No Conformidad,Abierta,14.8. Nombre de los pacientes trasladados: No se evidencia registro.,Administrador,calidad,,Misionales,09/Mar/2025,,Resolución 3100 de 2019:,PE,NO,,-
,,,,,,,,,,6. Historia clínica y registros,,,,
1363,No Conformidad,Abierta,14.9. Fecha y hora de ingreso al servicio: No se evidencia registro.,Administrador,calidad,,Misionales,09/Mar/2025,,Resolución 3100 de 2019:,PE,NO,,-
,,,,,,,,,,6. Historia clínica y registros,,,,
1364,No Conformidad,Abierta,14.10. Cuidados por parte del personal de salud: No aporta información el prestador.,Administrador,calidad,,Misionales,09/Mar/2025,,Resolución 3100 de 2019:,PE,NO,,-
,,,,,,,,,,6. Historia clínica y registros,,,,
1365,No Conformidad,Abierta,"14.12. Registros de las fechas de llegada y de salida, cuando aplique: No aporta información el prestador.",Administrador,calidad,,Misionales,09/Mar/2025,,Resolución 3100 de 2019:,PE,NO,,-
,,,,,,,,,,6. Historia clínica y registros,,,,
1366,No Conformidad,Abierta,14.13. Registros de las actividades realizadas: No aporta informacion el prestador.,Administrador,calidad,,Misionales,09/Mar/2025,,Resolución 3100 de 2019:,PE,NO,,-
,,,,,,,,,,6. Historia clínica y registros,,,,
1367,No Conformidad,Abierta,"1. Cumple servicios y con los criterios que le sean aplicables de todos los adicionalmente, disponibilidad de: Ver Estándar transversal Talento Humano.",Administrador,calidad,,Gestión de Talento Humano,09/Mar/2025,,Resolución 3100 de 2019:,PE,NO,,-
,,,,,,,,,,1. Talento Humano,,,,
1368,No Conformidad,Abierta,20. Cumple con los criterios que le sean aplicables de todos los servicios y adicionalmente cuenta con: No cumple con los criterios que le sean aplicables de todos los servicios.,Administrador,calidad,,Gestión de Recursos,09/Mar/2025,,Resolución 3100 de 2019:,PE,NO,,-
,,,,,,,,,,2. Infraestructura,,,,
1369,No Conformidad,Abierta,"20.4.3. La habitación múltiple para pacientes adultos debe tener una capacidad máxima de 4 camas, con área libre mínima de 7m2 por cama, separadas con barrera física flja o móvil: Cuenta con habitaciones para dos camas, perono estan separadas por barrera fisica fija ni movil.",Administrador,calidad,,Gestión de Recursos,09/Mar/2025,,Resolución 3100 de 2019:,PE,NO,,-
,,,,,,,,,,2. Infraestructura,,,,
1370,No Conformidad,Abierta,25. Cumple con los criterios que le sean aplicables de todos los servicios y adicionalmente cuenta con: Revisar estándar transversal.,Administrador,calidad,,Gestión de Recursos,09/Mar/2025,,Resolución 3100 de 2019:,PE,NO,,-
,,,,,,,,,,3. Dotación,,,,
1371,No Conformidad,Abierta,"25.2. Carro de paro. Si el servicio de hospitalización está en varios pisos o niveles, cada piso o nivel, cuenta con mínimo un carro de paro, asegurando que se encuentren en permanente disposición y fácil localización para brindar una atención oportuna sin poner en riesgo la vida del paciente: En el carro de paro se encuentra que el monitor no funciona, se le sugiera al prestador la dotación de este equipo de manera inmediata.",Administrador,calidad,,Gestión de Recursos,09/Mar/2025,,Resolución 3100 de 2019:,PE,NO,,-
,,,,,,,,,,3. Dotación,,,,
1372,No Conformidad,Abierta,26.3. Silla de ruedas: No cuenta con silla de ruedas.,Administrador,calidad,,Gestión de Recursos,09/Mar/2025,,Resolución 3100 de 2019:,PE,NO,,-
,,,,,,,,,,3. Dotación,,,,
1373,No Conformidad,Abierta,26.4. Tensiómetro para adulto o pediátrico de acuerdo con la oferta del servicio: No cuenta con tensiómetro adulto y pediátrico.,Administrador,calidad,,Gestión de Recursos,09/Mar/2025,,Resolución 3100 de 2019:,PE,NO,,-
,,,,,,,,,,3. Dotación,,,,
1374,No Conformidad,Abierta,26.5. Fonendoscopio adulto o pediátrico de acuerdo con la oferta del servicio: No cuenta con fonendoscopio adulto y pediátrico.,Administrador,calidad,,Gestión de Recursos,09/Mar/2025,,Resolución 3100 de 2019:,PE,NO,,-
,,,,,,,,,,3. Dotación,,,,
1375,No Conformidad,Abierta,26.6. Equipo de órganos de los sentidos: No cuenta con equipo de órganos de los sentidos.,Administrador,calidad,,Gestión de Recursos,09/Mar/2025,,Resolución 3100 de 2019:,PE,NO,,-
,,,,,,,,,,3. Dotación,,,,
1376,No Conformidad,Abierta,26.7. Electrocardiógrafo: No cuenta con electrocardiógrafo.,Administrador,calidad,,Gestión de Recursos,09/Mar/2025,,Resolución 3100 de 2019:,PE,NO,,-
,,,,,,,,,,3. Dotación,,,,
1377,No Conformidad,Abierta,26.8. Oxigeno medicinal que puede ser suministrado mediante salida de oxígeno medicinal o mediante oxígeno medicinal portátil: No cuenta con oxigeno medicinal.,Administrador,calidad,,Gestión de Recursos,09/Mar/2025,,Resolución 3100 de 2019:,PE,NO,,-
,,,,,,,,,,3. Dotación,,,,
1378,No Conformidad,Abierta,"35. Cumple con los criterios que le sean aplicables de todos los servicios y adicionalmente, cuenta con: No cumple con los criterios que le sean aplicables de todos los servicios.",Administrador,calidad,,Misionales,09/Mar/2025,,Resolución 3100 de 2019:,PE,NO,,-
,,,,,,,,,,"4. Medicamentos, dispositivos médicos e insumos",,,,
1379,No Conformidad,Abierta,42. Cumple con los criterios que le sean aplicables de todos los servicios y adicionalmente cuenta con la siguiente información documentada: Se verifico en el estándar transversal.,Administrador,calidad,,Misionales,09/Mar/2025,,Resolución 3100 de 2019:,PE,NO,,-
,,,,,,,,,,5. Procesos Prioritarios,,,,
1380,No Conformidad,Abierta,42.1. Criterios de ingreso y egreso al servicio: Prestador no presenta documentación.,Administrador,calidad,,Misionales,09/Mar/2025,,Resolución 3100 de 2019:,PE,NO,,-
,,,,,,,,,,5. Procesos Prioritarios,,,,
1381,No Conformidad,Abierta,"42.2. Manejo de las principales causas de hospitalización, según oferta: Se verifica las causas principales de atención mediante el principio es pareto y se verifica soporte donde adaptan guia de manejo del ministerio de salud, sin embargo guias de manejo clinico para el servicio especifico no se encuentran documentadas en su totalidad.",Administrador,calidad,,Misionales,09/Mar/2025,,Resolución 3100 de 2019:,PE,NO,,-
,,,,,,,,,,5. Procesos Prioritarios,,,,
1382,No Conformidad,Abierta,42.3. Ronda médica diaria de evolución de pacientes: Prestador no presenta documentación.,Administrador,calidad,,Misionales,09/Mar/2025,,Resolución 3100 de 2019:,PE,NO,,-
,,,,,,,,,,5. Procesos Prioritarios,,,,
1383,No Conformidad,Abierta,"42.5. Entrega de turno por parte de enfermería y de medicina: La ESE Cuenta con PROTOCOLO DE RECIBO Y ENTREGA DE TURNO Cádigo: PT-MI-CE-21, se verifica que no se encuentran dentro del plan de capacitación institucional del 2024, ni cuenta con medición de adherencia.",Administrador,calidad,,Misionales,09/Mar/2025,,Resolución 3100 de 2019:,PE,NO,,-
,,,,,,,,,,5. Procesos Prioritarios,,,,
1384,No Conformidad,Abierta,"42.6. Control de líquidos: La ESE presenta documento CONTROL DE LÍQUIDOS ADQUIRIDOS Y ELIMINADOS Código: PT-MIHO- 22, se verifica que no se encuentran dentro del plan de capacitación institucional del 2024, ni cuenta con medición de adherencia.",Administrador,calidad,,Misionales,09/Mar/2025,,Resolución 3100 de 2019:,PE,NO,,-
,,,,,,,,,,5. Procesos Prioritarios,,,,
1385,No Conformidad,Abierta,"42.7. Plan de cuidados de enfermería: La ESE presenta documento en Excel de plan de cuidados establecidos por patologías más frecuentes sin embargo no cuenta con un documento donde se defina los cuidados según las necesidades del paciente, no se cuenta con la socialización, ni medición de adherencia.",Administrador,calidad,,Misionales,09/Mar/2025,,Resolución 3100 de 2019:,PE,NO,,-
,,,,,,,,,,5. Procesos Prioritarios,,,,
1386,No Conformidad,Abierta,"42.9. Sujeción de pacientes: La ESE presenta documento PT-MI-UR-55 protocolo de inmovilización paciente inconsciente y psiquiátrico el cual tiene como objetivo establecer las actividades que garanticen la correcta inmovilización del paciente, al momento de la verificación no se cuenta con soporte de socialización.",Administrador,calidad,,Misionales,09/Mar/2025,,Resolución 3100 de 2019:,PE,NO,,-
,,,,,,,,,,5. Procesos Prioritarios,,,,
1387,No Conformidad,Abierta,"42.11. Cateterismo vesical: La ESE presenta documento PT-MI-UR-14 Versión 1 fecha agosto del 2020-en el cual no se especifica que elementos son necesarios para la inmovilización de pacientes, no se evidencia el alcance de aplicación del documento.",Administrador,calidad,,Misionales,09/Mar/2025,,Resolución 3100 de 2019:,PE,NO,,-
,,,,,,,,,,5. Procesos Prioritarios,,,,
1388,No Conformidad,Abierta,"42.13. llustrar al paciente en el auto cuidado de la salud y la preservación de la seguridad de su atención: El prestador cuenta con documento definido como PROTOCOLO AUTOCUIDADO PACIENTE Y SUS CUIDADORES PT-MI-HO 01- Versión 2 fecha junio 20204, no se encuentra socializado para el año 2024.",Administrador,calidad,,Misionales,09/Mar/2025,,Resolución 3100 de 2019:,PE,NO,,-
,,,,,,,,,,5. Procesos Prioritarios,,,,
1389,No Conformidad,Abierta,42.14. Información a usuarios: prestador no presenta documento solicitado.,Administrador,calidad,,Misionales,09/Mar/2025,,Resolución 3100 de 2019:,PE,NO,,-
,,,,,,,,,,5. Procesos Prioritarios,,,,
1390,No Conformidad,Abierta,"42.15. Revisión del carro de paro: Cuenta con el documento CHEQUEO DEL DESFIBIYR LVERAIFDICOACRIÓ N DEL CARRO DE PARO,sin codigo Versión 2 Fecha Junio 2022. No se encuentra dentro de la tematica a socializar para el año 2024.",Administrador,calidad,,Misionales,09/Mar/2025,,Resolución 3100 de 2019:,PE,NO,,-
,,,,,,,,,,5. Procesos Prioritarios,,,,
1391,No Conformidad,Abierta,"42.16. Actividades de rehabilitación: fisioterapia, terapia ocupacional y terapia del lenguaje, que incluya los tipos de elementos e insumas requeridos para cada tipo de actividad, según se requiera: El prestador presenta PROTOCOLO DE ATENCIÓN EN FISIOTERAPIA Códgio PT-MI- CE-53Versión O del 2023, cuenta con documentos definidos respecto a la terapia respiratoria y física con los insumos requeridos para la prestación del servicio . Sin embargo no presentan documento, no se evidencia socializaci...",Administrador,calidad,,Misionales,09/Mar/2025,,Resolución 3100 de 2019:,PE,NO,,-
,,,,,,,,,,5. Procesos Prioritarios,,,,
1392,No Conformidad,Abierta,"48. Cumple con los criterios que le sean aplicables de todos los servicios: Ver transversal de historia clinica, cuenta con historia clinica digital.",Administrador,calidad,,Misionales,09/Mar/2025,,Resolución 3100 de 2019:,PE,NO,,-
,,,,,,,,,,6. Historia clínica y registros,,,,
1393,No Conformidad,Abierta,1. Cumple con los criterios que le sean aplicables de todos los: Ver Estándar transversal Talento Humano.,Administrador,calidad,,Gestión de Talento Humano,09/Mar/2025,,Resolución 3100 de 2019:,PE,NO,,-
,,,,,,,,,,1. Talento Humano,,,,
1394,No Conformidad,Abierta,20. Cumple con los criterios que le sean aplicables de todos los servicios y adicionalmente cuenta con: No cumple con los criterios que le sean aplicables de todos los servicios.,Administrador,calidad,,Gestión de Recursos,09/Mar/2025,,Resolución 3100 de 2019:,PE,NO,,-
,,,,,,,,,,2. Infraestructura,,,,
1395,No Conformidad,Abierta,"20.4.3. La habitación múltiple para pacientes adultos debe tener una capacidad máxima de 4 camas, con área libre mínima de 7 m2 por cama, separadas con barrera física flja o móvil: Cuenta con habitaciones para dos camas, perono estan separadas por barrera fisica fija ni movil.",Administrador,calidad,,Gestión de Recursos,09/Mar/2025,,Resolución 3100 de 2019:,PE,NO,,-
,,,,,,,,,,2. Infraestructura,,,,
1396,No Conformidad,Abierta,25. Cumple con los criterios que le sean aplicables de todos los servicios y adicionalmente cuenta con: Revisar estándar transversal.,Administrador,calidad,,Gestión de Recursos,09/Mar/2025,,Resolución 3100 de 2019:,PE,NO,,-
,,,,,,,,,,3. Dotación,,,,
1397,No Conformidad,Abierta,"25.2. Carro de paro. Si el servicio de hospitalización está en varios pisos o niveles, cada piso o nivel, cuenta con mínimo un carro de paro, asegurando que se encuentren en permanente disposición y fácil localización para brindar una atención oportuna sin poner en riesgo la vida del paciente: En el carro de paro se encuentra que el monitor no funciona, se le sugiera al prestador la dotación de este equipo de manera inmediata.",Administrador,calidad,,Gestión de Recursos,09/Mar/2025,,Resolución 3100 de 2019:,PE,NO,,-
,,,,,,,,,,3. Dotación,,,,
1398,No Conformidad,Abierta,26.3. Silla de ruedas: No cuenta con silla de ruedas.,Administrador,calidad,,Gestión de Recursos,09/Mar/2025,,Resolución 3100 de 2019:,PE,NO,,-
,,,,,,,,,,3. Dotación,,,,
1399,No Conformidad,Abierta,26.4. Tensiómetro para adulto o pediátrico de acuerdo con la oferta del servicio: No cuenta con tensiómetro adulto y pediátrico.,Administrador,calidad,,Gestión de Recursos,09/Mar/2025,,Resolución 3100 de 2019:,PE,NO,,-
,,,,,,,,,,3. Dotación,,,,
1400,No Conformidad,Abierta,26.5. Fonendoscopio adulto o pediátrico de acuerdo con la oferta del servicio: No cuenta con fonendoscopio adulto y pediátrico.,Administrador,calidad,,Gestión de Recursos,09/Mar/2025,,Resolución 3100 de 2019:,PE,NO,,-
,,,,,,,,,,3. Dotación,,,,
1401,No Conformidad,Abierta,26.6. Equipo de órganos de los sentidos: No cuenta con equipo de órganos de los sentidos.,Administrador,calidad,,Gestión de Recursos,09/Mar/2025,,Resolución 3100 de 2019:,PE,NO,,-
,,,,,,,,,,3. Dotación,,,,
1402,No Conformidad,Abierta,26.7. Electrocardiógrafo: No cuenta con electrocardiógrafo.,Administrador,calidad,,Gestión de Recursos,09/Mar/2025,,Resolución 3100 de 2019:,PE,NO,,-
,,,,,,,,,,3. Dotación,,,,
1403,No Conformidad,Abierta,26.8. Oxigeno medicinal que puede ser suministrado mediante salida de oxígeno medicinal o mediante oxígeno medicinal portátil: No cuenta con oxígeno medicinal.,Administrador,calidad,,Gestión de Recursos,09/Mar/2025,,Resolución 3100 de 2019:,PE,NO,,-
,,,,,,,,,,3. Dotación,,,,
1404,No Conformidad,Abierta,"35. Cumple con los criterios que le sean aplicables de todos los servicios y adicionalmente, cuenta con: No cumple con los criterios que le sean aplicables de todos los servicios.",Administrador,calidad,,Gestión de Recursos,09/Mar/2025,,Resolución 3100 de 2019:,PE,NO,,-
,,,,,,,,,,"4. Medicamentos, dispositivos médicos e insumos",,,,
1405,No Conformidad,Abierta,42. Cumple con los criterios que le sean aplicables de todos los servicios y adicionalmente cuenta con la siguiente información documentada: Se verifico en el estándar transversal.,Administrador,calidad,,Misionales,09/Mar/2025,,Resolución 3100 de 2019:,PE,NO,,-
,,,,,,,,,,5. Procesos Prioritarios,,,,
1406,No Conformidad,Abierta,42.1. Criterios de ingreso y egreso al servicio: No presentan documentación.,Administrador,calidad,,Misionales,09/Mar/2025,,Resolución 3100 de 2019:,PE,NO,,-
,,,,,,,,,,5. Procesos Prioritarios,,,,
1407,No Conformidad,Abierta,"42.2. Manejo de las principales causas de hospitalización, según oferta: Se verifica las causas principales de atención mediante el principio es pareto y se verifica soporte donde adaptan guia de manejo del ministerio de salud, sin embargo guias de manejo clinico para el servicio especifico no se encuentran documentadas en su totalidad.",Administrador,calidad,,Misionales,09/Mar/2025,,Resolución 3100 de 2019:,PE,NO,,-
,,,,,,,,,,5. Procesos Prioritarios,,,,
1408,No Conformidad,Abierta,42.3. Ronda médica diaria de evolución de pacientes: Prestador no presenta documentación.,Administrador,calidad,,Misionales,09/Mar/2025,,Resolución 3100 de 2019:,PE,NO,,-
,,,,,,,,,,5. Procesos Prioritarios,,,,
1409,No Conformidad,Abierta,"42.5. Entrega de turno por parte de enfermería y de medicina: La ESE Cuenta con PROTOCOLO DE RECIBO Y ENTREGA DE TURNO Código: PT-MI-CE-21, se verifica que no se encuentran dentro del plan de capacitación institucional del 2024, ni cuenta con medición de adherencia.",Administrador,calidad,,Misionales,09/Mar/2025,,Resolución 3100 de 2019:,PE,NO,,-
,,,,,,,,,,5. Procesos Prioritarios,,,,
1410,No Conformidad,Abierta,"42.6. Control de líquidos: La ESE presenta documento CONTROL DE LIQUIDOS ADQUIRIDOS Y ELIMINADOS Código: PT-MIHO- 22, se verifica que no se encuentran dentro del plan de capacitación institucional del 2024, ni cuenta con medición de adherencia.",Administrador,calidad,,Misionales,09/Mar/2025,,Resolución 3100 de 2019:,PE,NO,,-
,,,,,,,,,,5. Procesos Prioritarios,,,,
1411,No Conformidad,Abierta,"42.7. Plan de cuidados de enfermería: La ESE presenta documento en Excel de plan de cuidados establecidos por patologías más frecuentes sin embargo no cuenta con un documento donde se defina los cuidados según las necesidades del paciente, no se cuenta con la socialización, ni medición de adherencia.",Administrador,calidad,,Misionales,09/Mar/2025,,Resolución 3100 de 2019:,PE,NO,,-
,,,,,,,,,,5. Procesos Prioritarios,,,,
1412,No Conformidad,Abierta,"42.9. Sujeción de pacientes: La ESE presenta documento PT-MI-UR-55 protocolo de inmovilización paciente inconsciente y psiquiátrico el cual tiene como objetivo establecer las actividades que garanticen la correcta inmovilización del paciente, al momento de la verificación no se cuenta con soporte de socialización.",Administrador,calidad,,Misionales,09/Mar/2025,,Resolución 3100 de 2019:,PE,NO,,-
,,,,,,,,,,5. Procesos Prioritarios,,,,
1413,No Conformidad,Abierta,"42.11. Cateterismo vesical: La ESE presenta documento PT-MI-UR-14 Versión 1 fecha agosto del 2020-en el cual no se especifica que elementos son necesarios para la inmovilización de pacientes, no se evidencia el alcance de aplicación del documento.",Administrador,calidad,,Misionales,09/Mar/2025,,Resolución 3100 de 2019:,PE,NO,,-
,,,,,,,,,,5. Procesos Prioritarios,,,,
1414,No Conformidad,Abierta,"42.13. llustrar al paciente en el auto cuidado de la salud y la preservación de la seguridad de su atención: El prestador cuenta con documento definido como PROTOCOLO AUTOCUIDADO PACIENTE Y SUS CUIDADORES PT-MI-HO 01- Versión 2 fecha junio 20204, no se encuentra socializado para el año 2024.",Administrador,calidad,,Misionales,09/Mar/2025,,Resolución 3100 de 2019:,PE,NO,,-
,,,,,,,,,,5. Procesos Prioritarios,,,,
1415,No Conformidad,Abierta,42.14. Informacién a usuarios: El prestador no presenta documento solicitado:,Administrador,calidad,,Misionales,09/Mar/2025,,Resolución 3100 de 2019:,PE,NO,,-
,,,,,,,,,,5. Procesos Prioritarios,,,,
1416,No Conformidad,Abierta,"42.15. Revisión del carro de paro: Cuenta con el documento CHEQUEO DEL DESFIBIRLADOR Y VERIFICACIÓN DEL CARRO DE PARO, sin codigo Versión 2 Fecha Junio 2022. No se encuentra dentro de la tematica a socializar para el año 2024.",Administrador,calidad,,Misionales,09/Mar/2025,,Resolución 3100 de 2019:,PE,NO,,-
,,,,,,,,,,5. Procesos Prioritarios,,,,
1417,No Conformidad,Abierta,"42.16. Actividades de rehabilitación: fisioterapia, terapia ocupacional y terapia del lenguaje, que incluya los tipos de elementos e insumas requeridos para cada tipo de actividad, según se requiera: El prestador presenta PROTOCOLO DE ATENCIÓN EN FISIOTERAPIA Códgio PT-MI- CE-53Versión 0 del 2023, cuenta con documentos definidos respecto a la terapia respiratoria y física con los insumos requeridos para la prestación del servicio . Sin embargo no presentan documento, no se evidencia socializaci...",Administrador,calidad,,Misionales,09/Mar/2025,,Resolución 3100 de 2019:,PE,NO,,-
,,,,,,,,,,5. Procesos Prioritarios,,,,
1418,No Conformidad,Abierta,"48. Cumple con los criterios que le sean aplicables de todos los servicios: Ver transversal de historia clinica, cuenta con historia clinica digital.",Administrador,calidad,,Misionales,09/Mar/2025,,Resolución 3100 de 2019:,PE,NO,,-
,,,,,,,,,,6. Historia clínica y registros,,,,
1419,No Conformidad,Abierta,24.1. Fonendoscopio para adulto o pediátrico según la oferta del servicio: No cuenta con el equipo de este item correspondiente.,Administrador,calidad,,Gestión de Recursos,09/Mar/2025,,Resolución 3100 de 2019:,PE,NO,,-
,,,,,,,,,,3. Dotación,,,,
1420,No Conformidad,Abierta,24.2. Tensiómetro para adulto o pediátrico según la oferta del servicio: No cuenta con el equipo de este item correspondiente.,Administrador,calidad,,Gestión de Recursos,09/Mar/2025,,Resolución 3100 de 2019:,PE,NO,,-
,,,,,,,,,,3. Dotación,,,,
1421,No Conformidad,Abierta,24.3. Equipo de órganos de los sentidos: No cuenta con el equipo de este item correspondiente.,Administrador,calidad,,Gestión de Recursos,09/Mar/2025,,Resolución 3100 de 2019:,PE,NO,,-
,,,,,,,,,,3. Dotación,,,,
1422,No Conformidad,Abierta,24.4 Oximetro: No cuenta con el equipo de este item correspondiente.,Administrador,calidad,,Gestión de Recursos,09/Mar/2025,,Resolución 3100 de 2019:,PE,NO,,-
,,,,,,,,,,3. Dotación,,,,
1423,No Conformidad,Abierta,24.5. Glucómetro: No cuenta con el equipo de este item correspondiente.,Administrador,calidad,,Gestión de Recursos,09/Mar/2025,,Resolución 3100 de 2019:,PE,NO,,-
,,,,,,,,,,3. Dotación,,,,
1424,No Conformidad,Abierta,24.6. Martillo de reflejos: No cuenta con el equipo de este ítem correspondiente.,Administrador,calidad,,Gestión de Recursos,09/Mar/2025,,Resolución 3100 de 2019:,PE,NO,,-
,,,,,,,,,,3. Dotación,,,,
1425,No Conformidad,Abierta,"24.7. Termómetro, cuanto lo requiera: No cuenta con el equipo de este item correspondiente.",Administrador,calidad,,Gestión de Recursos,09/Mar/2025,,Resolución 3100 de 2019:,PE,NO,,-
,,,,,,,,,,3. Dotación,,,,
1426,No Conformidad,Abierta,24.8. Cinta métrica: No cuenta con el equipo de este item correspondiente.,Administrador,calidad,,Gestión de Recursos,09/Mar/2025,,Resolución 3100 de 2019:,PE,NO,,-
,,,,,,,,,,3. Dotación,,,,
1427,No Conformidad,Abierta,"24.9. Báscula grado médico o pesa bebé, según la oferta del servicio: No cuenta con el equipo de este item correspondiente.",Administrador,calidad,,Gestión de Recursos,09/Mar/2025,,Resolución 3100 de 2019:,PE,NO,,-
,,,,,,,,,,3. Dotación,,,,
1428,No Conformidad,Abierta,"25. El prestador de servicios de salud cuenta con la dotación necesaria para realizar los procedimientos documentados en el estándar de procesos prioritarios: El prestador informa de forma verbal que para las salidas extramurales solo utilizan tensiómetro, fonendoscopio, bascula y tallimetro, pero esto no se encuentra documentando desde el estándar de procesos prioritarios.",Administrador,calidad,,Gestión de Recursos,09/Mar/2025,,Resolución 3100 de 2019:,PE,NO,,-
,,,,,,,,,,3. Dotación,,,,
1429,No Conformidad,Abierta,32. Cumple con los criterios que le sean aplicables de todos los servicios: No Cumple con los criterios que le sean aplicables de todos los servicios.,Administrador,calidad,,Gestión de Recursos,09/Mar/2025,,Resolución 3100 de 2019:,PE,NO,,-
,,,,,,,,,,"4. Medicamentos, dispositivos médicos e insumos",,,,
1430,No Conformidad,Abierta,"35.1. Procedimientos que se pueden realizar, incluyendo aquellos que requieran anestesia local y no impliquen anestesia regional ni general: Presenta el listado de procedimiento que se ejecutan dentro de la parte asistencial por parte de los profesionales de enfermeria para los servicios intramurales, para la prestación extramural no cuenta con documentado.",Administrador,calidad,,Misionales,09/Mar/2025,,Resolución 3100 de 2019:,PE,NO,,-
,,,,,,,,,,5. Procesos Prioritarios,,,,
1431,No Conformidad,Abierta,35.2.1. Preparación: Los documentos presentados por el prestador no cuentan con todas la especificaciones solicitadas.,Administrador,calidad,,Misionales,09/Mar/2025,,Resolución 3100 de 2019:,PE,NO,,-
,,,,,,,,,,5. Procesos Prioritarios,,,,
1432,No Conformidad,Abierta,35.2.2. Recomendaciones post procedimiento: Los documentos presentados por el prestador no cuentan con todas la especificaciones solicitadas,Administrador,calidad,,Misionales,09/Mar/2025,,Resolución 3100 de 2019:,PE,NO,,-
,,,,,,,,,,5. Procesos Prioritarios,,,,
1433,No Conformidad,Abierta,35.2.3. Controles: Los documentos presentados por el prestador no cuentan con todas la especificaciones solicitadas.,Administrador,calidad,,Misionales,09/Mar/2025,,Resolución 3100 de 2019:,PE,NO,,-
,,,,,,,,,,5. Procesos Prioritarios,,,,
1434,No Conformidad,Abierta,35.2.4. Posibles complicaciones: Los documentos presentados por el prestador no cuentan con todas la especificaciones solicitadas.,Administrador,calidad,,Misionales,09/Mar/2025,,Resolución 3100 de 2019:,PE,NO,,-
,,,,,,,,,,5. Procesos Prioritarios,,,,
1435,No Conformidad,Abierta,"36.1. Manejo de pacientes con enfermedad respiratoria alta y baja, que incluya ingreso, valoración y seguimiento del estado critico: El prestador presenta documento MANEJO ENFERMEDAD RESPIRATORIA AGUDA EN LA SALA DE ERA Código PR-MI-UR-78 Versión 1 Fecha: febrero del 2024, el objetivo es mantener vigilancia continua en pacientes ingresados en el servicios de urgencias con problemas respiratorios sea alta o baja para difundir medidas de prevención, se tiene definido criterios de ingreso, no se ...",Administrador,calidad,,Misionales,09/Mar/2025,,Resolución 3100 de 2019:,PE,NO,,-
,,,,,,,,,,5. Procesos Prioritarios,,,,
1436,No Conformidad,Abierta,"41. Cumple con los criterios que le sean aplicables de todos los servicios: Ver transversal de historia clinica, cuenta con historia clinica digital.",Administrador,calidad,,Misionales,09/Mar/2025,,Resolución 3100 de 2019:,PE,NO,,-
,,,,,,,,,,6. Historia clínica y registros,,,,
1437,No Conformidad,Abierta,24.1. Fonendoscopio para adulto o pediátrico según la oferta del servicio: No cuenta con el equipo de este item correspondiente.,Administrador,calidad,,Gestión de Recursos,09/Mar/2025,,Resolución 3100 de 2019:,PE,NO,,-
,,,,,,,,,,3. Dotación,,,,
1438,No Conformidad,Abierta,24.2. Tensiómetro para adulto o pediátrico según la oferta del servicio: No cuenta con el equipo de este item correspondiente.,Administrador,calidad,,Gestión de Recursos,09/Mar/2025,,Resolución 3100 de 2019:,PE,NO,,-
,,,,,,,,,,3. Dotación,,,,
1439,No Conformidad,Abierta,24.3. Equipo de órganos de los sentidos: No cuenta con el equipo de este item correspondiente.,Administrador,calidad,,Gestión de Recursos,09/Mar/2025,,Resolución 3100 de 2019:,PE,NO,,-
,,,,,,,,,,3. Dotación,,,,
1440,No Conformidad,Abierta,24.4. Oximetro: No cuenta con el equipo de este item correspondiente.,Administrador,calidad,,Gestión de Recursos,09/Mar/2025,,Resolución 3100 de 2019:,PE,NO,,-
,,,,,,,,,,3. Dotación,,,,
1441,No Conformidad,Abierta,24.5. Glucómetro: No cuenta con el equipo de este item correspondiente.,Administrador,calidad,,Gestión de Recursos,09/Mar/2025,,Resolución 3100 de 2019:,PE,NO,,-
,,,,,,,,,,3. Dotación,,,,
1442,No Conformidad,Abierta,24.6. Martillo de reflejos: No cuenta con el equipo de este ítem correspondiente.,Administrador,calidad,,Gestión de Recursos,09/Mar/2025,,Resolución 3100 de 2019:,PE,NO,,-
,,,,,,,,,,3. Dotación,,,,
1443,No Conformidad,Abierta,"24.7. Termómetro, cuanto lo requiera: No cuenta con el equipo de este item correspondiente.",Administrador,calidad,,Gestión de Recursos,09/Mar/2025,,Resolución 3100 de 2019:,PE,NO,,-
,,,,,,,,,,3. Dotación,,,,
1444,No Conformidad,Abierta,24.8. Cinta métrica: No cuenta con el equipo de este item correspondiente.,Administrador,calidad,,Gestión de Recursos,09/Mar/2025,,Resolución 3100 de 2019:,PE,NO,,-
,,,,,,,,,,3. Dotación,,,,
1445,No Conformidad,Abierta,"24.9. Báscula grado médico o pesa bebé, según la oferta del servicio: No cuenta con el equipo de este item correspondiente.",Administrador,calidad,,Gestión de Recursos,09/Mar/2025,,Resolución 3100 de 2019:,PE,NO,,-
,,,,,,,,,,3. Dotación,,,,
1446,No Conformidad,Abierta,"25. El prestador de servicios de salud cuenta con la dotación necesaria para realizar los procedimientos documentados en el estándar de procesos prioritarios: El prestador informa de forma verbal que para las salidas extramurales solo utilizan tensiómetro, fonendoscopio, bascula y tallimetro, pero esto no se encuentra documentando desde el estándar de procesos prioritarios.",Administrador,calidad,,Gestión de Recursos,09/Mar/2025,,Resolución 3100 de 2019:,PE,NO,,-
,,,,,,,,,,3. Dotación,,,,
1447,No Conformidad,Abierta,32. Cumple con los criterios que le sean aplicables de todos los servicios: No Cumple con los criterios que le sean aplicables de todos los servicios.,Administrador,calidad,,Gestión de Recursos,09/Mar/2025,,Resolución 3100 de 2019:,PE,NO,,-
,,,,,,,,,,"4. Medicamentos, dispositivos médicos e insumos",,,,
1448,No Conformidad,Abierta,"35.1. Procedimientos que se pueden realizar, incluyendo aquellos que requieran anestesia local y no impliquen anestesia regional ni general: Presenta el listado de procedimiento que se ejecutan dentro de la parte asistencial por parte de los profesionales de medicina general para los servicios intramurales, para la prestación extramural no cuenta con documentado.",Administrador,calidad,,Misionales,09/Mar/2025,,Resolución 3100 de 2019:,PE,NO,,-
,,,,,,,,,,5. Procesos Prioritarios,,,,
1449,No Conformidad,Abierta,35.2.1. Preparación: Los documentos presentados por el prestador no cuentan con todas la especificaciones solicitadas.,Administrador,calidad,,Misionales,09/Mar/2025,,Resolución 3100 de 2019:,PE,NO,,-
,,,,,,,,,,5. Procesos Prioritarios,,,,
1450,No Conformidad,Abierta,35.2.2. Recomendaciones post procedimiento: Los documentos presentados por el prestador no cuentan con todas la especificaciones solicitadas.,Administrador,calidad,,Misionales,09/Mar/2025,,Resolución 3100 de 2019:,PE,NO,,-
,,,,,,,,,,5. Procesos Prioritarios,,,,
1451,No Conformidad,Abierta,35.2.3. Controles: Los documentos presentados por el prestador no cuentan con todas la especificaciones solicitadas.,Administrador,calidad,,Misionales,09/Mar/2025,,Resolución 3100 de 2019:,PE,NO,,-
,,,,,,,,,,5. Procesos Prioritarios,,,,
1452,No Conformidad,Abierta,35.2.4. Posibles complicaciones: Los documentos presentados por el prestador no cuentan con todas la especificaciones solicitadas.,Administrador,calidad,,Misionales,09/Mar/2025,,Resolución 3100 de 2019:,PE,NO,,-
,,,,,,,,,,5. Procesos Prioritarios,,,,
1453,No Conformidad,Abierta,"36.1. Manejo de pacientes con enfermedad respiratoria alta y baja, que incluya ingreso, valoración y seguimiento del estado crítico: El prestador presenta documento MANEJO ENFERMEDAD RESPIRATORIA AGUDA EN LA SALA DE ERA Código PR-MI-UR-78 Versión 1 Fecha: febrero del 2024, el objetivo es mantener vigilancia continua en pacientes ingresados en el servicios de urgencias con problemas respiratorios sea alta o baja para difundir medidas de prevención, se tiene definido criterios de ingreso, no se e...",Administrador,calidad,,Misionales,09/Mar/2025,,Resolución 3100 de 2019:,PE,NO,,-
,,,,,,,,,,5. Procesos Prioritarios,,,,
1454,No Conformidad,Abierta,"41. Cumple con los criterios que le sean aplicables de todos los servicios: Ver transversal de historia clinica, cuenta con historia clinica digital.",Administrador,calidad,,Misionales,09/Mar/2025,,Resolución 3100 de 2019:,PE,NO,,-
,,,,,,,,,,6. Historia clínica y registros,,,,
1455,No Conformidad,Abierta,"23.6. Instrumental básico definido por el prestador de acuerdo con la oferta del servicio (adultos o pediatría), la capacidad instalada, los procedimientos documentados en el estándar de procesos prioritarios y la técnica de esterilización y numero de ciclos de esterilización al dia: En el estándar de procesos prioritarios no se evidencia documentado el instrumental de acuerdo a lo verificado, tampoco se evidencia la técnica de esterilización y numero de ciclos de esterilización al día.",Administrador,calidad,,Gestión de Recursos,09/Mar/2025,,Resolución 3100 de 2019:,PE,NO,,-
,,,,,,,,,,3. Dotación,,,,
1456,No Conformidad,Abierta,26.2. Lámpara de fotocurado o amalgamador según la oferta del servicio: No cuentan con lámpara de fotocurado para la modalidad.,Administrador,calidad,,Gestión de Recursos,09/Mar/2025,,Resolución 3100 de 2019:,PE,NO,,-
,,,,,,,,,,3. Dotación,,,,
1457,No Conformidad,Abierta,"26.6. Instrumental básico estéril definido por el prestador de acuerdo con la oferta del servicio (adultos o pediatria), la capacidad instalada y los procedimientos documentados en el estándar de procesos prioritarios: En el estándar de procesos prioritarios no se evidencia documentado el instrumental de acuerdo a lo verificado, tampoco se evidencia la técnica de esterilización y numero de ciclos de esterilización al día.",Administrador,calidad,,Gestión de Recursos,09/Mar/2025,,Resolución 3100 de 2019:,PE,NO,,-
,,,,,,,,,,3. Dotación,,,,
1458,No Conformidad,Abierta,27. Cumple con los criterios que le sean aplicables de todos los servicios: Revisar estándar transversal.,Administrador,calidad,,Gestión de Recursos,09/Mar/2025,,Resolución 3100 de 2019:,PE,NO,,-
,,,,,,,,,,3. Dotación,,,,
1459,No Conformidad,Abierta,32. Cumple con los criterios que le sean aplicables de todos los servicios: No Cumple con los criterios que le sean aplicables de todos los servicios.,Administrador,calidad,,Gestión de Recursos,09/Mar/2025,,Resolución 3100 de 2019:,PE,NO,,-
,,,,,,,,,,"4. Medicamentos, dispositivos médicos e insumos",,,,
1460,No Conformidad,Abierta,"35.1. Procedimientos que se pueden realizar, incluyendo aquellos que requieran anestesia local y no impliquen anestesia regional ni general: El prestador no cuenta con documento donde se evidencia los requisitos para manejo de anestesia local, cuenta con anotaciones en los protocolos de procedimientos donde défine el manejo de la anestesia pero no describe las cantidades y riesgos posibles para el manejo y uso de los anestesico locales.",Administrador,calidad,,Misionales,09/Mar/2025,,Resolución 3100 de 2019:,PE,NO,,-
,,,,,,,,,,5. Procesos Prioritarios,,,,
1461,No Conformidad,Abierta,35.2.1. Preparación: No cuenta con la información solicitada.,Administrador,calidad,,Misionales,09/Mar/2025,,Resolución 3100 de 2019:,PE,NO,,-
,,,,,,,,,,5. Procesos Prioritarios,,,,
1462,No Conformidad,Abierta,35.2.2. Recomendaciones post procedimiento: No cuenta con la información solicitada.,Administrador,calidad,,Misionales,09/Mar/2025,,Resolución 3100 de 2019:,PE,NO,,-
,,,,,,,,,,5. Procesos Prioritarios,,,,
1463,No Conformidad,Abierta,35.2.3. Controles: No cuenta con la información solicitada.,Administrador,calidad,,Misionales,09/Mar/2025,,Resolución 3100 de 2019:,PE,NO,,-
,,,,,,,,,,5. Procesos Prioritarios,,,,
1464,No Conformidad,Abierta,35.2.4. Posibles complicaciones: No cuenta con la información solicitada.,Administrador,calidad,,Misionales,09/Mar/2025,,Resolución 3100 de 2019:,PE,NO,,-
,,,,,,,,,,5. Procesos Prioritarios,,,,
1465,No Conformidad,Abierta,"41. Cumple con los criterios que le sean aplicables de todos los servicios: El prestador no cuenta con registros de consentimientos firmados por el paciente ni por el profesional, se evidencia espacios vacios, en los registros de la historia clínica.",Administrador,calidad,,Misionales,09/Mar/2025,,Resolución 3100 de 2019:,PE,NO,,-
,,,,,,,,,,6. Historia clínica y registros,,,,
1466,No Conformidad,Abierta,1.1. Profesional de la medicina o profesional de la enfermería: Se debe asignar un profesional de la Enfermeria o de la medicina para la supervisión del personal auxiliar.,Administrador,calidad,,Misionales,09/Mar/2025,,Resolución 3100 de 2019:,PE,NO,,-
,,,,,,,,,,1. Talento Humano,,,,
1467,No Conformidad,Abierta,"Si se presenta interrupción de la cadena de frío, el prestador de servicios de salud realiza notificación segun el procedimiento establecido por el Invima: No cumplen con los criterios que sean aplicables de todos los servicio, cuenta con protocolo de notificacion si se presenta interrupción de la cadena de frio.",Administrador,calidad,,Gestión de Recursos,09/Mar/2025,,Resolución 3100 de 2019:,PE,NO,,-
,,,,,,,,,,"4. Medicamentos, dispositivos médicos e insumos",,,,
1468,No Conformidad,Abierta,"10.1 Si el prestador de servicios de salud administra la vacuna en un ambiente diferente al consultorio de vacunación cuenta con información documentada para el alistamiento de los biológicos para uso diario, así como la conservación de la cadena de frío: El prestador presenta documento denominado SALIDA EXTRAMURAL PT-MI-CE-25 Versión 03 Fecha enero 2024, el cual se identifica que el documento no cuenta con la descripción de alistamiento del biologicos y se debera ampliar la conservación de la ...",Administrador,calidad,,Misionales,09/Mar/2025,,Resolución 3100 de 2019:,PE,NO,,-
,,,,,,,,,,5. Procesos Prioritarios,,,,
1469,No Conformidad,Abierta,32. Cumple con los criterios que le sean aplicables de todos los servicios: No Cumple con los criterios que le sean aplicables de todos los servicios.,Administrador,calidad,,Gestión de Recursos,09/Mar/2025,,Resolución 3100 de 2019:,PE,NO,,-
,,,,,,,,,,"4. Medicamentos, dispositivos médicos e insumos",,,,
1470,No Conformidad,Abierta,"41. Cumple con los criterios que le sean aplicables de todos los servicios: En visita de verificación no cumple con los criterios que le sean aplicables de todos los servicios, adicionalmente se evidencia que en el servicio la profesional no cuenta con computador para los registros de la historia clínica al momento de la atención , se evidencia que no todas las historias clínicas cuentan con consentimientos informados.",Administrador,calidad,,Misionales,09/Mar/2025,,Resolución 3100 de 2019:,PE,NO,,-
,,,,,,,,,,6. Historia clínica y registros,,,,
1471,No Conformidad,Abierta,"1. Cumple con los criterios que le sean aplicables de todos los servicios y adicionalmente, cuenta con: Ver Estándar transversal Talento Humano.",Administrador,calidad,,Gestión de Talento Humano,09/Mar/2025,,Resolución 3100 de 2019:,PE,NO,,-
,,,,,,,,,,1. Talento Humano,,,,
1472,No Conformidad,Abierta,7. Cumple con los criterios que le sean aplicables de todos los servicios: No cumple con todos los criterios aplicable a los servicios.,Administrador,calidad,,Gestión de Recursos,09/Mar/2025,,Resolución 3100 de 2019:,PE,NO,,-
,,,,,,,,,,2. Infraestructura,,,,
1473,No Conformidad,Abierta,"12. Cumple con los criterios que le sean aplicables de todos los servicios y adicionalmente, cuenta con: Revisar estándar transversal.",Administrador,calidad,,Gestión de Recursos,09/Mar/2025,,Resolución 3100 de 2019:,PE,NO,,-
,,,,,,,,,,3. Dotación,,,,
1474,No Conformidad,Abierta,"14. Cumple con los criterios que le sean aplicables de todos los servicios y adicionalmente cuenta con: Medicamentos, dispositivos médicos e insumos requeridos para el procesamiento de las Medicamentos, dispositivos médicos e insumos requeridos para el procesamiento de las muestras, de acuerdo con las pruebas que realice: 14. Cumple con los criterios que le sean aplicables de todos los Medicamentos, dispositivos médicos e insumos requeridos para el procesamiento de las muestras.",Administrador,calidad,,Gestión de Recursos,09/Mar/2025,,Resolución 3100 de 2019:,PE,NO,,-
,,,,,,,,,,"4. Medicamentos, dispositivos médicos e insumos",,,,
1475,No Conformidad,Abierta,16. Cumple con los criterios que le sean aplicables de todos los servicios y adicionalmente cuenta con la siguiente información documentada: Verificar trasversal.,Administrador,calidad,,Misionales,09/Mar/2025,,Resolución 3100 de 2019:,PE,NO,,-
,,,,,,,,,,5. Procesos Prioritarios,,,,
1476,No Conformidad,Abierta,"16.1. Programa de control de calidad interno y externo, que contemple las pruebas realizadas: El prestador para la vigencia 2024 no ha participado en el control externo de calidad, presenta soporte de contratación desde el mes de octubre 2024, para la participación en el año 2023 se observa que el analito de bilirrubinas presenta un mal desempeño, se encuentra con rangos que deben ser intervenidos. Los controles internos se diligencian software Medlab con buen comportamiento.",Administrador,calidad,,Misionales,09/Mar/2025,,Resolución 3100 de 2019:,PE,NO,,-
,,,,,,,,,,5. Procesos Prioritarios,,,,
1477,No Conformidad,Abierta,16.2. Validación secundaria o verificación: No se cuenta con la información solicitada en el momento de la visita.,Administrador,calidad,,Misionales,09/Mar/2025,,Resolución 3100 de 2019:,PE,NO,,-
,,,,,,,,,,5. Procesos Prioritarios,,,,
1478,No Conformidad,Abierta,"16.3. Análisis de los reportes del control de calidad y toma de medidas preventivas y correctivas: Se observan registro de análisis a los reportes, el profesional indica no procesar Bilirrubinas por comportamiento del analito. No se evidencia toma de medidas correctivas para solucionar el mal desempeño de las blirubinas, lo que afecta la oferta de esta prueba necesaria para los pacientes que la requieran.",Administrador,calidad,,Misionales,09/Mar/2025,,Resolución 3100 de 2019:,PE,NO,,-
,,,,,,,,,,5. Procesos Prioritarios,,,,
1479,No Conformidad,Abierta,"16.4. Toma, identificación, transporte, conservación, embalaje y remisión de las muestras, cuando aplique: El prestador cuenta con documento MA-MI-LA 13 Manual de toma, transporte, conservación y remisión de muestras de laboratorio clínico, la modalidad extramural no se encuentra documentada, se diligencia el formato registro y transporte de muestras de laboratorio FT-MI-LA- 103 no se cuenta con el diligenciamiento de todos los campos que permiten realizar la trazabilidad de las muestras, no cu...",Administrador,calidad,,Misionales,09/Mar/2025,,Resolución 3100 de 2019:,PE,NO,,-
,,,,,,,,,,5. Procesos Prioritarios,,,,
1480,No Conformidad,Abierta,"16.6. Supervisión de la toma de muestras cuando sea realizada por los auxiliares, cuando aplique: El prestador no presenta la información solicitada, se indica que en los servicios de urgencias y hospitalización son tomadas por el personas de estos servicios.",Administrador,calidad,,Misionales,09/Mar/2025,,Resolución 3100 de 2019:,PE,NO,,-
,,,,,,,,,,5. Procesos Prioritarios,,,,
1481,No Conformidad,Abierta,"16.7. Limpieza y desinfección del material que se utilice en el procesamiento de las muestras, cuando aplique: El prestador cuenta con documento PT MI-5G-03 Manual de limpieza y desinfección se debe ajustar indicando como se debe preparar la solución del jabón neutro. En el momento de la visita se evidencia que la solucion preparada no se realiza de acuerdo a las indicaciones del fabricante.",Administrador,calidad,,Misionales,09/Mar/2025,,Resolución 3100 de 2019:,PE,NO,,-
,,,,,,,,,,5. Procesos Prioritarios,,,,
1482,No Conformidad,Abierta,"16.8. Control de calidad de las “pruebas en el punto de atención del paciente - (point of care testing -POCT)”, cuando aplique: El prestador no cuenta con controles de calidad para las pruebas de VIH, Sifilis, Dengue, Hepatitis B.",Administrador,calidad,,Misionales,09/Mar/2025,,Resolución 3100 de 2019:,PE,NO,,-
,,,,,,,,,,5. Procesos Prioritarios,,,,
1483,No Conformidad,Abierta,18. Cumple con los criterios que le sean aplicables de todos los servicios y adicionalmente cuenta con: No cumple con los criterios que le son aplicables a todos los servicios.,Administrador,calidad,,Misionales,09/Mar/2025,,Resolución 3100 de 2019:,PE,NO,,-
,,,,,,,,,,6. Historia clínica y registros,,,,
1484,No Conformidad,Abierta,18.3. Registro de validación secundaria o verificación: El prestador no presenta la información solicitada.,Administrador,calidad,,Misionales,09/Mar/2025,,Resolución 3100 de 2019:,PE,NO,,-
,,,,,,,,,,6. Historia clínica y registros,,,,
1485,No Conformidad,Abierta,"18.6. Registro de control de calidad interno y externo: Cuenta con registros y analisis del control interno, para el control externo en el año 2024 no tiene ninguna participación en el programa.",Administrador,calidad,,Misionales,09/Mar/2025,,Resolución 3100 de 2019:,PE,NO,,-
,,,,,,,,,,6. Historia clínica y registros,,,,
1486,No Conformidad,Abierta,"18.7. Registro de control de calidad de las “pruebas en el punto de atención del paciente - (point of care testing - POCT)"", cuando aplique: El prestador no cuenta con controles de calidad para las pruebas de VIH, Sifilis, Dengue, Hepatitis.",Administrador,calidad,,Misionales,09/Mar/2025,,Resolución 3100 de 2019:,PE,NO,,-
,,,,,,,,,,6. Historia clínica y registros,,,,
1487,No Conformidad,Abierta,1. Cumple con los criterios que le sean aplicables de todos los servicios y adicionalmente cuenta con: Ver Estándar transversal Talento Humano,Administrador,calidad,,Gestión de Talento Humano,09/Mar/2025,,Resolución 3100 de 2019:,PE,NO,,-
,,,,,,,,,,1. Talento Humano,,,,
1488,No Conformidad,Abierta,"3. Cumple con los criterios que le sean aplicables de todos los servicios y adicionalmente,: No cumple con todos los criterios aplicable a los servicios.",Administrador,calidad,,Gestión de Recursos,09/Mar/2025,,Resolución 3100 de 2019:,PE,NO,,-
,,,,,,,,,,2. Infraestructura,,,,
1489,No Conformidad,Abierta,7. Cumple con los criterios que le sean aplicables de todos los Servicios y adicionalmente cuenta con: Revisar estándar transversal.,Administrador,calidad,,Gestión de Recursos,09/Mar/2025,,Resolución 3100 de 2019:,PE,NO,,-
,,,,,,,,,,3. Dotación,,,,
1490,No Conformidad,Abierta,"Equipos biomédicos necesarios, según las muestras que se tomen, de acuerdo con lo documentado en el estándar de Iprocesos prioritarios: No cuenta con la documentación donde se describan los equipos necesarios para la prestación del servicio en las modalidades.",Administrador,calidad,,Gestión de Recursos,09/Mar/2025,,Resolución 3100 de 2019:,PE,NO,,-
,,,,,,,,,,3. Dotación,,,,
1491,No Conformidad,Abierta,Cumple con los criterios que le sean aplicables de todos los servicios y adicionalmente cuenta con: No cumple con los criterios que le sean aplicables de todos los servicios.,Administrador,calidad,,Gestión de Recursos,09/Mar/2025,,Resolución 3100 de 2019:,PE,NO,,-
,,,,,,,,,,"4. Medicamentos, dispositivos médicos e insumos",,,,
1492,No Conformidad,Abierta,"9. Cumple con los criterios que le sean aplicables de todos los servicios y adicionalmente, cuenta con la siguiente información documentada: No cumple con los criterios que le son aplicables a todos los servicios.",Administrador,calidad,,Misionales,09/Mar/2025,,Resolución 3100 de 2019:,PE,NO,,-
,,,,,,,,,,5. Procesos Prioritarios,,,,
1493,No Conformidad,Abierta,"9.3. Supervisión de la toma de muestras cuando sea realizada porlos auxiliares: El prestador no presenta la información solicitada, se indica que en los servicios de urgencias y hospitalización son tomadas por el personas de estos servicios.",Administrador,calidad,,Misionales,09/Mar/2025,,Resolución 3100 de 2019:,PE,NO,,-
,,,,,,,,,,5. Procesos Prioritarios,,,,
1494,No Conformidad,Abierta,"9.4. Procedimiento y condiciones para la toma de muestras en la modalidad extramural cuando se realicen: El prestador cuenta con documento MA-MI-LA 13 Manual de toma, transporte, conservación y remisión de muestras de laboratorio clínico, la modalidad extramural no se encuentra documentada, se diligencia el formato registro y transporte de muestras de laboratorio FT-MI-LA- 103 no se cuenta con el diligenciamiento de todos los campos que permiten realizar la trazabilidad de las muestras, no cuen...",Administrador,calidad,,Misionales,09/Mar/2025,,Resolución 3100 de 2019:,PE,NO,,-
,,,,,,,,,,5. Procesos Prioritarios,,,,
1495,No Conformidad,Abierta,10. Cumple con los criterios que le sean aplicables de todos los servicios y adicionalmente cuenta con: No cumple con los criterios que le son aplicables a todos los servicios.,Administrador,calidad,,Misionales,09/Mar/2025,,Resolución 3100 de 2019:,PE,NO,,-
,,,,,,,,,,6. Historia clínica y registros,,,,
1496,No Conformidad,Abierta,4. Cumple con los criterios que le sean aplicables de todos los servicios: No cumple con los criterios que le sean aplicables de todos los servicios.,Administrador,calidad,,Gestión de Recursos,09/Mar/2025,,Resolución 3100 de 2019:,PE,NO,,-
,,,,,,,,,,2. Infraestructura,,,,
1497,No Conformidad,Abierta,11. Cumple con los criterios que le sean aplicables de todos los servicios: No cumple con los criterios que le sean aplicables de todos los servicios.,Administrador,calidad,,Gestión de Recursos,09/Mar/2025,,Resolución 3100 de 2019:,PE,NO,,-
,,,,,,,,,,"4. Medicamentos, dispositivos médicos e insumos",,,,
1498,No Conformidad,Abierta,15. Cumple con los criterios que le sean aplicables de todos los servicios y adicionalmente cuenta con la siguiente información documentada: Verificar trasversal.,Administrador,calidad,,Misionales,09/Mar/2025,,Resolución 3100 de 2019:,PE,NO,,-
,,,,,,,,,,5. Procesos Prioritarios,,,,
1499,No Conformidad,Abierta,"15.1. Procesos generales que realice, elaborado por el responsable del servicio: No cuenta con los procesos acorde a los servicios prestados.",Administrador,calidad,,Misionales,09/Mar/2025,,Resolución 3100 de 2019:,PE,NO,,-
,,,,,,,,,,5. Procesos Prioritarios,,,,
1500,No Conformidad,Abierta,19. Cumple con los criterios que le sean aplicables de todos los servicios: No cumple con los criterios que le son aplicables a todos los servicios.,Administrador,calidad,,Misionales,09/Mar/2025,,Resolución 3100 de 2019:,PE,NO,,-
,,,,,,,,,,6. Historia clínica y registros,,,,
1501,No Conformidad,Abierta,"21. El consultorio donde se realicen procedimientos cuenta con la dotación mínima definida para el consultorio donde se realice examen físico y adicionalmente cuenta con la dotación necesaria para realizar los procedimientos documentados en el estándar de procesos prioritarios: Cuenta con protocolos para la atención, pero se evidencia que la dotación no está en concordancia según lo estipulado en el estándar de procesos prioritarios.",Administrador,calidad,,Gestión de Recursos,09/Mar/2025,,Resolución 3100 de 2019:,PE,NO,,-
,,,,,,,,,,3. Dotación,,,,
1502,No Conformidad,Abierta,32. Cumple con los criterios que le sean aplicables de todos los servicios: No cumple con los criterios que le sean aplicables de todos los servicios.,Administrador,calidad,,Gestión de Recursos,09/Mar/2025,,Resolución 3100 de 2019:,PE,NO,,-
,,,,,,,,,,"4. Medicamentos, dispositivos médicos e insumos",,,,
1503,No Conformidad,Abierta,35.2.1. Preparación: El prestador no presenta soportes para dar cumplimiento a este criterio. Se debe realizar educación de manera fisica al paciente.,Administrador,calidad,,Misionales,09/Mar/2025,,Resolución 3100 de 2019:,PE,NO,,-
,,,,,,,,,,5. Procesos Prioritarios,,,,
1504,No Conformidad,Abierta,"35.2.2. Recomendaciones post procedimiento: El prestador documenta en la historia clínica las recomendaciones post tratamiento al completar las terapias, se debe ajustar a cada terapia individual. Se debe realizar educación de manera fisica al paciente.",Administrador,calidad,,Misionales,09/Mar/2025,,Resolución 3100 de 2019:,PE,NO,,-
,,,,,,,,,,5. Procesos Prioritarios,,,,
1505,No Conformidad,Abierta,35.2.3. Controles: El prestador cuenta con formato terapias fisicas o respiratorias FT-MI-CE-69 donde se diligencia el control de las terapias realizadas. Se debe realizar educación de manera fisica al paciente.,Administrador,calidad,,Misionales,09/Mar/2025,,Resolución 3100 de 2019:,PE,NO,,-
,,,,,,,,,,5. Procesos Prioritarios,,,,
1506,No Conformidad,Abierta,35.2.4. Posibles complicaciones: El prestador cuenta con información documentada Consentimiento informado FT-MI-UR-09 para fisioterapia donde se indica las posibles contraindicaciones generales. Se debe realizar educación de manera fisica al paciente.,Administrador,calidad,,Misionales,09/Mar/2025,,Resolución 3100 de 2019:,PE,NO,,-
,,,,,,,,,,5. Procesos Prioritarios,,,,
1507,No Conformidad,Abierta,41. Cumple con los criterios que le sean aplicables de todos los servicios: No cumple con los criterios que le son aplicables a todos los servicios.,Administrador,calidad,,Misionales,09/Mar/2025,,Resolución 3100 de 2019:,PE,NO,,-
,,,,,,,,,,6. Historia clínica y registros,,,,
1508,No Conformidad,Abierta,1. Cumple con los criterios que le sean aplicables de todos los servicios y adicionalmente: Ver Estándar transversal Talento Humano.,Administrador,calidad,,Gestión de Talento Humano,09/Mar/2025,,Resolución 3100 de 2019:,PE,NO,,-
,,,,,,,,,,1. Talento Humano,,,,
1509,No Conformidad,Abierta,8. Cumple con los criterios que le sean aplicables de todos los servicios Cuenta con: No cumple con todos los criterios aplicable a los servicios.,Administrador,calidad,,Gestión de Recursos,09/Mar/2025,,Resolución 3100 de 2019:,PE,NO,,-
,,,,,,,,,,2. Infraestructura,,,,
1510,No Conformidad,Abierta,18. Cumple con los criterios que le sean aplicables de todos los servicios y adicionalmente: Revisar estándar transversal.,Administrador,calidad,,Gestión de Recursos,09/Mar/2025,,Resolución 3100 de 2019:,PE,NO,,-
,,,,,,,,,,3. Dotación,,,,
1511,No Conformidad,Abierta,"28. Cumple con los criterios que le sean aplicables de todos los servicios y adicionalmente, cuenta con la siguiente información documentada: El prestador no cumple con los criterios que sean aplicables a todos los servicios.",Administrador,calidad,,Misionales,09/Mar/2025,,Resolución 3100 de 2019:,PE,NO,,-
,,,,,,,,,,5. Procesos Prioritarios,,,,
1512,No Conformidad,Abierta,"33. Cumple con los criterios que le sean aplicables de todos los servicios y adicionalmente, cuenta con los siguientes registros: El prestador no cumple con los criterios que le sean aplicables de todos los servicios.",Administrador,calidad,,Misionales,09/Mar/2025,,Resolución 3100 de 2019:,PE,NO,,-
,,,,,,,,,,6. Historia clínica y registros,,,,
1513,No Conformidad,Abierta,"1.Cumple con los criterios que le sean aplicables de todos los servicios y adicionalmente, cuenta con: Profesional de odontología o tecnólogo en radiología e imágenes diagnósticas, o técnico profesional o auxiliar de odontología o auxiliar en salud oral o auxiliar de higiene oral: Ver Estándar transversal Talento Humano Cuenta con Profesional de odontología, con curso atencion a victimas de violencia Universidad cooperativa de colombia 2023 y Curso Proteccion Radiologia Universidad cooperativa ...",Administrador,calidad,,Gestión de Talento Humano,09/Mar/2025,,Resolución 3100 de 2019:,PE,NO,,-
,,,,,,,,,,1. Talento Humano,,,,
1514,No Conformidad,Abierta,5. Cumple con los criterios que le sean aplicables de todos los servicios y adicionalmente cuenta con profesional de la salud que atiende a distancia: No cumple con todos los criterios aplicable a los servicios.,Administrador,calidad,,Gestión de Recursos,09/Mar/2025,,Resolución 3100 de 2019:,PE,NO,,-
,,,,,,,,,,2. Infraestructura,,,,
1515,No Conformidad,Abierta,6.Cumple con los criterios que le sean aplicables de todos los servicios y adicionalmente cuenta con: No cumple con todos los criterios aplicable a los servicios.,Administrador,calidad,,Gestión de Recursos,09/Mar/2025,,Resolución 3100 de 2019:,PE,NO,,-
,,,,,,,,,,2. Infraestructura,,,,
1516,No Conformidad,Abierta,"10. Cumple con los criterios que le sean aplicables de todos los servicios y adicionalmente, cuenta con: Revisar estándar transversal.",Administrador,calidad,,Gestión de Recursos,09/Mar/2025,,Resolución 3100 de 2019:,PE,NO,,-
,,,,,,,,,,3. Dotación,,,,
1517,No Conformidad,Abierta,15. Cumple con los criterios que le sean aplicables de todos los servicios y adicionalmente cuenta con la siguiente información documentada: El prestador no cumple con los criterios que le sean aplicables de todos los servicios.,Administrador,calidad,,Misionales,09/Mar/2025,,Resolución 3100 de 2019:,PE,NO,,-
,,,,,,,,,,5. Procesos Prioritarios,,,,
1518,No Conformidad,Abierta,"15.3. Verificación de la adherencia a los procedimientos realizados en la instalación y cualquier otra consideración sobre la protección radiológica de la instalación: No cuenta con la información solicitada, no cuenta con adherencia a acciones realizadas para el servicio ofertado.",Administrador,calidad,,Misionales,09/Mar/2025,,Resolución 3100 de 2019:,PE,NO,,-
,,,,,,,,,,5. Procesos Prioritarios,,,,
1519,No Conformidad,Abierta,"15.4. Realización y supervisión de toma de radiografías odontológicas cuando no sea realizada por el odontólogo, que incluya como mínimo la calidad de la imagen y radioprotección: No cuenta con registros de toma de radiografía para realizar el control de calidad.",Administrador,calidad,,Misionales,09/Mar/2025,,Resolución 3100 de 2019:,PE,NO,,-
,,,,,,,,,,5. Procesos Prioritarios,,,,
1520,No Conformidad,Abierta,15.5. Interpretación y lectura de las radiografías odontológicas por parte del Odontólogo: El prestador no cuenta con los registros de fácil acceso para la lectura de las tomas de radiografías odontoldgicas.,Administrador,calidad,,Misionales,09/Mar/2025,,Resolución 3100 de 2019:,PE,NO,,-
,,,,,,,,,,5. Procesos Prioritarios,,,,
1521,No Conformidad,Abierta,"18. Cumple con los criterios que le sean aplicables de todos los servicios y adicionalmente, cuenta con los siguientes registros: El prestado no cumple con los criterios que sean aplicables a todos los servicios.",Administrador,calidad,,Misionales,09/Mar/2025,,Resolución 3100 de 2019:,PE,NO,,-
,,,,,,,,,,6. Historia clínica y registros,,,,
1522,No Conformidad,Abierta,"18.1. Número de exposiciones, e imágenes tomadas que incluya el nombre del paciente, y nombre del estudio realizado. En visita no se evidencia registros de número de exposiciones de radiografías, no se evidencia registros de nombres de pacientes o del estudio realizado.",Administrador,calidad,,Misionales,09/Mar/2025,,Resolución 3100 de 2019:,PE,NO,,-
,,,,,,,,,,6. Historia clínica y registros,,,,
1523,No Conformidad,Abierta,18.3. Número de estudios rechazados de acuerdo a la tecnología empleada: El prestador no cuenta con registros de estudios rechazados de acuerdo a la tecnología usada.,Administrador,calidad,,Misionales,09/Mar/2025,,Resolución 3100 de 2019:,PE,NO,,-
,,,,,,,,,,6. Historia clínica y registros,,,,
1524,No Conformidad,Abierta,1. Cumple con los criterios que le sean aplicables de todos los servicios y adicionalmente cuenta con: Ver Estándar transversal Talento Humano.,Administrador,calidad,,Misionales,09/Mar/2025,,Resolución 3100 de 2019:,PE,NO,,-
,,,,,,,,,,1. Talento Humano,,,,
1525,No Conformidad,Abierta,3. Cumple con los criterios que le sean aplicables de todos los servicios y adicionalmente cuenta con: No cumple con todos los criterios aplicable a los servicios.,Administrador,calidad,,Gestión de Recursos,09/Mar/2025,,Resolución 3100 de 2019:,PE,NO,,-
,,,,,,,,,,2. Infraestructura,,,,
1526,No Conformidad,Abierta,6. Cumple con los criterios que le sean aplicables de todos los servicios y adicionalmente cuenta con: Revisar estándar transversal.,Administrador,calidad,,Gestión de Recursos,09/Mar/2025,,Resolución 3100 de 2019:,PE,NO,,-
,,,,,,,,,,3. Dotación,,,,
1527,No Conformidad,Abierta,7. Cumple con los criterios que le sean aplicables de todos los servicios y adicionalmente cuenta con: No cumple con los criterios que le sean aplicables de todos los servicios.,Administrador,calidad,,Gestión de Recursos,09/Mar/2025,,Resolución 3100 de 2019:,PE,NO,,-
,,,,,,,,,,"4. Medicamentos, dispositivos médicos e insumos",,,,
1528,No Conformidad,Abierta,"8. Cumple con los criterios que le sean aplicables de todos los servicios y adicionalmente, cuenta con la siguiente información documentada: No cumplen con los criterios que le son aplicables de todos los servicios.",Administrador,calidad,,Misionales,09/Mar/2025,,Resolución 3100 de 2019:,PE,NO,,-
,,,,,,,,,,5. Procesos Prioritarios,,,,
1529,No Conformidad,Abierta,"8.1. Toma, identificación, transporte, conservación, embalaje y remisión de las muestras: El prestador cuenta con procedimiento tamizaje del cáncer cervicouterino (ácido acético) PT-MICE- 34, cuenta con soporte de capacitación a la personal asistencia con fecha 12-06-2024, para latoma de las citologias no se realiza cambio o protección de la camilla entre pacientes.",Administrador,calidad,,Misionales,09/Mar/2025,,Resolución 3100 de 2019:,PE,NO,,-
,,,,,,,,,,5. Procesos Prioritarios,,,,
1530,No Conformidad,Abierta,"8.2. Toma de muestras de tejido del cuello del útero, pruebas ADN/VPH, técnicas de inspección visual y muestras ginecológicas cuando se oferte: El prestador no presenta la información solicitada durante la visita.",Administrador,calidad,,Misionales,09/Mar/2025,,Resolución 3100 de 2019:,PE,NO,,-
,,,,,,,,,,5. Procesos Prioritarios,,,,
1531,No Conformidad,Abierta,8.4. Control de calidad: No cuenta con la información documentada.,Administrador,calidad,,Misionales,09/Mar/2025,,Resolución 3100 de 2019:,PE,NO,,-
,,,,,,,,,,5. Procesos Prioritarios,,,,
1532,No Conformidad,Abierta,"8.5. Entrega de resultados: El prestador en el momento de la visita se observan resultados pendientes desde el dia 29 de agosto hasta la fecha, el seguimiento refieren realizarlo con el seguimiento a la entrega de resultados con la base CCU de la dimensión 5 de la Secretaria de Salud Departamental, Toda citologias positivas son reportadas a las EAPB pero al observar la base se observa que la oportunidad de entrega esta hasta de 30 días.",Administrador,calidad,,Misionales,09/Mar/2025,,Resolución 3100 de 2019:,PE,NO,,-
,,,,,,,,,,5. Procesos Prioritarios,,,,
1533,No Conformidad,Abierta,9. Cumple con los criterios que le sean aplicables de todos los servicios y adicionalmente cuenta con los siguientes registros: No cumplen con los criterios que le son aplicables de todos los servicios.,Administrador,calidad,,Misionales,09/Mar/2025,,Resolución 3100 de 2019:,PE,NO,,-
,,,,,,,,,,6. Historia clínica y registros,,,,
1534,No Conformidad,Abierta,9.4. Análisis del control de calidad y de las medidas preventivas y correctivas. No cuenta con la información documentada.,Administrador,calidad,,Misionales,09/Mar/2025,,Resolución 3100 de 2019:,PE,NO,,-
,,,,,,,,,,6. Historia clínica y registros,,,,
1535,No Conformidad,Abierta,"10. Cumple con los criterios que le sean aplicables de todos los servicios y adicionalmente disponibilidad de laboratorio de citología cervico-uterinas o servicio de patología: La EAPB solo contratan con el prestador la toma de las muestra, indican que las EPS contratan con tres prestadores AIC con UNILAB, ASMET con BIOS, Nueva EPS con rehabilitar. Se observa en la base de datos del departamento oportunidad de entrega alta hasta de 30 días para resultados.",Administrador,calidad,,Misionales,09/Mar/2025,,Resolución 3100 de 2019:,PE,NO,,-
,,,,,,,,,,7. Interdependencia,,,,
1536,No Conformidad,Abierta,"1. Cumple con los criterios que le sean aplicables de todos los servicios y adicionalmente, cuenta con: Ver Estándar transversal Talento Humano.",Administrador,calidad,,Gestión de Talento Humano,09/Mar/2025,,Resolución 3100 de 2019:,PE,NO,,-
,,,,,,,,,,1. Talento Humano,,,,
1537,No Conformidad,Abierta,9. Cumple con los criterios que le sean aplicables de todos los servicios y adicionalmente cuenta con: No cumple con todos los criterios aplicable a los servicios.,Administrador,calidad,,Gestión de Recursos,09/Mar/2025,,Resolución 3100 de 2019:,PE,NO,,-
,,,,,,,,,,2. Infraestructura,,,,
1538,No Conformidad,Abierta,"11.2. Sistema de vacío: Cuenta con sistema de vacio, pero la red no se encuentran funcionamiento.",Administrador,calidad,,Gestión de Recursos,09/Mar/2025,,Resolución 3100 de 2019:,PE,NO,,-
,,,,,,,,,,2. Infraestructura,,,,
1539,No Conformidad,Abierta,"Barrera fisica móvil o fija entre camillas que permite fácil limpieza y desinfección y la privacidad del paciente, cuando exista más de una camilla: No cuenta con barrera fisica movil ni fija entre camillas.",Administrador,calidad,,Gestión de Recursos,09/Mar/2025,,Resolución 3100 de 2019:,PE,NO,,-
,,,,,,,,,,2. Infraestructura,,,,
1540,No Conformidad,Abierta,"12.2. Sistema de vacío: Cuenta con sistema de vacio, pero la red no se encuentran funcionamiento.",Administrador,calidad,,Gestión de Recursos,09/Mar/2025,,Resolución 3100 de 2019:,PE,NO,,-
,,,,,,,,,,2. Infraestructura,,,,
1541,No Conformidad,Abierta,19. Cumple con los criterios que le sean aplicables de todos los servicios y adicionalmente: Revisar estándar transversal.,Administrador,calidad,,Gestión de Recursos,09/Mar/2025,,Resolución 3100 de 2019:,PE,NO,,-
,,,,,,,,,,3. Dotación,,,,
1542,No Conformidad,Abierta,19.1.3. Oxigeno medicinal que puede ser suministrado mediante salida de oxigeno medicinal o mediante oxigeno medicinal portátil por camilla: No cuenta clon oxigeno medicinal.,Administrador,calidad,,Gestión de Recursos,09/Mar/2025,,Resolución 3100 de 2019:,PE,NO,,-
,,,,,,,,,,3. Dotación,,,,
1543,No Conformidad,Abierta,19.2.2. Mesa para atención de partos: La mesa para la atención de partos se encuentra con oxido.,Administrador,calidad,,Gestión de Recursos,09/Mar/2025,,Resolución 3100 de 2019:,PE,NO,,-
,,,,,,,,,,3. Dotación,,,,
1544,No Conformidad,Abierta,19.3.5. Oximetro con sensor neonatal: No cuenta con oxigeno con sensor neonatal.,Administrador,calidad,,Gestión de Recursos,09/Mar/2025,,Resolución 3100 de 2019:,PE,NO,,-
,,,,,,,,,,3. Dotación,,,,
1545,No Conformidad,Abierta,"19.3.7. Laringoscopio con hoja neonatal: Cuenta con laringoscopio con hojas rectas y curvas para adultos, se evidencia una hoja de paciente neonatal, no se encuentran esteriles.",Administrador,calidad,,Gestión de Recursos,09/Mar/2025,,Resolución 3100 de 2019:,PE,NO,,-
,,,,,,,,,,3. Dotación,,,,
1546,No Conformidad,Abierta,19.4.3. Oxigeno medicinal que puede ser suministrado mediante salida de oxigeno medicinal o mediante oxigeno medicinal portátil por camilla. No cuenta con oxígeno medicinal.,Administrador,calidad,,Gestión de Recursos,09/Mar/2025,,Resolución 3100 de 2019:,PE,NO,,-
,,,,,,,,,,3. Dotación,,,,
1547,No Conformidad,Abierta,19.4.4. Succión. Puede ser suministrado mediante sistema de vaclo o mediante aspirador: No cuenta con succión.,Administrador,calidad,,Gestión de Recursos,09/Mar/2025,,Resolución 3100 de 2019:,PE,NO,,-
,,,,,,,,,,3. Dotación,,,,
1548,No Conformidad,Abierta,19.5.5. Silla de ruedas: No cuenta silla de ruedas.,Administrador,calidad,,Gestión de Recursos,09/Mar/2025,,Resolución 3100 de 2019:,PE,NO,,-
,,,,,,,,,,3. Dotación,,,,
1549,No Conformidad,Abierta,19.5.6. Oxigeno medicinal que puede ser suministrado mediante salida de oxigeno medicinal o mediante oxigeno medicinal portátil por camilla: No cuenta con oxigeno medicinal.,Administrador,calidad,,Gestión de Recursos,09/Mar/2025,,Resolución 3100 de 2019:,PE,NO,,-
,,,,,,,,,,3. Dotación,,,,
1550,No Conformidad,Abierta,24. Cumple con los criterios que le sean aplicables de todos los servicios y adicionalmente cuenta con: No cumple con los criterios que le sean aplicables de todos los servicios.,Administrador,calidad,,Gestión de Recursos,09/Mar/2025,,Resolución 3100 de 2019:,PE,NO,,-
,,,,,,,,,,"4. Medicamentos, dispositivos médicos e insumos",,,,
1551,No Conformidad,Abierta,24.1. Catéteres para vena umbilical: No cuenta con Catéteres para vena umbilical.,Administrador,calidad,,Gestión de Recursos,09/Mar/2025,,Resolución 3100 de 2019:,PE,NO,,-
,,,,,,,,,,"4. Medicamentos, dispositivos médicos e insumos",,,,
1552,No Conformidad,Abierta,25.1. Catéteres para vena umbilical: No cuenta con Catéteres para vena umbilical.,Administrador,calidad,,Gestión de Recursos,09/Mar/2025,,Resolución 3100 de 2019:,PE,NO,,-
,,,,,,,,,,"4. Medicamentos, dispositivos médicos e insumos",,,,
1553,No Conformidad,Abierta,27. Cumple con los criterios que le sean aplicables de todos los servicios y adicionalmente cuenta con la siguiente información documentada: Ver transversal de procesos prioritarios.,Administrador,calidad,,Misionales,09/Mar/2025,,Resolución 3100 de 2019:,PE,NO,,-
,,,,,,,,,,5. Procesos Prioritarios,,,,
1554,No Conformidad,Abierta,"27.1. Atención del parto: La ESE cuenta con documento disminuir los riegos de enfermedad y muerte de la mujer y el recién nacido y optimizar el pronóstico de los mismo durante todas las etapas del parto, iniciando con la admisión de la paciente en el triage de urgencias adulto en el cual se realiza un valoración completa de la gestante, al momento de la verificación se constató que el personal encargado de realizar el triage obstétrico y de atención del parto no cuenta con capacitaciones en man...",Administrador,calidad,,Misionales,09/Mar/2025,,Resolución 3100 de 2019:,PE,NO,,-
,,,,,,,,,,5. Procesos Prioritarios,,,,
1555,No Conformidad,Abierta,"27.3. Manejo de complicaciones intraparto e instrumentación: La ESE cuenta con documento protocolo parto instrumentado y protocolo de código rojo de los cuales se cuenta con soporte de socialización de protocolo de código rojo, pese a eso al momento de la verificación médico de turno del día 30 de septiembre y medica del 1 de octubre manifestaron que no han recibido capacitación relacionada con los eventos obstétricos en la institución.",Administrador,calidad,,Misionales,09/Mar/2025,,Resolución 3100 de 2019:,PE,NO,,-
,,,,,,,,,,5. Procesos Prioritarios,,,,
1556,No Conformidad,Abierta,27.4. Atención al recién nacido que incluya: No cuenta con todos los criterios.,Administrador,calidad,,Misionales,09/Mar/2025,,Resolución 3100 de 2019:,PE,NO,,-
,,,,,,,,,,5. Procesos Prioritarios,,,,
1557,No Conformidad,Abierta,27.4.4. Criterios de remisión: No se cuenta con la informacion documentada.,Administrador,calidad,,Misionales,09/Mar/2025,,Resolución 3100 de 2019:,PE,NO,,-
,,,,,,,,,,5. Procesos Prioritarios,,,,
1558,No Conformidad,Abierta,"27.4.5. Vacunación: La ESE cuenta con documento PT-MI-PP-07 vacunación del recién nacido el cual tiene como objetivo garantizar el inicio del esquema vacunal del recién nacido, mediante la aplicación de las vacunas antihepatitis b y BCG no se cuenta con soporte de socialización de dicho documento.",Administrador,calidad,,Misionales,09/Mar/2025,,Resolución 3100 de 2019:,PE,NO,,-
,,,,,,,,,,5. Procesos Prioritarios,,,,
1559,No Conformidad,Abierta,"30. Cumple con los criterios que le sean aplicables de todos los servicios y adicionalmente cuenta con partograma para toda materna en trabajo de parto: Ver transversal de historia clinica, cuenta con historia clinica digital que incluye partograma.",Administrador,calidad,,Misionales,09/Mar/2025,,Resolución 3100 de 2019:,PE,NO,,-
,,,,,,,,,,6. Historia clínica y registros,,,,
1560,No Conformidad,Abierta,1. Cumple con los criterios que le sean aplicables de todos los servicios y adicionalmente cuenta con: Ver Estándar transversal Talento Humano.,Administrador,calidad,,Gestión de Talento Humano,09/Mar/2025,,Resolución 3100 de 2019:,PE,NO,,-
,,,,,,,,,,1. Talento Humano,,,,
1561,No Conformidad,Abierta,15. Cumple con los criterios que le sean aplicables de todos los servicios y adicionalmente: No cumple con todos los criterios aplicable a los servicios.,Administrador,calidad,,Gestión de Recursos,09/Mar/2025,,Resolución 3100 de 2019:,PE,NO,,-
,,,,,,,,,,2. Infraestructura,,,,
1562,No Conformidad,Abierta,18. Cumple con los criterios que le sean aplicables de todos los servicios y adicionalmente cuenta con: No cumple con todos los criterios aplicable a los servicios.,Administrador,calidad,,Gestión de Recursos,09/Mar/2025,,Resolución 3100 de 2019:,PE,NO,,-
,,,,,,,,,,2. Infraestructura,,,,
1563,No Conformidad,Abierta,22. Cumple con los criterios que le sean aplicables de todos los servicios y adicionalmente cuenta con: Revisar estándar transversal.,Administrador,calidad,,Gestión de Recursos,09/Mar/2025,,Resolución 3100 de 2019:,PE,NO,,-
,,,,,,,,,,3. Dotación,,,,
1564,No Conformidad,Abierta,22.3. Elementos para sujeción física para pacientes adultos y pediátricos: No cuenta con elementos para sujeción física para pacientes adultos y pediátricos.,Administrador,calidad,,Gestión de Recursos,09/Mar/2025,,Resolución 3100 de 2019:,PE,NO,,-
,,,,,,,,,,3. Dotación,,,,
1565,No Conformidad,Abierta,22.4. Equipo de toracostomia: No cuenta con equipo de toracostomia.,Administrador,calidad,,Gestión de Recursos,09/Mar/2025,,Resolución 3100 de 2019:,PE,NO,,-
,,,,,,,,,,3. Dotación,,,,
1566,No Conformidad,Abierta,"22.5. Carro de paro para paciente adulto y pediátrico: No cuenta con dotacion a paciente pediatrico, laringoscopio sin esterilizar.",Administrador,calidad,,Gestión de Recursos,09/Mar/2025,,Resolución 3100 de 2019:,PE,NO,,-
,,,,,,,,,,3. Dotación,,,,
1567,No Conformidad,Abierta,"23.2. Tensiómetro adulto y pediátrico: Cuenta con tensiómetro adulto, no cuenta con tensiometro pediátrico.",Administrador,calidad,,Gestión de Recursos,09/Mar/2025,,Resolución 3100 de 2019:,PE,NO,,-
,,,,,,,,,,3. Dotación,,,,
1568,No Conformidad,Abierta,"23.3. Fonendoscopio adulto y pediátrico: Cuenta con fonendoscopio adulto, no cuenta con fonendoscopio pediátrico.",Administrador,calidad,,Gestión de Recursos,09/Mar/2025,,Resolución 3100 de 2019:,PE,NO,,-
,,,,,,,,,,3. Dotación,,,,
1569,No Conformidad,Abierta,23.4. Termómetro: No cuenta con termometro.,Administrador,calidad,,Gestión de Recursos,09/Mar/2025,,Resolución 3100 de 2019:,PE,NO,,-
,,,,,,,,,,3. Dotación,,,,
1570,No Conformidad,Abierta,23.8. Martillo de reflejos: No cuenta con martillo de reflejos.,Administrador,calidad,,Gestión de Recursos,09/Mar/2025,,Resolución 3100 de 2019:,PE,NO,,-
,,,,,,,,,,3. Dotación,,,,
1571,No Conformidad,Abierta,24.3. Equipo de pequeña cirugía: No cuenta con equipo de pequeña cirugía.,Administrador,calidad,,Gestión de Recursos,09/Mar/2025,,Resolución 3100 de 2019:,PE,NO,,-
,,,,,,,,,,3. Dotación,,,,
1572,No Conformidad,Abierta,24.4. Dotación requerida conforme con lo documentado en el estándar de procesos prioritarios: En el estándar de procesos prioritarios no describe la dotación requerida para el servicio.,Administrador,calidad,,Gestión de Recursos,09/Mar/2025,,Resolución 3100 de 2019:,PE,NO,,-
,,,,,,,,,,3. Dotación,,,,
1573,No Conformidad,Abierta,24.6. Succión. Puede ser suministrado mediante sistema de vacio o mediante aspirador: No cuenta con succión.,Administrador,calidad,,Gestión de Recursos,09/Mar/2025,,Resolución 3100 de 2019:,PE,NO,,-
,,,,,,,,,,3. Dotación,,,,
1574,No Conformidad,Abierta,26.2. Dotación requerida conforme con lo documentado en el estándar de procesos prioritarios: En el estándar de procesos prioritarios no describe la dotación requerida para el servicio.,Administrador,calidad,,Gestión de Recursos,09/Mar/2025,,Resolución 3100 de 2019:,PE,NO,,-
,,,,,,,,,,3. Dotación,,,,
1575,No Conformidad,Abierta,26.3. Oxigeno medicinal que puede ser suministrado mediante salida de oxigeno medicinal o mediante oxigeno medicinal portátil por camilla: No cuenta con oxígeno medicinal.,Administrador,calidad,,Gestión de Recursos,09/Mar/2025,,Resolución 3100 de 2019:,PE,NO,,-
,,,,,,,,,,3. Dotación,,,,
1576,No Conformidad,Abierta,26.4. Succión. Puede ser suministrado mediante sistema de vacío o mediante aspirador: No cuenta con succion.,Administrador,calidad,,Gestión de Recursos,09/Mar/2025,,Resolución 3100 de 2019:,PE,NO,,-
,,,,,,,,,,3. Dotación,,,,
1577,No Conformidad,Abierta,28.2. Mesa auxiliar rodante: No cuenta con mesa auxilixar rodante.,Administrador,calidad,,Gestión de Recursos,09/Mar/2025,,Resolución 3100 de 2019:,PE,NO,,-
,,,,,,,,,,3. Dotación,,,,
1578,No Conformidad,Abierta,28.3. Aspirador para cada camilla: No cuenta con aspirador para cada camilla.,Administrador,calidad,,Gestión de Recursos,09/Mar/2025,,Resolución 3100 de 2019:,PE,NO,,-
,,,,,,,,,,3. Dotación,,,,
1579,No Conformidad,Abierta,"28.4. Monitor de signos vitales con accesorios adultos o pediátricos que cuenta como mínimo con: Monitor de signos: marca: comen, modelo: star8000E serie: e7210512150, el equipo no funciona, la pantalla se queda desde el inicio. Se le sugiere al prestador la dotación de este equipo de manera inmediata.",Administrador,calidad,,Gestión de Recursos,09/Mar/2025,,Resolución 3100 de 2019:,PE,NO,,-
,,,,,,,,,,3. Dotación,,,,
1580,No Conformidad,Abierta,"28.4.1. Trazado electrocardiográfico: Cuenta con accesorio, el equipo no funciona.",Administrador,calidad,,Gestión de Recursos,09/Mar/2025,,Resolución 3100 de 2019:,PE,NO,,-
,,,,,,,,,,3. Dotación,,,,
1581,No Conformidad,Abierta,"28.4.2. Presión no invasiva: Cuenta con accesorio, el equipo no funciona.",Administrador,calidad,,Gestión de Recursos,09/Mar/2025,,Resolución 3100 de 2019:,PE,NO,,-
,,,,,,,,,,3. Dotación,,,,
1582,No Conformidad,Abierta,"28.4.3. Saturación de oxigeno: Cuenta con accesorio, el equipo no funciona.",Administrador,calidad,,Gestión de Recursos,09/Mar/2025,,Resolución 3100 de 2019:,PE,NO,,-
,,,,,,,,,,3. Dotación,,,,
1583,No Conformidad,Abierta,"28.4.4. Temperatura: Cuenta con accesorio, el equipo no funciona.",Administrador,calidad,,Gestión de Recursos,09/Mar/2025,,Resolución 3100 de 2019:,PE,NO,,-
,,,,,,,,,,3. Dotación,,,,
1584,No Conformidad,Abierta,28.6. Lámpara o fuente de iluminación movil o fija: Cuenta con lámpara.,Administrador,calidad,,Gestión de Recursos,09/Mar/2025,,Resolución 3100 de 2019:,PE,NO,,-
,,,,,,,,,,3. Dotación,,,,
1585,No Conformidad,Abierta,"28.7. Carro de paro: El monitor del carro de paro no funciona, se le sugiere al prestador la dotación de este equipo de manera inmediata.",Administrador,calidad,,Gestión de Recursos,09/Mar/2025,,Resolución 3100 de 2019:,PE,NO,,-
,,,,,,,,,,3. Dotación,,,,
1586,No Conformidad,Abierta,34. Cumple con los Criterios que le sean aplicables de todos los servicios y adicionalmente cuenta con: Mo cumple con los criterios que le sean aplicables de todos los servicios.,Administrador,calidad,,Gestión de Recursos,09/Mar/2025,,Resolución 3100 de 2019:,PE,NO,,-
,,,,,,,,,,"4. Medicamentos, dispositivos médicos e insumos",,,,
1587,No Conformidad,Abierta,36. Cumple con los criterios definidos en todos los servicios y adicionalmente cuenta con la siguiente información documentada: Ver transversal procesos prioritarios.,Administrador,calidad,,Misionales,09/Mar/2025,,Resolución 3100 de 2019:,PE,NO,,-
,,,,,,,,,,5. Procesos Prioritarios,,,,
1588,No Conformidad,Abierta,36.1. Ronda médica de evolución diaria de pacientes: La ESE presenta PR-MI-HO-01 ronda de seguridad del paciente lo cual no es alugar a lo solicitado en el presente criterio.,Administrador,calidad,,Misionales,09/Mar/2025,,Resolución 3100 de 2019:,PE,NO,,-
,,,,,,,,,,5. Procesos Prioritarios,,,,
1589,No Conformidad,Abierta,"36.3. Entrega de turno por parte de enfermería y de medicina: La ESE presenta documento PT-MI-CE-29 protocolo de recibo y entrega de turno el cual tiene como objetivo establecer las actividades necesarias para la correcta entrega y recibo de turno que garanticen la continuidad en la prestación de los servicios dicha entrega y recibo de turno se registra en la historia clínica del paciente, no se cuenta con soporte de socialización de dicho documento, por lo tanto no se puede garantizar que dich...",Administrador,calidad,,Misionales,09/Mar/2025,,Resolución 3100 de 2019:,PE,NO,,-
,,,,,,,,,,5. Procesos Prioritarios,,,,
1590,No Conformidad,Abierta,"36.4. Control de líquidos: La ESE presenta documento PT-MI-HO-22 protocolo control de líquidos administrados y eliminados en el cual se relaciona los elementos e insumos necesarios, los elementos de protección personal, no se cuenta con soporte de socialización de dicho documento por lo tanto no se puede garantizar que estén en ejecución.",Administrador,calidad,,Misionales,09/Mar/2025,,Resolución 3100 de 2019:,PE,NO,,-
,,,,,,,,,,5. Procesos Prioritarios,,,,
1591,No Conformidad,Abierta,"36.5. Plan de cuidados de enfermería: La ESE presenta formato de plan de cuidados de enfermería el cual ya está estandarizado por patología, no se cuenta con documento macro del plan de cuidados al igual que no se cuenta con soporte de socialización de dicho documento por lo que no se puede garantizar que dicho plan de enfermería se este ejecutando.",Administrador,calidad,,Misionales,09/Mar/2025,,Resolución 3100 de 2019:,PE,NO,,-
,,,,,,,,,,5. Procesos Prioritarios,,,,
1592,No Conformidad,Abierta,"36.7. Sujeción de pacientes: La ESE presenta documento PT-MI-UR-55 protocolo de inmovilización paciente inconsciente y psiquiátrico el cual tiene como objetivo establecer las actividades que garanticen la correcta inmovilización del paciente, al momento de la verificación no se cuenta con soporte de socialización.",Administrador,calidad,,Misionales,09/Mar/2025,,Resolución 3100 de 2019:,PE,NO,,-
,,,,,,,,,,5. Procesos Prioritarios,,,,
1593,No Conformidad,Abierta,"36.9. Cateterismo vesical: La ESE presenta documento PT-MI-UR-14 protocolo prevención y paso de sonda vesical el cual tiene como objetivo disminuir el riesgo de infección en el tracto urinario mediante una correcta técnica aséptica, al momento de la verificación no se cuenta con soporte de socialización ni medición de adherencia por lo que no se puede garantizar que dicho documento se encuentre ejecutado por lo anterior el prestador no cumple con el criterio verificado.",Administrador,calidad,,Misionales,09/Mar/2025,,Resolución 3100 de 2019:,PE,NO,,-
,,,,,,,,,,5. Procesos Prioritarios,,,,
1594,No Conformidad,Abierta,36.10. Preparación para la toma de imágenes diagnósticas: No cuenta con la informacion solicitada.,Administrador,calidad,,Misionales,09/Mar/2025,,Resolución 3100 de 2019:,PE,NO,,-
,,,,,,,,,,5. Procesos Prioritarios,,,,
1595,No Conformidad,Abierta,36.11. Información a familiares o responsables sobre el estado de salud del paciente: No cuenta con la informacion solicitada.,Administrador,calidad,,Misionales,09/Mar/2025,,Resolución 3100 de 2019:,PE,NO,,-
,,,,,,,,,,5. Procesos Prioritarios,,,,
1596,No Conformidad,Abierta,"36.13. Selección y clasificación de pacientes - TRIAGE: La ESE cuenta con documento PT-MI-UR-29 protocolo de triage el cual tiene como objetivo definir las pautas que permitan priorizar la atención de los pacientes a su llegada a urgencias atreves de una evaluación rápida de enfermería, al momento de la verificación no se cuenta socialización ni medición de adherencia por lo que no se puede garantizar que el documento se encuentre en ejecución.",Administrador,calidad,,Misionales,09/Mar/2025,,Resolución 3100 de 2019:,PE,NO,,-
,,,,,,,,,,5. Procesos Prioritarios,,,,
1597,No Conformidad,Abierta,36.15. Criterios clínicos para la ubicación y atención de pacientes en el ambiente de transición: No cuenta con la informacion solicitada.,Administrador,calidad,,Misionales,09/Mar/2025,,Resolución 3100 de 2019:,PE,NO,,-
,,,,,,,,,,5. Procesos Prioritarios,,,,
1598,No Conformidad,Abierta,"36.16. Criterios clínicos para referir y recibir a un usuario a servicios de consulta externa, hospitalización u otros servicios de cualquier complejidad: No cuenta con la informacion solicitada.",Administrador,calidad,,Misionales,09/Mar/2025,,Resolución 3100 de 2019:,PE,NO,,-
,,,,,,,,,,5. Procesos Prioritarios,,,,
1599,No Conformidad,Abierta,36.17. Identificación de pacientes que por su condición clínica pueden ser tratados en su domicilio: No cuenta con la informacion solicitada.,Administrador,calidad,,Misionales,09/Mar/2025,,Resolución 3100 de 2019:,PE,NO,,-
,,,,,,,,,,5. Procesos Prioritarios,,,,
1600,No Conformidad,Abierta,36.18. Identificación de pacientes que por su condición clínica pueden ser derivados a servicios de consulta externa que cuenten con la estrategia de consulta prioritaria: No cuenta con la informacion solicitada.,Administrador,calidad,,Misionales,09/Mar/2025,,Resolución 3100 de 2019:,PE,NO,,-
,,,,,,,,,,5. Procesos Prioritarios,,,,
1601,No Conformidad,Abierta,36.19. Manejo de urgencias que incluya: No cuenta con toda la informacion documentada.,Administrador,calidad,,Misionales,09/Mar/2025,,Resolución 3100 de 2019:,PE,NO,,-
,,,,,,,,,,5. Procesos Prioritarios,,,,
1602,No Conformidad,Abierta,"36.19.2. Agitación psicomotora, conducta suicida y agresión a terceros: La ESE cuenta con documento PT-MI-UR-47 paciente agitado en el servicio de urgencia el cual dicta los lineamientos y estrategias para el manejo del paciente agitado, conducta suicida y agresión a terceros, el cual no se encuentra socializado.",Administrador,calidad,,Misionales,09/Mar/2025,,Resolución 3100 de 2019:,PE,NO,,-
,,,,,,,,,,5. Procesos Prioritarios,,,,
1603,No Conformidad,Abierta,"36.19.3. Agudización de síntomas psiquiatricos e intervención en crisis: La ESE cuenta con documento PT-MI-UR-47 paciente agitado en el servicio de urgencia el cual dicta los lineamientos y estrategias para el manejo del paciente agitado, conducta suicida y agresion a terceros, el cual no se encuentra socializado.",Administrador,calidad,,Misionales,09/Mar/2025,,Resolución 3100 de 2019:,PE,NO,,-
,,,,,,,,,,5. Procesos Prioritarios,,,,
1604,No Conformidad,Abierta,"36.21. Información al paciente sobre recomendaciones al egreso, criterios de reingreso, controles y posibles complicaciones: No cuenta con la informacion solicitada.",Administrador,calidad,,Misionales,09/Mar/2025,,Resolución 3100 de 2019:,PE,NO,,-
,,,,,,,,,,5. Procesos Prioritarios,,,,
1605,No Conformidad,Abierta,"36.23. Atención en salud a víctimas de violencia sexual segun normatividad vigente: La ESE cuenta con documento protocolo de atención a víctimas de violencia sexual el cual tiene como objetivo garantizar la atención integral a toda víctima de violencia sexual de acorde a los criterios básicos e indispensables para el abordaje integral de las víctimas de violencia sexual, no se cuenta con soporte de socialización.",Administrador,calidad,,Misionales,09/Mar/2025,,Resolución 3100 de 2019:,PE,NO,,-
,,,,,,,,,,5. Procesos Prioritarios,,,,
1606,No Conformidad,Abierta,"36.24. Aislamiento de pacientes que por su condición clínica lo requieran: La ESE cuenta con documento PT-MI-HO-64 aislamiento de paciente el cual define los lineamientos para los diferentes tipos de aislamiento bajo las precauciones universales, no se cuenta con soporte de medición de adherencia ni de socialización.",Administrador,calidad,,Misionales,09/Mar/2025,,Resolución 3100 de 2019:,PE,NO,,-
,,,,,,,,,,5. Procesos Prioritarios,,,,
1607,No Conformidad,Abierta,"36.25. Documento que orienta la atención en salud de pacientes con problemas y trastornos en salud mental o consumo de sustancias psicoactivas: La ESE cuenta con documento guía clínica para la atención y manejo de la depresión en salud mental la cual tiene como objetivo establecer pautas de manejo de la depresión que permita un diagnóstico oportuno y manejo de los paciente con problemas de salud mental, al momento de la verificación no se cuenta con soporte de socialización con el personal de u...",Administrador,calidad,,Misionales,09/Mar/2025,,Resolución 3100 de 2019:,PE,NO,,-
,,,,,,,,,,5. Procesos Prioritarios,,,,
1608,No Conformidad,Abierta,39. Cumple con los criterios que le sean aplicables de todos los servicios: Ver transversal de historia clinica.,Administrador,calidad,,Misionales,09/Mar/2025,,Resolución 3100 de 2019:,PE,NO,,-
,,,,,,,,,,6. Historia clínica y registros,,,,
1609,No Conformidad,Abierta,1. Cumple con los criterios que le sean aplicables de todos los servicios y adicionalmente cuenta con: Ver Estándar transversal Talento Humano.,Administrador,calidad,,Gestión de Talento Humano,09/Mar/2025,,Resolución 3100 de 2019:,PE,NO,,-
,,,,,,,,,,1. Talento Humano,,,,
1610,No Conformidad,Abierta,"1.1. Tecnólogo en atención prehospitalaria o técnico profesional en atención prehospitalaria o auxiliar en enfermerla, en cualquier caso, cuenta con constancia de asistencia en las acciones de formación continua en soporte vital básico: Disponibilidad de auxiliares de enfermería constancia de asistencia en las acciones de formación continua en soporte vital básico.",Administrador,calidad,,Gestión de Talento Humano,09/Mar/2025,,Resolución 3100 de 2019:,PE,NO,,-
,,,,,,,,,,1. Talento Humano,,,,
1611,No Conformidad,Abierta,"31. Cumplen con los criterios definidos para todos los servicios y adicionalmente, cuentan con: Revisar estándar trasversal.",Administrador,calidad,,Gestión de Recursos,09/Mar/2025,,Resolución 3100 de 2019:,PE,NO,,-
,,,,,,,,,,3. Dotación,,,,
1612,No Conformidad,Abierta,31.7. Torniquetes para el control de hemorragias: Cuenta con torniquetes para el control de hemorragias.,Administrador,calidad,,Gestión de Recursos,09/Mar/2025,,Resolución 3100 de 2019:,PE,NO,,-
,,,,,,,,,,3. Dotación,,,,
1613,No Conformidad,Abierta,31.13. Pinzas de Magill: No cuenta con pinzas de magil aptas para prestar el servicio.,Administrador,calidad,,Gestión de Recursos,09/Mar/2025,,Resolución 3100 de 2019:,PE,NO,,-
,,,,,,,,,,3. Dotación,,,,
1614,No Conformidad,Abierta,"31.22. Conjunto para inmovilización que cuenta con inmovilizadores cervicales graduables, adulto (2) y pediátrico (2), inmovilizadores laterales de cabeza, inmovilizadores para extremidades superiores e inferiores: Cuenta con inmovilizadores cervicales graduables, adulto y pediátrico (2), inmovilizadores laterales de cabeza, no cuenta con inmovilizadores para extremidades superiores e inferiores.",Administrador,calidad,,Gestión de Recursos,09/Mar/2025,,Resolución 3100 de 2019:,PE,NO,,-
,,,,,,,,,,3. Dotación,,,,
1615,No Conformidad,Abierta,"31.25.1. Trazado electrocardiográfico si no está incorporado en el desfibrilador: No cuenta con accesorios de trazado electrocardiográfico, se le sugiere al prestador la dotación de este equipo de manera inmediata.",Administrador,calidad,,Gestión de Recursos,09/Mar/2025,,Resolución 3100 de 2019:,PE,NO,,-
,,,,,,,,,,3. Dotación,,,,
1616,No Conformidad,Abierta,"36. Cumple con los criterios que le sean aplicables de todos los servicios y adicionalmente el prestador define los medicamentos, dispositivos médicos e insumas requeridos de acuerdo con lo documentado en el estándar de procesos prioritarios: No Cumple con los criterios que le sean aplicables de todos los servicios.",Administrador,calidad,,Gestión de Recursos,09/Mar/2025,,Resolución 3100 de 2019:,PE,NO,,-
,,,,,,,,,,"4. Medicamentos, dispositivos médicos e insumos",,,,
1617,No Conformidad,Abierta,37.2. Aditamento supraglótico de varias tallas adulto y pediátrico: No tiene observación.,Administrador,calidad,,Gestión de Recursos,09/Mar/2025,,Resolución 3100 de 2019:,PE,NO,,-
,,,,,,,,,,"4. Medicamentos, dispositivos médicos e insumos",,,,
1618,No Conformidad,Abierta,"39.1. Los medicamentos, dispositivos médicos e insumas definidos por el prestador de servicios de salud de acuerdo con la morbilidad, riesgos de complicaciones más frecuentes y lo documentado para el procedimiento de reanimación cardio cerebro pulmonar: No cuenta con los medicamentos, dispositivos médicos e insumos, se observa que los pocos dispositivos medicos estan en mala conservacion.",Administrador,calidad,,Gestión de Recursos,09/Mar/2025,,Resolución 3100 de 2019:,PE,NO,,-
,,,,,,,,,,"4. Medicamentos, dispositivos médicos e insumos",,,,
1619,No Conformidad,Abierta,41. Cumple con los criterios que le sean aplicables de todos los servicios y adicionalmente cuenta con la siguiente información documentada: El prestador no cumple con los criterios que le sean aplicables de todos los servicios.,Administrador,calidad,,Misionales,09/Mar/2025,,Resolución 3100 de 2019:,PE,NO,,-
,,,,,,,,,,5. Procesos Prioritarios,,,,
1620,No Conformidad,Abierta,41.3. Atención en salud de pacientes con problemas y trastornos en salud mental o consumo de sustancias psicoactivas: El prestador no cuenta con la información solicitada.,Administrador,calidad,,Misionales,09/Mar/2025,,Resolución 3100 de 2019:,PE,NO,,-
,,,,,,,,,,5. Procesos Prioritarios,,,,
1621,No Conformidad,Abierta,43. Cumple con los criterios que le sean aplicables de todos los servicios y adicionalmente cuenta con: El prestador no cumple con los criterios que sean aplicables a todos los servicios.,Administrador,calidad,,Misionales,09/Mar/2025,,Resolución 3100 de 2019:,PE,NO,,-
,,,,,,,,,,6. Historia clínica y registros,,,,
1622,No Conformidad,Abierta,43.1.1. Nombre de los pacientes atendidos o trasladados: El prestador cuenta con información de pacientes trasladado pero no define la ambulancia y/o vehículo utilizado para el traslado.,Administrador,calidad,,Misionales,09/Mar/2025,,Resolución 3100 de 2019:,PE,NO,,-
,,,,,,,,,,6. Historia clínica y registros,,,,
1623,No Conformidad,Abierta,43.1.2. Nombre del acompanante o responsable: prestador cuenta con información de trasladado pero no define la ambulancia y/o vehículo utilizado para el traslado.,Administrador,calidad,,Misionales,09/Mar/2025,,Resolución 3100 de 2019:,PE,NO,,-
,,,,,,,,,,6. Historia clínica y registros,,,,
1624,No Conformidad,Abierta,43.1.3. Fecha: El prestador cuenta con información de trasladado pero no define la ambulancia y/o vehículo utilizado para el traslado.,Administrador,calidad,,Misionales,09/Mar/2025,,Resolución 3100 de 2019:,PE,NO,,-
,,,,,,,,,,6. Historia clínica y registros,,,,
1625,No Conformidad,Abierta,43.1.4. Hora: El prestador cuenta con información de trasladado pero no define la ambulancia y/o vehículo utilizado para el traslado.,Administrador,calidad,,Misionales,09/Mar/2025,,Resolución 3100 de 2019:,PE,NO,,-
,,,,,,,,,,6. Historia clínica y registros,,,,
1626,No Conformidad,Abierta,43.1.5. Origen: El prestador cuenta con información de trasladado pero no define la ambulancia y/o vehículo utilizado para el traslado.,Administrador,calidad,,Misionales,09/Mar/2025,,Resolución 3100 de 2019:,PE,NO,,-
,,,,,,,,,,6. Historia clínica y registros,,,,
1627,No Conformidad,Abierta,43.1.6. Destino del servicio: El prestador cuenta con información de trasladado pero no define la ambulancia y/o vehículo utilizado para el traslado.,Administrador,calidad,,Misionales,09/Mar/2025,,Resolución 3100 de 2019:,PE,NO,,-
,,,,,,,,,,6. Historia clínica y registros,,,,
1628,No Conformidad,Abierta,43.1.7. Tipo de servicio: El prestador cuenta con información de trasladado pero no define la ambulancia y/o vehículo utilizado para el traslado.,Administrador,calidad,,Misionales,09/Mar/2025,,Resolución 3100 de 2019:,PE,NO,,-
,,,,,,,,,,6. Historia clínica y registros,,,,
1629,No Conformidad,Abierta,43.1.8. Nombre del personal que atiende el servicio: El prestador cuenta con información de trasladado pero no define la ambulancia y/o vehículo utilizado para el traslado.,Administrador,calidad,,Misionales,09/Mar/2025,,Resolución 3100 de 2019:,PE,NO,,-
,,,,,,,,,,6. Historia clínica y registros,,,,
1630,No Conformidad,Abierta,43.1.9. Evolución y procedimientos durante el traslado o atención de los pacientes en el programa o servicio: El prestador cuenta con información de trasladado pero no define la ambulancia y/o vehículo utilizado para el traslado.,Administrador,calidad,,Misionales,09/Mar/2025,,Resolución 3100 de 2019:,PE,NO,,-
,,,,,,,,,,6. Historia clínica y registros,,,,
1631,No Conformidad,Abierta,"1. Cumple con los criterios que le sean aplicables de todos los servicios y adicionalmente, cuenta con: Ver Estándar transversal Talento Humano.",Administrador,calidad,,Gestión de Talento Humano,09/Mar/2025,,Resolución 3100 de 2019:,PE,NO,,-
,,,,,,,,,,1. Talento Humano,,,,
1632,No Conformidad,Abierta,"1.1. Tecnólogo en atención prehospitalaria o técnico profesional en atención prehospitalaria o auxiliar en enfermerla, en cualquier caso, cuenta con constancia de asistencia en las acciones de formación continua en soporte vital básico: Disponibilidad de auxiliares de enfermería constancia de asistencia en las acciones de formación continua en soporte vital básico.",Administrador,calidad,,Gestión de Talento Humano,09/Mar/2025,,Resolución 3100 de 2019:,PE,NO,,-
,,,,,,,,,,1. Talento Humano,,,,
1633,No Conformidad,Abierta,"31. Cumplen con los criterios definidos para todos los servicios y adicionalmente, cuentan con: Ver estandar trasversal.",Administrador,calidad,,Gestión de Recursos,09/Mar/2025,,Resolución 3100 de 2019:,PE,NO,,-
,,,,,,,,,,3. Dotación,,,,
1634,No Conformidad,Abierta,"36. Cumple con los criterios que le sean aplicables de todos los servicios y adicionalmente el prestador define los medicamentos, dispositivos médicos e insumas requeridos de acuerdo con lo documentado en el estándar de procesos prioritarios: No Cumple con los criterios que le sean aplicables de todos los servicios.",Administrador,calidad,,Gestión de Recursos,09/Mar/2025,,Resolución 3100 de 2019:,PE,NO,,-
,,,,,,,,,,"4. Medicamentos, dispositivos médicos e insumos",,,,
1635,No Conformidad,Abierta,41. Cumple con los criterios que le sean aplicables de todos los servicios y adicionalmente cuenta con la siguiente información documentada: El prestador no cumple con los criterios que le sean aplicables de todos los servicios.,Administrador,calidad,,Misionales,09/Mar/2025,,Resolución 3100 de 2019:,PE,NO,,-
,,,,,,,,,,5. Procesos Prioritarios,,,,
1636,No Conformidad,Abierta,41.3. Atención en salud de pacientes con problemas y trastornos en salud mental o consumo de sustancias psicoactivas: El prestador no cuenta con la información solicitada.,Administrador,calidad,,Misionales,09/Mar/2025,,Resolución 3100 de 2019:,PE,NO,,-
,,,,,,,,,,5. Procesos Prioritarios,,,,
1637,No Conformidad,Abierta,"1.1. Tecnólogo en atención prehospitalaria o técnico profesional en atención prehospitalaria o auxiliar en enfermerla, en cualquier caso, cuenta con constancia de asistencia en las acciones de formación continua en soporte vital básico: Disponibilidad de auxiliares de enfermería constancia de asistencia en las acciones de formación continua en soporte vital básico.",Administrador,calidad,,Gestión de Talento Humano,09/Mar/2025,,Resolución 3100 de 2019:,PE,NO,,-
,,,,,,,,,,1. Talento Humano,,,,
1638,No Conformidad,Abierta,"31. Cumplen con los criterios definidos para todos los servicios y adicionalmente, cuentan con: Ver estandar trasversal.",Administrador,calidad,,Gestión de Recursos,09/Mar/2025,,Resolución 3100 de 2019:,PE,NO,,-
,,,,,,,,,,3. Dotación,,,,
1639,No Conformidad,Abierta,"36. Cumple con los criterios que le sean aplicables de todos los servicios y adicionalmente el prestador define los medicamentos, dispositivos médicos e insumas requeridos de acuerdo con lo documentado en el estándar de procesos prioritarios: No Cumple con los criterios que le sean aplicables de todos los servicios.",Administrador,calidad,,Gestión de Recursos,09/Mar/2025,,Resolución 3100 de 2019:,PE,NO,,-
,,,,,,,,,,"4. Medicamentos, dispositivos médicos e insumos",,,,
1640,No Conformidad,Abierta,41. Cumple con los criterios que le sean aplicables de todos los servicios y adicionalmente cuenta con la siguiente información documentada: El prestador no cumple con los criterios que le sean aplicables de todos los servicios.,Administrador,calidad,,Misionales,09/Mar/2025,,Resolución 3100 de 2019:,PE,NO,,-
,,,,,,,,,,5. Procesos Prioritarios,,,,
1641,No Conformidad,Abierta,41.3. Atención en salud de pacientes con problemas y trastornos en salud mental o consumo de sustancias psicoactivas: El prestador no cuenta con la información solicitada.,Administrador,calidad,,Misionales,09/Mar/2025,,Resolución 3100 de 2019:,PE,NO,,-
,,,,,,,,,,5. Procesos Prioritarios,,,,
1642,No Conformidad,Abierta,"1.1. Tecnólogo en atención prehospitalaria o técnico profesional en atención prehospitalaria o auxiliar en enfermerla, en cualquier caso, cuenta con constancia de asistencia en las acciones de formación continua en soporte vital básico: Disponibilidad de auxiliares de enfermería constancia de asistencia en las acciones de formación continua en soporte vital básico.",Administrador,calidad,,Gestión de Talento Humano,09/Mar/2025,,Resolución 3100 de 2019:,PE,NO,,-
,,,,,,,,,,1. Talento Humano,,,,
1643,No Conformidad,Abierta,"31. Cumplen con los criterios definidos para todos los servicios y adicionalmente, cuentan con: Ver estandar trasversal.",Administrador,calidad,,Gestión de Recursos,09/Mar/2025,,Resolución 3100 de 2019:,PE,NO,,-
,,,,,,,,,,3. Dotación,,,,
1644,No Conformidad,Abierta,"36. Cumple con los criterios que le sean aplicables de todos los servicios y adicionalmente el prestador define los medicamentos, dispositivos médicos e insumas requeridos de acuerdo con lo documentado en el estándar de procesos prioritarios: No Cumple con los criterios que le sean aplicables de todos los servicios.",Administrador,calidad,,Misionales,09/Mar/2025,,Resolución 3100 de 2019:,PE,NO,,-
,,,,,,,,,,"4. Medicamentos, dispositivos médicos e insumos",,,,
1645,No Conformidad,Abierta,41. Cumple con los criterios que le sean aplicables de todos los servicios y adicionalmente cuenta con la siguiente información documentada: El prestador no cumple con los criterios que le sean aplicables de todos los servicios.,Administrador,calidad,,Misionales,09/Mar/2025,,Resolución 3100 de 2019:,PE,NO,,-
,,,,,,,,,,5. Procesos Prioritarios,,,,
1646,No Conformidad,Abierta,41.3. Atención en salud de pacientes con problemas y trastornos en salud mental o consumo de sustancias psicoactivas: El prestador no cuenta con la información solicitada.,Administrador,calidad,,Misionales,09/Mar/2025,,Resolución 3100 de 2019:,PE,NO,,-
,,,,,,,,,,5. Procesos Prioritarios,,,,
2022,No Conformidad,Abierta,"4.7. Prevenir y reducir la frecuencia de caídas, en los servicios donde aplique: La ese cuenta con documento PT-ES-CA-06 protocolo para la prevención de caídas de pacientes el cual tiene como objetivo estandarizar acciones de prevención para disminuir el riesgo de caidas mediante acciones tales como mobiliario adecuado, camilla con barandas elevadas y con freno de seguridad, condiciones de orden y aseo, aplicación de escala de DOWNTON, se cuenta con soporte de socialización del 30 de septiembre...",Administrador,calidad,,Misionales,09/Mar/2025,,Resolución 3100 de 2019:,PE,NO,,-
,,,,,,,,,,5. Procesos Prioritarios,,,,
2023,No Conformidad,Abierta,"4.8. Garantizar la atención segura de la gestante y el recién nacido, en los servicios donde aplique: La ESE cuenta con documento PT-MI-HO-29 protocolo binomio madre hijo el cual tiene como objetivo implementar el protocolo de atención integral, integrada y continua orientado al binomio madre hijo, se documenta que se realizara triage por auxiliar de enfermería y se establece la lista de chequeo ronda de seguridad binomio madre hijo de la cual no se tiene evidencia de su aplicación, se cuenta c...",Administrador,calidad,,Misionales,09/Mar/2025,,Resolución 3100 de 2019:,PE,NO,,-
,,,,,,,,,,5. Procesos Prioritarios,,,,
2024,No Conformidad,Abierta,"4.9. Prevenir complicaciones asociadas a disponibilidad y manejo de sangre, componentes y a la transfusión sanguínea, en los: No aplica para la complejidad del prestador.",Administrador,calidad,,Misionales,09/Mar/2025,,Resolución 3100 de 2019:,PE,NO,,-
,,,,,,,,,,5. Procesos Prioritarios,,,,
2025,No Conformidad,Abierta,"4.10. Prevenir úlceras por presión, en los servicios donde aplique: La ESE presenta documento PT-MI-HO-01 protocolo de prevención ulceras por presión el cual tiene como objetivo prevenir la aparición de UPP en pacientes hospitalizados mediante acciones preventivas como la aplicación de la escala de braden y según su resultado se define la frecuencia de los cambios posturales y el uso de colchdn de flotación, no se cuenta con medición de adherencia, no se cuenta con soporte de socialización.",Administrador,calidad,,Misionales,09/Mar/2025,,Resolución 3100 de 2019:,PE,NO,,-
,,,,,,,,,,5. Procesos Prioritarios,,,,
2026,No Conformidad,Abierta,5.1. Capacitación del personal en el tema de seguridad del paciente y en los principales riesgos de la atención: La ESE presenta plan de capacitaciones 2024 el cual se encuentra en construcción en lo planeado hasta la fecha no se cuenta con temas de seguridad del paciente.,Administrador,calidad,,Misionales,09/Mar/2025,,Resolución 3100 de 2019:,PE,NO,,-
,,,,,,,,,,5. Procesos Prioritarios,,,,
2027,No Conformidad,Abierta,"6. El prestador de servicios de salud cuenta con información documentada de las actividades y procedimientos que se realizan en el servicio acordes con su objeto, alcance y enfoque diferencial, mediante guías de práctica clínica- GPC, procedimientos de atención, protocolos de atención y otros documentos que el prestador de servicios de salud determine, dicha información incluye talento humano, equipos biomédicos, medicamentos y dispositivos médicos e insumos requeridos: La ESE presenta las sigu...",Administrador,calidad,,Misionales,09/Mar/2025,,Resolución 3100 de 2019:,PE,NO,,-
,,,,,,,,,,5. Procesos Prioritarios,,,,
2028,No Conformidad,Abierta,"10. El prestador de servicios de salud cuenta con información documentada de la adopción, o adaptación o desarrollo de guías práctica clínica o protocolos basados en evidencia científica: No se cuenta con la informacion documentada.",Administrador,calidad,,Misionales,09/Mar/2025,,Resolución 3100 de 2019:,PE,NO,,-
,,,,,,,,,,5. Procesos Prioritarios,,,,
2029,No Conformidad,Abierta,"12.1. Detección, prevención y disminución del riesgo de accidentes e incidentes de carácter radiológico, en los servicios donde aplique: Cuenta con un documento denominado PROGRAMA DE VIGILANCA RADIOLÓGICA Versión 1 del 13 de dciembre del 2022, no se encuentra socializado ni con medición de adhrencia.",Administrador,calidad,,Misionales,09/Mar/2025,,Resolución 3100 de 2019:,PE,NO,,-
,,,,,,,,,,5. Procesos Prioritarios,,,,
2030,No Conformidad,Abierta,"12.2. Aseo, limpieza y desinfección de áreas y superficies: El prestador presenta el Manual de limpieza y desinfeccion Código PTA-MI-5G 03 Versón1 fecha 2021. en cual se evdencia la definidos los elementos de uso para ejecutar la actividad. Sin embargo se evidencia en el recorrido que no se encuentran adhrentes. Se recominenda definir las actividades de limpieza y desinfección en los servicio de alta rotación de usuarios.",Administrador,calidad,,Misionales,09/Mar/2025,,Resolución 3100 de 2019:,PE,NO,,-
,,,,,,,,,,5. Procesos Prioritarios,,,,
2031,No Conformidad,Abierta,"12.3. Procedimiento de reanimación cerebro cardio pulmonar, en los servicios donde se realice: Se verifica que cuenta documentado con el protocolo de REANIMACIÓN CARDIOPULMONAR Código PT- MI-51-01 Versión 2 fecha: junio 2022, definido el talento humano, medicamentos y dispositivos medicos y equipos biomedicos que se requieren en la prestacion del servicio, no se cuenta descrito el enfoque diferencial. No se encuentra dentro del plan de capacitación del 2024.",Administrador,calidad,,Misionales,09/Mar/2025,,Resolución 3100 de 2019:,PE,NO,,-
,,,,,,,,,,5. Procesos Prioritarios,,,,
2032,No Conformidad,Abierta,"12.4. Acciones para prevenir las flebitis infecciosas, químicas y mecánicas en los servicios donde se realicen procedimientos de venopunción: Se encuentra documentado ADMINISTRACIÓN DE MEDICAMENTOS PT-MI-UR-01 Código 2 fecha marzo del 2019. Cuenta con acciones preventivas para las flebitis. Se encuentran socializadas fecha 13 de mayo del 2024. Sin embargo se realiza recorrido y se verifica que no se encuentran adheridos.",Administrador,calidad,,Misionales,09/Mar/2025,,Resolución 3100 de 2019:,PE,NO,,-
,,,,,,,,,,5. Procesos Prioritarios,,,,
2033,No Conformidad,Abierta,12.5. Aspectos de bioseguridad acordes con las condiciones y características del servicio: Cuenta con un manual de bioseguridad MA -AP-50-01 Versión 1 Fecha 2021. Se verifica plan de capacitación 2024 el cual no se encuentra tematica incluida.,Administrador,calidad,,Misionales,09/Mar/2025,,Resolución 3100 de 2019:,PE,NO,,-
,,,,,,,,,,5. Procesos Prioritarios,,,,
2034,No Conformidad,Abierta,"12.6. Descontaminación por derrames de sangre u otros fluidos corporales: Cuenta con un MANUAL CONTROL DE DERRAME DE FLUIDOS CORPORALES Código MA -MI-5G-02 Versión 2 Fecha Abril 2021. Se verifica plan de capacitación 2024 el cual no se encuentra temática incluida, no contiene descripción del contenido del kit de derrames ni el talento humano responsable de ejecutar dicha actividad.",Administrador,calidad,,Misionales,09/Mar/2025,,Resolución 3100 de 2019:,PE,NO,,-
,,,,,,,,,,5. Procesos Prioritarios,,,,
2035,No Conformidad,Abierta,"12.7. Manejo de gases medicinales que incluya como mínimo la atención de emergencias y sistema de alarma, cuando se utilicen: Cuenta con un protocolo de manejo de gases medicinales Código PT-ES-CA-05 Versió 1 Fecha: junio 2022. Se verifica plan de capacitación 2024 el cual no se encuentra tematica incluid, no se evidencia que hacer en caso de emergencias y los sistemas de alarmas teniendo en cuenta los dispositivos utilizados en la institución.",Administrador,calidad,,Misionales,09/Mar/2025,,Resolución 3100 de 2019:,PE,NO,,-
,,,,,,,,,,5. Procesos Prioritarios,,,,
2036,No Conformidad,Abierta,"13.1.1. Recibo de productos contaminados y entrega de material estéril: Cuenta con un manual de buenas practicas de esterilización MA-ES-CA-02 Versión 01 fecha abril del 2023 aplicable a todas las unidades de atención, el cual cumple con la especificaciones . Sin embargo el documento no se encuentra socialización ni cuenta con medición de adherencias.",Administrador,calidad,,Misionales,09/Mar/2025,,Resolución 3100 de 2019:,PE,NO,,-
,,,,,,,,,,5. Procesos Prioritarios,,,,
2037,No Conformidad,Abierta,"13.1.2. Transporte: Cuenta con un manual de buenas practicas de esterilización MA-ES-CA-02 Versión 01 fecha abril del 2023 aplicable a todas las unidades de atención, el cual cumple con la especificaciones . Sin embargo el documento no se encuentra socialización ni cuenta con medición de adherencias.",Administrador,calidad,,Misionales,09/Mar/2025,,Resolución 3100 de 2019:,PE,NO,,-
,,,,,,,,,,5. Procesos Prioritarios,,,,
2038,No Conformidad,Abierta,"13.1.3. Lavado, secado y lubricación: Cuenta con un manual de buenas practicas de esterilización MA-ES-CA-02 Versión 01 fecha abril del 2023 aplicable a todas las unidades de atención, el cual cumple con la especificaciones . Sinembargo el documento no se encuentra socialización ni cuenta con medición de adherencias.",Administrador,calidad,,Misionales,09/Mar/2025,,Resolución 3100 de 2019:,PE,NO,,-
,,,,,,,,,,5. Procesos Prioritarios,,,,
2039,No Conformidad,Abierta,"13.1.4. Empaque: Cuenta con un manual de buenas practicas de esterilización MA-ES-CA-02 Versión 01 fecha abril del 2023 aplicable a todas las unidades de atención, el cual cumple con la especificaciones . Sin embargo el documento no se encuentra socialización ni cuenta con medición de adherencias.",Administrador,calidad,,Misionales,09/Mar/2025,,Resolución 3100 de 2019:,PE,NO,,-
,,,,,,,,,,5. Procesos Prioritarios,,,,
2040,No Conformidad,Abierta,"3.1.5. Etiquetado: Cuenta con un manual de buenas practicas de esterilización MA-ES-CA-02 Versión 01 fecha abril del 2023 aplicable a todas las unidades de atención, el cual cumple con la especificaciones . Sin embargo el documento no se encuentra socialización ni cuenta con medición de adherencias.",Administrador,calidad,,Misionales,09/Mar/2025,,Resolución 3100 de 2019:,PE,NO,,-
,,,,,,,,,,5. Procesos Prioritarios,,,,
2041,No Conformidad,Abierta,"13.1.6. Esterilización: Cuenta con un manual de buenas practicas de esterilización MA-ES-CA-02 Versión 01 fecha abril del 2023 aplicable a todas las unidades de atención, el cual cumple con la especificaciones . Sin embargo el documento no se encuentra socialización ni cuenta con medición de adherencias.",Administrador,calidad,,Misionales,09/Mar/2025,,Resolución 3100 de 2019:,PE,NO,,-
,,,,,,,,,,5. Procesos Prioritarios,,,,
2,No Conformidad,Abierta,"3. El prestador de servicios de salud determina la cantidad necesaria de talento humano requerido para cada uno de los servicios ofertados y prestados, de acuerdo con la capacidad instalada, la relación entre la oferta y demanda, la oportunidad en la prestación, tiempo de la atención y el riesgo en la atención. Este criterio no aplica para profesionales independientes de salud. Cuenta con el documento ""Manual de suficiencia de la red"" codigo MA-AP-TH-02 septiembre 2023 version 0, el cual debe...",calidad,calidad,,Gestión de Talento Humano,01/Oct/2024,,Resolución 3100 de 2019:,PE,SI,"0,00%",0%
,,,,,,,,,,1. Talento Humano,,,,
1665,No Conformidad,Abierta,"6. El prestador de servicios de salud cuenta con información documentada de la planeación y ejecución de los programas de farmacovigilancia, tecnovigilancia y reactivovigilancia, que garanticen el seguimiento al uso de medicamentos, dispositivos médicos (incluidos los sobre medida) y reactivos de diagnóstico in vitro, cuando aplique: Se evidencia documento de farmacovigilancia con código de documento MA-MI-FA-01, no cuenta con adherencia, no cuenta con capacitaciones, no cuenta con usuario par...",Administrador,calidad,,Farmacia,13/Mar/2024,,Resolución 3100 de 2019:,PE,NO,,-
,,,,,,,,,,"4. Medicamentos, dispositivos médicos e insumos",,,,
,,,,,,,,,,,,,,0%
