Tipo,Num,Proceso,Enviar A,Fecha Hallazgo,Estado,Eficacia Global,Descripción,Servicio,Fuente,Reportado Por,Indicador,Actividad,,,,,,Fecha Cierre Proyectada,Avance %,Dias,Fecha Cierre,Causa Raiz
,,,,,,,,,,,,Actividad,Responsable,Fecha Compromiso,Eficacia,Seguimiento,Fecha Seguimiento,,,,,
No Conformidad,1772,Gestión de Talento Humano,calidad,21/Mar/2025,Vencida,,"3. El prestador de servicios de salud determina la cantidad necesaria de talento humano requerido para cada uno de los servicios ofertados y prestados, de acuerdo con la capacidad instalada, la relación entre oferta y demanda, la oportunidad en la prestación, tiempo de la atención y el riesgo en la atención. Este criterio no aplica para el profesional independiente de salud: Cuentan con un documento ""MANUAL DE SUFICIENCIA DE PERSONAL ESE SURORIENTE"" Codigo MA-AP-TH-02 vERSION 2 DE oCTUBRE DE 2024, con el cual buscan estructurar la prestacion del servicio de salud suficiente frente a la demanda de servicios que generan los pobladores del macizo colombiano, pero debe ser especifico a la unidad de nivel de atencion san juan de villalobos, ya que deben definir la demanda del corregimiento con los servicios prestados a diferencia de la cabecera municipal.",,Visitas de verificación de la Secretaria de Salud Departamental del Cauca - Santa Rosa - San Juan de Villalobos,Administrador,,,,,,,,30/Jun/2025,0 %,-150,,
No Conformidad,1773,Gestión de Recursos,calidad,21/Mar/2025,Vencida,,"28.1.4. Las áreas están separadas entre sí por barrera física fija o móvil, con excepción de los consultorios del servicio de urgencias, optometría y oftalmología, donde no se requiere: En la E.S.E. Empresa Social del Estado del Suroriente. unidad de atención en salud, San Juan de Villalobos, los consultorios no cuentan con barrera física fija o movil. (No biomos ya que generan riesgos de caídas por las extensiones de las patas de soporte).",,Visitas de verificación de la Secretaria de Salud Departamental del Cauca - Santa Rosa - San Juan de Villalobos,Administrador,,,,,,,,30/Jun/2025,0 %,-150,,
No Conformidad,1774,Gestión de Recursos,calidad,21/Mar/2025,Vencida,,"38. La unidad sanitaria adaptada para personas con movilidad reducida cuenta con: 38.1. Sanitario. 38.2. Lavamanos. 38.3. Dimensiones que permita el desplazamiento del paciente y maniobra en su interior, las puertas tienen un ancho que permite el fácil acceso de pacientes en sillas de ruedas: La E.S.E. Empresa Social del Estado del Suroriente. unidad de atención en salud, San Juan de Villalobos, no cuenta con unidad sanitaria para personas con movilidad reducida. La E.S.E. Empresa Social del Estado del Suroriente. unidad de atención en salud, San Juan de Villalobos, no cuenta con unidad sanitaria para personas con movilidad reducida. La E.S.E. Empresa Social del Estado del Suroriente. unidad de atención en salud, San Juan de Villalobos, no cuenta con unidad sanitaria para personas con movilidad reducida.",,Visitas de verificación de la Secretaria de Salud Departamental del Cauca - Santa Rosa - San Juan de Villalobos,Administrador,,,,,,,,30/Jun/2025,0 %,-150,,
No Conformidad,1775,Gestión de Recursos,calidad,21/Mar/2025,Vencida,,"38.4. Puertas corredizas o con apertura hacia el exterior. 38.5. Accesorios que facilite la accesibilidad, movilidad y seguridad del usuario. 38.6. Alarma o sistema de llamado: La E.S.E. Empresa Social del Estado del Suroriente. unidad de atención en salud, San Juan de Villalobos, no cuenta con unidad sanitaria para personas con movilidad reducida. La E.S.E. Empresa Social del Estado del Suroriente. unidad de atención en salud, San Juan de Villalobos, no cuenta con unidad sanitaria para personas con movilidad reducida. La E.S.E. Empresa Social del Estado del Suroriente. unidad de atención en salud, San Juan de Villalobos, no cuenta con unidad sanitaria para personas con movilidad reducida.",,Visitas de verificación de la Secretaria de Salud Departamental del Cauca - Santa Rosa - San Juan de Villalobos,Administrador,,,,,,,,30/Jun/2025,0 %,-150,,
No Conformidad,1776,Gestión de Recursos,calidad,21/Mar/2025,Vencida,,"GENERALIDADES DE LAS CONDICIONES DE ORDEN, ASEO, LIMPIEZA Y DESINFECCIÓN: 41. Las condiciones de orden, aseo, limpieza y desinfección son evidentes y responden a un proceso dinámico de acuerdo con los servicios prestados: El prestador presenta el Manual de limpieza y desinfección Código PTA-MI-SG 03 Versón1 fecha 2021. En el cual se evidencia la definidos los elementos de uso para ejecutar la actividad. Se evidencia en el recorrido que se encuentran las áreas limpias y en orden. Se recomienda definir las actividades de limpieza y desinfección en los servicio de alta rotación de usuarios. (en el recorrido se evidencia que no se realiza un buen procedimiento de aseo ya que se observan telarañas e isectos, en medio de las ventanas y las rejas de seguridad).",,Visitas de verificación de la Secretaria de Salud Departamental del Cauca - Santa Rosa - San Juan de Villalobos,Administrador,,,,,,,,30/Jun/2025,0 %,-150,,
No Conformidad,1777,Gestión de Recursos,calidad,21/Mar/2025,Vencida,,"44. En los servicios de cirugía, atención del parto, ambiente TPR, salas de procedimientos, consultorios donde se realicen procedimientos, servicios de internación en cuidado básico, intermedio e intensivo, urgencias, diálisis, hemodinamia e intervencionismo, laboratorios, gestión pre transfusional, quimioterapia, consulta odontológica y los ambientes o áreas donde se requieran procesos de limpieza y asepsia más profundos, adicional al criterio anterior, la unión entre paredes o muros y el piso, debe ser en media caña evitando la formación de aristas o de esquinas: La E.S.E. Empresa Social del Estado del Suroriente. unidad de atención en salud, San Juan de Villalobos, En los servicios de odontología, salas de procedimientos, consulta odontológica y los ambientes o áreas donde se requieran procesos de limpieza y asepsia más profundos, adicional al criterio anterior, la unión entre paredes o muros y el piso, debe no es en media caña que evite la formación de aristas o de esquinas. facilitando la limpieza, asepsia y desinfección de los diferentes ambientes.",,Visitas de verificación de la Secretaria de Salud Departamental del Cauca - Santa Rosa - San Juan de Villalobos,Administrador,,,,,,,,30/Jun/2025,0 %,-150,,
No Conformidad,1778,Gestión de Recursos,calidad,21/Mar/2025,Vencida,,"45. En los servicios de cirugía, atención del parto, ambiente TPR y el ambiente de esterilización, la unión entre cielo raso o techo y la pared o muro y la unión entre paredes o muros, debe contar con media caña, evitando la formación de aristas o de esquinas: La E.S.E. Empresa Social del Estado del Suroriente. unidad de atención en salud, San Juan de Villalobos, En los servicios de odontología, salas de procedimientos, consulta odontológica y los ambientes o áreas donde se requieran procesos de limpieza y asepsia más profundos, adicional al criterio anterior, la unión entre paredes o muros y el piso, debe no es en media caña que evite la formación de aristas o de esquinas. facilitando la limpieza, asepsia y desinfección de los diferentes ambientes.",,Visitas de verificación de la Secretaria de Salud Departamental del Cauca - Santa Rosa - San Juan de Villalobos,Administrador,,,,,,,,30/Jun/2025,0 %,-150,,
No Conformidad,1779,Gestión de Recursos,calidad,21/Mar/2025,Vencida,,"2. El prestador de servicios de salud garantiza las condiciones técnicas de calidad de los equipos biomédicos, para lo cual cuenta con: 2.1. Programa de mantenimiento preventivo de los equipos biomédicos, que incluya el cumplimiento de las recomendaciones establecidas por el fabricante o de acuerdo con el protocolo de mantenimiento que tenga definido el prestador, éste último cuando no esté definido por el fabricante: Cuenta con ""Plan de Mantenimiento Hospitalario 2025"" no incluye las recomendaciones establecidas por el fabricante para dicho mantenimiento. Además, el prestador debe incorporar los equipos de la sede San Juan de Villalobos, ya que en el plan se mencionan los equipos de todas las sedes, pero no se reflejan adecuadamente los de esta sede en particular. Se observa una lista de equipos de Santa Rosa en la que el ingeniero señala que forma parte de San Juan de Villalobos, pero dicha lista no incluye los equipos correspondientes a esta sede.",,Visitas de verificación de la Secretaria de Salud Departamental del Cauca - Santa Rosa - San Juan de Villalobos,Administrador,,,,,,,,30/Jun/2025,0 %,-150,,
No Conformidad,1780,Gestión de Recursos,calidad,21/Mar/2025,Vencida,,"2.2. Hoja(s) de vida del(los) equipo(s) biomédicos(s), con los registros de los mantenimientos preventivos y correctivos, según corresponda: Cuenta con hojas de vida de los equipos en las cuales se registra la periodicidad de mantenimiento cuatrimestral, se evidencian reportes de mantenimiento preventivo realizados en noviembre de 2024, algunos equipos como: pulsioximetro, marca: BTL, serie: M017E060723, tensiómetro, marca: prestige, serie: 307210, doppler fetal, marca: edan, serie: 304150- M14600240080, bascula, marca: health o meter y serie: 800B262124202, no cuentan con reportes de mantenimiento preventivo ya que en el reporte se evidencia una nota “equipo no se encontraba en el servicio al momento de realizar el mantenimiento preventivo”. Los equipos presentados para la modalidad extramural del servicio de medicina general y odontologia no cuentan con hoja de vida y reportes de mantenimiento preventivo.",,Visitas de verificación de la Secretaria de Salud Departamental del Cauca - Santa Rosa - San Juan de Villalobos,Administrador,,,,,,,,30/Jun/2025,0 %,-150,,
No Conformidad,1781,Gestión de Recursos,calidad,21/Mar/2025,Vencida,,"3. El prestador de servicios de salud cuenta con un programa de capacitación en el uso de dispositivos médicos cuando éstos lo requieran, el cual puede ser desarrollado por el fabricante, importador o por el mismo prestador: No cuenta con programa de capacitación en el uso de dispositivos médicos, tampoco se evidencian capacitaciones realizadas.",,Visitas de verificación de la Secretaria de Salud Departamental del Cauca - Santa Rosa - San Juan de Villalobos,Administrador,,,,,,,,30/Jun/2025,0 %,-150,,
No Conformidad,1782,Gestión de Recursos,calidad,21/Mar/2025,Vencida,,4. La dotación de los servicios de salud está en concordancia con lo definido por el prestador en el estándar de procesos prioritarios: El prestador no documenta la dotación según los procedimientos documentados y verificados en el estándar de procesos prioritarios.,,Visitas de verificación de la Secretaria de Salud Departamental del Cauca - Santa Rosa - San Juan de Villalobos,Administrador,,,,,,,,30/Jun/2025,0 %,-150,,
No Conformidad,1783,Gestión de Recursos,calidad,21/Mar/2025,Vencida,,"5. La suficiencia de equipos biomédicos está relacionada con la frecuencia de uso de los mismos, incluyendo los tiempos del proceso de esterilización, cuando aplique: No cuenta con documento donde se evidencie suficiencia de equipos biomédicos relacionada con la frecuencia de uso de los mismos.",,Visitas de verificación de la Secretaria de Salud Departamental del Cauca - Santa Rosa - San Juan de Villalobos,Administrador,,,,,,,,30/Jun/2025,0 %,-150,,
No Conformidad,1784,Gestión de Recursos,calidad,21/Mar/2025,Vencida,,"16. Adicional a los criterios enunciados del presente estándar, que le apliquen, el prestador de servicios de salud cuenta con: 16.1. Sistemas de telecomunicaciones de doble via: No cuenta con sistemas de telecomunicaciones de doble vía.",,Visitas de verificación de la Secretaria de Salud Departamental del Cauca - Santa Rosa - San Juan de Villalobos,Administrador,,,,,,,,30/Jun/2025,0 %,-150,,
No Conformidad,1785,Gestión de Recursos,calidad,21/Mar/2025,Vencida,,2.3. Serie (cuando aplique): Cuenta con documento en Excel “kardex medico San Juan de Villalobos” no se evidencia este ítem.,,Visitas de verificación de la Secretaria de Salud Departamental del Cauca - Santa Rosa - San Juan de Villalobos,Administrador,,,,,,,,30/Jun/2025,0 %,-150,,
No Conformidad,1786,Gestión de Recursos,calidad,21/Mar/2025,Vencida,,"2.7. Vida útil, cuando aplique: Cuenta con documento en Excel “kardex medico San Juan de Villalobos” no se evidencia este ítem.",,Visitas de verificación de la Secretaria de Salud Departamental del Cauca - Santa Rosa - San Juan de Villalobos,Administrador,,,,,,,,30/Jun/2025,0 %,-150,,
No Conformidad,1787,Gestión de Recursos,calidad,21/Mar/2025,Vencida,,"4.5. Almacenamiento: Cuenta con “procedimiento para el almacenamiento y conservación de medicamentos, dispositivos médicos e insumos” con código PR-MI-FA-3, donde se evidencia la documentación de proceso para este ítem, pero este proceso no se lleva a cabo de acuerdo a lo documentado.",,Visitas de verificación de la Secretaria de Salud Departamental del Cauca - Santa Rosa - San Juan de Villalobos,Administrador,,,,,,,,30/Jun/2025,0 %,-150,,
No Conformidad,1788,Gestión de Recursos,calidad,21/Mar/2025,Vencida,,"4.7. Control de fechas de vencimiento: Cuenta con “procedimiento para el almacenamiento y conservación de medicamentos, dispositivos médicos e insumos” con código PR-MI-FA-3, donde se evidencia la documentación de proceso para este ítem, pero este proceso no se lleva a cabo de acuerdo a lo documentado.",,Visitas de verificación de la Secretaria de Salud Departamental del Cauca - Santa Rosa - San Juan de Villalobos,Administrador,,,,,,,,30/Jun/2025,0 %,-150,,
No Conformidad,1789,Gestión de Recursos,calidad,21/Mar/2025,Vencida,,"4.12. Disposición final: Cuenta con “procedimiento para el almacenamiento y conservación de medicamentos, dispositivos médicos e insumos” con código PR-MI-FA-3, no se evidencia la documentación de proceso para este ítem.",,Visitas de verificación de la Secretaria de Salud Departamental del Cauca - Santa Rosa - San Juan de Villalobos,Administrador,,,,,,,,30/Jun/2025,0 %,-150,,
No Conformidad,1790,Gestión de Recursos,calidad,21/Mar/2025,Vencida,,"6. El prestador de servicios de salud cuenta con información documentada de la planeación y ejecución de los programas de farmacovigilancia, tecnovigilancia y reactivovigilancia, que garanticen el seguimiento al uso de medicamentos, dispositivos médicos (incluidos los sobre medida) y reactivos de diagnóstico in vitro, cuando aplique: Cuenta con “programa de farmacovigilancia” con código MA-MI-FA-01, no se evidencia código de inscripción, no se evidencia capacitaciones. Se aplica herramienta del Invima para seguimiento a la implementación del Programa Institucional de Tecnovigilancia, observando un resultado de 14 % de implementación. Se deja herramienta con resultado por componente, para realizar acciones de mejora .",,Visitas de verificación de la Secretaria de Salud Departamental del Cauca - Santa Rosa - San Juan de Villalobos,Administrador,,,,,,,,30/Jun/2025,0 %,-150,,
No Conformidad,1791,Gestión de Recursos,calidad,21/Mar/2025,Vencida,,"7. El prestador de servicios de salud que cuente con reservas de medicamentos, homeopáticos, fitoterapéuticos, medicamentos biológicos, componentes anatómicos, dispositivos médicos (incluidos los sobre medida), reactivos de diagnóstico in vitro, y demás insumos asistenciales, debe garantizar que se almacenen en condiciones apropiadas de temperatura, humedad, ventilación, segregación y seguridad de acuerdo con las condiciones definidas por el fabricante o el banco del componente anatómico, según aplique, y contar con instrumento para medir humedad relativa y temperatura y evidenciar su registro, control y gestión: En almacén y el servicio de odontologia cuenta con instrumento y registro para temperatura y humedad de los dispositivos médicos y medicamentos. En esterilización no se evidencia instrumento y registro para el instrumental.",,Visitas de verificación de la Secretaria de Salud Departamental del Cauca - Santa Rosa - San Juan de Villalobos,Administrador,,,,,,,,30/Jun/2025,0 %,-150,,
No Conformidad,1792,Gestión de Recursos,calidad,21/Mar/2025,Vencida,,"9. La suficiencia de dispositivos médicos está relacionada con la frecuencia de uso de los mismos, incluyendo los tiempos del proceso de esterilización, cuando aplique.: No cuenta con documento donde se evidencie suficiencia de los dispositivos médicos relacionada con la frecuencia de uso de los mismos.",,Visitas de verificación de la Secretaria de Salud Departamental del Cauca - Santa Rosa - San Juan de Villalobos,Administrador,,,,,,,,30/Jun/2025,0 %,-150,,
No Conformidad,1793,Gestión de Recursos,calidad,21/Mar/2025,Vencida,,"10. El prestador de servicios de salud cuenta con paquete para el manejo de derrames y rupturas de medicamentos, ubicado en un lugar de fácil acceso, visible y con adecuada señalización, disponible para su uso en los servicios y ambientes donde se requieran. El prestador de servicios de salud define su contenido de acuerdo con los medicamentos utilizados y lo sugerido por el fabricante en las fichas técnicas: Cuenta con paquete para el manejo de derrames y rupturas de medicamentos, ubicado en un lugar de fácil acceso, visible y con adecuada señalización, pero este no cuenta con todos los insumos documentados por el prestador.",,Visitas de verificación de la Secretaria de Salud Departamental del Cauca - Santa Rosa - San Juan de Villalobos,Administrador,,,,,,,,30/Jun/2025,0 %,-150,,
No Conformidad,1794,Gestión de Recursos,calidad,21/Mar/2025,Vencida,,16.1. Dispositivos médicos e insumos asistenciales según la patología del paciente o eventos de interés en salud pública cuando se requiera: El prestador no documenta los dispositivos médicos e insumos según la patología del paciente en el estándar de procesos prioritarios.,,Visitas de verificación de la Secretaria de Salud Departamental del Cauca - Santa Rosa - San Juan de Villalobos,Administrador,,,,,,,,30/Jun/2025,0 %,-150,,
No Conformidad,1795,Gestión de Recursos,calidad,21/Mar/2025,Vencida,,"16.2. Medicamentos de acuerdo con inventario establecido por el prestador acorde a lo documentado en sus procesos prioritarios, cuando se requiera: El prestador no documenta los dispositivos médicos e insumos según la patología del paciente en el estándar de procesos prioritarios.",,Visitas de verificación de la Secretaria de Salud Departamental del Cauca - Santa Rosa - San Juan de Villalobos,Administrador,,,,,,,,30/Jun/2025,0 %,-150,,
No Conformidad,1796,Misionales,calidad,21/Mar/2025,Vencida,,"3. El prestador de servicios de salud cuenta con un comité o instancia que orienta y promueve la política de seguridad del paciente, el control de infecciones y la optimización del uso de antibióticos, cuando los prescriba o administre. En el caso de profesionales independientes de salud podrá ser el mismo prestador: La ESE presenta documento acta de reunión del actualización del personal a carrgo del comité de seguridad del paciente del 16 de febrero de 2024 donde establece que se reunirán de manera trimestral según cronograma, sin embargo se verifica que dentro del programa tiene definido de manera mensual información que no concuerda. Se verifica acta del mes de 5 agosto del 2024 medianta acta no 1 los referentes del punto de atención del comite de seguridad, sin embargo los soportes no se encuentran firmados, no se encuentran soportes de los siguientes meses de operativiización.",,Visitas de verificación de la Secretaria de Salud Departamental del Cauca - Santa Rosa - San Juan de Villalobos,Administrador,,,,,,,,30/Jun/2025,0 %,-150,,
No Conformidad,1797,Misionales,calidad,21/Mar/2025,Vencida,,"4. El prestador de servicios de salud adopta y realiza las siguientes prácticas seguras, según aplique a su servicio de salud y cuenta con información documentada para: 4.1. Asegurar la correcta identificación del paciente en los procesos asistenciales. (que incluya como mínimo dos identificadores: nombre completo y número de identificación): La ese presenta documento MA-MI-HO-01 identificación del usuario, el cual tiene como objetivo definir las actividades para la correcta identificación del paciente estableciendo como sistemas de identificación tarjeta de cabecera, manillas de identificación la cual será obligatoria para todos los usuarios que ingresen por urgencias, consulta externa, hospitalización ambos métodos mencionados tendrán como identificadores nombres y apellidos completos, numero de identificación, eps; al momento de la verificación se cuenta con soporte de socialización 28-10- 2024, se evidencia que dentro del cronograma del 2025 se encuentran incluidos las prácticas seguras, no se cuenta con medición de adherencia.",,Visitas de verificación de la Secretaria de Salud Departamental del Cauca - Santa Rosa - San Juan de Villalobos,Administrador,,,,,,,,30/Jun/2025,0 %,-150,,
No Conformidad,1798,Misionales,calidad,21/Mar/2025,Vencida,,"4.3. Detectar, prevenir y reducir infecciones asociadas con la atención en salud (que incluya protocolo de higiene de manos o higienización con soluciones a base de alcohol). La ESE presenta documento PT-ES-CA-03 protocolo de lavado de manos el cual tiene como objetivo obtener una disminución significativa en la flora residente y eliminar completamente la flora transitoria se establecen los tipos de lavados de manos, los momentos pero no se menciona los materiales e insumos requeridos para dicha estrategia, no se cuenta con soportes de socialización, se realiza la verificación en sitio el personal manifiesta que se realizó en el mes de noviembre, el personal en sitio es adherente en el momento de realizar la visita. Sin embargo no se cuenta con soportes de aplicación de medición de adherencia según las listas de chequeo. Se evidencia que se encuentran realizando reemvase de jabón líquido y alcohol glicerinado.",,Visitas de verificación de la Secretaria de Salud Departamental del Cauca - Santa Rosa - San Juan de Villalobos,Administrador,,,,,,,,30/Jun/2025,0 %,-150,,
No Conformidad,1799,Misionales,calidad,21/Mar/2025,Vencida,,"4.4. Detectar, analizar y gestionar eventos adversos: La ESE presenta documento PT-ES-CA-01 protocolo de Londres eventos adverso mediante el cual se establece la metodología para el análisis de los eventos adversos, adicionalmente se cuenta con documento PR-ES-CA-01 gestión del evento adverso el cual establece que para la identificación de los eventos se revisara diariamente el programa gema, revisión diaria de los eventos reportados, depurar los eventos registrados, entregar a cada líder asistencial un condensado de los eventos adversos, socialización de los eventos en el comité de seguridad del paciente, se evidencia socialización de información el 28-10-2024. Sin embargo no se tiene soporte que permitan evidenciar la operativización.",,Visitas de verificación de la Secretaria de Salud Departamental del Cauca - Santa Rosa - San Juan de Villalobos,Administrador,,,,,,,,30/Jun/2025,0 %,-150,,
No Conformidad,1800,Misionales,calidad,21/Mar/2025,Vencida,,"4.6. Mejorar la seguridad en la utilización de medicamentos, en los servicios donde aplique: La ESE presenta documento PT-MI-UR-01 administración de medicamentos el cual tiene como objetivo estandarizar la administración de medicamentos en el proceso de atención en dicho documento se establece que el inicio de este procedimiento inicia con la formulación por parte del personal médico, posteriormente se realiza bajo los 10 correctos la administración de dicho medicamento se debe rotular con el nombre completo del medicamento y finaliza con el registro de la administración. Socialización el 28-10-2024, no se encuentra medición de adherencia.",,Visitas de verificación de la Secretaria de Salud Departamental del Cauca - Santa Rosa - San Juan de Villalobos,Administrador,,,,,,,,30/Jun/2025,0 %,-150,,
No Conformidad,1801,Misionales,calidad,21/Mar/2025,Vencida,,"4.7. Prevenir y reducir la frecuencia de caídas, en los servicios donde aplique: La ese cuenta con documento PT-ES-CA-06 protocolo para la prevención de caídas de pacientes el cual tiene como objetivo estandarizar acciones de prevención para disminuir el riesgo de caídas mediante acciones tales como mobiliario adecuado, camilla con barandas elevadas y con freno de seguridad, condiciones de orden y aseo, aplicación de escala de DOWNTON, se verifica socialización el 28-10-2024. El prestador en el momento no cuenta con soportes de medición de adherencia.",,Visitas de verificación de la Secretaria de Salud Departamental del Cauca - Santa Rosa - San Juan de Villalobos,Administrador,,,,,,,,30/Jun/2025,0 %,-150,,
No Conformidad,1802,Misionales,calidad,21/Mar/2025,Vencida,,"5. El prestador de servicios de salud promueve la cultura de seguridad del paciente que involucra a todo el personal de manera sistemática con un enfoque educativo no punitivo mediante:5.2. Actividades donde se ilustra al paciente y sus allegados en el autocuidado de su seguridad: La ESE presenta documento PT-MI-HO-01 protocolo autocuidado paciente y sus cuidadores el cual tiene como objetivo desarrollar y fortalecer el conocimiento técnico en el autocuidado para la aplicación de prácticas seguras con el fin de lograr el involucramiento de los pacientes en su cuidado, no se cuenta con soportes de socialización.",,Visitas de verificación de la Secretaria de Salud Departamental del Cauca - Santa Rosa - San Juan de Villalobos,Administrador,,,,,,,,30/Jun/2025,0 %,-150,,
No Conformidad,1803,Misionales,calidad,21/Mar/2025,Vencida,,"6. El prestador de servicios de salud cuenta con información documentada de las actividades y procedimientos que se realizan en el servicio acordes con su objeto, alcance y enfoque diferencial, mediante guías de práctica clínica- GPC, procedimientos de atención, protocolos de atención y otros documentos que el prestador de servicios de salud determine, dicha información incluye talento humano, equipos biomédicos, medicamentos y dispositivos médicos e insumos requeridos: La ESE presenta las siguientes guías segun el pareto de moribilidad: HIPERTENSION ESENCIAL, RINOFARINGITIS, CEFALEA Y PARASITOSIS INTESTINAL las cuales se encuentran documentadas y procedimientos: retiro e inserción de implante subdermico, lavado de oídos, suturas, lavado de ocular, sonda vesical, onicectomía, electrocardiograma, venopunción, sonda vesical, inserción de dispositivo intrauterino y drenaje de colecciones. Dentro de los documentos no se evidencia que cuenta con todas las especificaciones de talento humano, equipos biomédicos y medicamentos y dispositivos médicos para el procedimiento de suturas, retiro e inserción de implante subdermico, derenaje de abscesos, paso de sonda vesical El prestador no soporta documentos de lavado de ojos, lavado de oído, onicectomía.",,Visitas de verificación de la Secretaria de Salud Departamental del Cauca - Santa Rosa - San Juan de Villalobos,Administrador,,,,,,,,30/Jun/2025,0 %,-150,,
No Conformidad,1804,Misionales,calidad,21/Mar/2025,Vencida,,"10. El prestador de servicios de salud cuenta con información documentada de la adopción, o adaptación o desarrollo de guías práctica clínica o protocolos basados en evidencia científica: No se cuenta con la informacion documentada.",,Visitas de verificación de la Secretaria de Salud Departamental del Cauca - Santa Rosa - San Juan de Villalobos,Administrador,,,,,,,,30/Jun/2025,0 %,-150,,
No Conformidad,1805,Misionales,calidad,21/Mar/2025,Vencida,,"12. El prestador de servicios de salud cuenta con la siguiente información documentada:12.2. Aseo, limpieza y desinfección de áreas y superficies: El prestador presenta el Manual de limpieza y desinfección Código PTA-MI-SG 03 Versón1 fecha 2021. En el cual se evidencia la definidos los elementos de uso para ejecutar la actividad. Se evidencia en el recorrido que se encuentran las áreas limpias y en orden. Se recomienda definir las actividades de limpieza y desinfección en los servicio de alta rotación de usuarios.",,Visitas de verificación de la Secretaria de Salud Departamental del Cauca - Santa Rosa - San Juan de Villalobos,Administrador,,,,,,,,30/Jun/2025,0 %,-150,,
No Conformidad,1806,Misionales,calidad,21/Mar/2025,Vencida,,"12.4. Acciones para prevenir las flebitis infecciosas, químicas y mecánicas en los servicios donde se realicen procedimientos de venopunción: Se encuentra documentado ADMINISTRACIÓN DE MEDICAMENTOS PT-MI-UR-01 Código 2 fecha marzo del 2019. Cuenta con acciones preventivas para las flebitis, se verifica socialización sin embargo el prestador no presenta soportes de socialización al personal.",,Visitas de verificación de la Secretaria de Salud Departamental del Cauca - Santa Rosa - San Juan de Villalobos,Administrador,,,,,,,,30/Jun/2025,0 %,-150,,
No Conformidad,1807,Misionales,calidad,21/Mar/2025,Vencida,,"12.6. Descontaminación por derrames de sangre u otros fluidos corporales: Cuenta con un MANUAL CONTROL DE DERRAME DE FLUIDOS CORPORALES Código MA -MI-SG02 Versión 2 Fecha Abril 2021, se verifica no cuenta con socialización, no contiene descripción del contenido del kit de derrames ni el talento humano responsable de ejecutar dicha actividad, personal no adherente.",,Visitas de verificación de la Secretaria de Salud Departamental del Cauca - Santa Rosa - San Juan de Villalobos,Administrador,,,,,,,,30/Jun/2025,0 %,-150,,
No Conformidad,1808,Misionales,calidad,21/Mar/2025,Vencida,,"13.1. Buenas prácticas de esterilización de acuerdo con los procedimientos y técnicas que se utilicen, que describa como mínimo los siguientes aspectos: 13.1.1. Recibo de productos contaminados y entrega de material estéril: Cuentan con manual de buenas prácticas de esterilización, limpieza y desinfección. Código: MAES-CA-02 Versión 02 2019 en el cual no se evidencia el manejo de los aspectos de transporte, lubricación, empaque, etiquetado, verificación de la integridad del material estéril ni control de calidad; también cuenta con el ""MANUAL DE BUENAS PRÁCTICAS DE ESTERILIZACIÓN EN ODONTOLOGÍA Y SALUD ORAL"" Código: MA-MI-OD-05 Versión 6 de mayo 29 de 2020 donde deben definir: el transporte, lubricación. Deben actualizar y ajustar los manuales de acuerdo a lo solicitado en cada criterio.",,Visitas de verificación de la Secretaria de Salud Departamental del Cauca - Santa Rosa - San Juan de Villalobos,Administrador,,,,,,,,30/Jun/2025,0 %,-150,,
No Conformidad,1809,Misionales,calidad,21/Mar/2025,Vencida,,"13.1.2. Transporte. 13.1.3. Lavado, secado y lubricación. 13.1.4. Empaque. 13.1.5. Etiquetado: Deben documentarlo en el manual de esterilización.",,Visitas de verificación de la Secretaria de Salud Departamental del Cauca - Santa Rosa - San Juan de Villalobos,Administrador,,,,,,,,30/Jun/2025,0 %,-150,,
No Conformidad,1810,Misionales,calidad,21/Mar/2025,Vencida,,"13.1.8. Verificación de la integridad del material estéril. 13.1.9. Control de calidad que incluya el análisis de los reportes de dicho control, para la toma de medidas preventivas y correctivas: Deben documentarlo en el manual de esterilización.",,Visitas de verificación de la Secretaria de Salud Departamental del Cauca - Santa Rosa - San Juan de Villalobos,Administrador,,,,,,,,30/Jun/2025,0 %,-150,,
No Conformidad,1811,Misionales,calidad,21/Mar/2025,Vencida,,"15. Los prestadores de servicios de salud tienen definidos procedimientos que garanticen el cumplimiento del no reúso de dispositivos médicos cuando el fabricante así lo haya establecido: Se evidencia 3 procedimientos de no reúso de dispositivos médicos, los cuales no describen el procedimiento realizado en el punto de atención. El documento debe ser revisado y describirlo de acuerdo a los servicios habilitados y los dispositivos utilizados.",,Visitas de verificación de la Secretaria de Salud Departamental del Cauca - Santa Rosa - San Juan de Villalobos,Administrador,,,,,,,,30/Jun/2025,0 %,-150,,
No Conformidad,1812,Misionales,calidad,21/Mar/2025,Vencida,,"16. Hasta tanto el Ministerio de Salud y Protección Social regule la materia, el prestador de servicios de salud podrá reusar dispositivos médicos, siempre y cuando el fabricante de dichos dispositivos autorice su reúso. En tal caso, el prestador de servicios de salud cuenta con información documentada que defina: 16.1. Los procedimientos, siguiendo las recomendaciones del fabricante, para el reprocesamiento y control de calidad que demuestren la eficacia, desempeño y esterilidad del producto: Se evidencia 3 procedimientos de no reúso de dispositivos médicos, los cuales no describen el procedimiento realizado en el punto de atención. El documento debe ser revisado y describirlo de acuerdo a los servicios habilitados y los dispositivos utilizados; estos deben seguir las recomendaciones del fabricante.",,Visitas de verificación de la Secretaria de Salud Departamental del Cauca - Santa Rosa - San Juan de Villalobos,Administrador,,,,,,,,30/Jun/2025,0 %,-150,,
No Conformidad,1813,Misionales,calidad,21/Mar/2025,Vencida,,"16.2. Acciones de seguimiento a través de los comités de infecciones, de seguridad del paciente y del programa de tecnovigilancia, que garanticen que el dispositivo no ha perdido la eficacia y desempeño para el cual fue diseñado, ni exponga al riesgo de infecciones o complicaciones al usuario: Al momento de la verificación se evidencia el acto administratico donde implementan los comites institucionales mediante la resolución 128 de 2018 la cual se encuentra firmada, en el punto de atención no presentan los soportes de actas de reuniones anteriores en el cual se pueda evidenciar la operativización.",,Visitas de verificación de la Secretaria de Salud Departamental del Cauca - Santa Rosa - San Juan de Villalobos,Administrador,,,,,,,,30/Jun/2025,0 %,-150,,
No Conformidad,1814,Misionales,calidad,21/Mar/2025,Vencida,,"17.3. Lista de chequeo de los documentos necesarios para el traslado que incluya:17.3.4. Mecanismos tecnológicos que le permitan realizar el proceso (software, correo, entre otros): No se puede evidenciar en el momento de la verificación.",,Visitas de verificación de la Secretaria de Salud Departamental del Cauca - Santa Rosa - San Juan de Villalobos,Administrador,,,,,,,,30/Jun/2025,0 %,-150,,
No Conformidad,1815,Misionales,calidad,21/Mar/2025,Vencida,,"20. La Institución Prestadora de Servicios de Salud que cuente con servicios de salud de los grupos de consulta externa,internación o el servicio de urgencias, cuenta con:21. El Profesional Independiente de Salud y las Entidades con Objeto Social Diferente que oferten y presten servicios de salud de los grupos de consulta externa y los prestadores de servicios de salud de Transporte Especial de Pacientes cuentan con documento del proceso que orienta la atención en salud de las víctimas de violencias sexuales: En el momento de la verificación se evidencia documento de protocolo de atención a victimas de violencia sexual Código MI-PP-VS Versión 2. febrero del 2023. Se evidencia que solo esta contextualizado para el punto de atención de almaguer y no se contemplan la totalidad de las sedes, documento que es trasversal a todas la sedes adscritas al prestador. Se verifica acta de socialización del día 12 de febrero del 2024 donde se evidencia que participan los 4 puntos de atención.",,Visitas de verificación de la Secretaria de Salud Departamental del Cauca - Santa Rosa - San Juan de Villalobos,Administrador,,,,,,,,30/Jun/2025,0 %,-150,,
No Conformidad,1816,Misionales,calidad,21/Mar/2025,Vencida,,"23. Los prestadores de servicios de salud cuentan con información documentada de las condiciones de almacenamiento, conservación, control de fechas de vencimiento, uso y custodia de los medicamentos, dispositivos médicos e insumos contenidos en los kits de derrames de medicamentos, ataque con agentes químicos y de violencias sexuales, según su contenido: No se cuenta documentado las condiciones de almacenamiento, conservación, control de fechas de vencimiento, uso y custodia de los medicamentos, dispositivos médicos e insumos contenidos en los kits de derrames de medicamentos.",,Visitas de verificación de la Secretaria de Salud Departamental del Cauca - Santa Rosa - San Juan de Villalobos,Administrador,,,,,,,,30/Jun/2025,0 %,-150,,
No Conformidad,1817,Misionales,calidad,21/Mar/2025,Vencida,,"27. Cuando el prestador de servicios de salud realice “pruebas en el punto de atención del paciente - (Point of Care Testing - POCT)” en un servicio habilitado cuenta con: 27.1. Información documentada sobre la toma, procesamiento, control de calidad y entrega de resultados: En el momento de la verificación no se evidencia documentado.",,Visitas de verificación de la Secretaria de Salud Departamental del Cauca - Santa Rosa - San Juan de Villalobos,Administrador,,,,,,,,30/Jun/2025,0 %,-150,,
No Conformidad,1818,Misionales,calidad,21/Mar/2025,Vencida,,"27.2. Controles de calidad realizados por un servicio de laboratorio clínico que puede ser propio o contratado para tal fin, cuando aplique, de acuerdo a las especificaciones del fabricante: En el momento de la verificación no se evidencia documentado.",,Visitas de verificación de la Secretaria de Salud Departamental del Cauca - Santa Rosa - San Juan de Villalobos,Administrador,,,,,,,,30/Jun/2025,0 %,-150,,
No Conformidad,1819,Misionales,calidad,21/Mar/2025,Vencida,,27.3. Análisis de los reportes del control de calidad y toma de medidas preventivas y correctivas: En el momento de la verificación no se evidencia documentado.,,Visitas de verificación de la Secretaria de Salud Departamental del Cauca - Santa Rosa - San Juan de Villalobos,Administrador,,,,,,,,30/Jun/2025,0 %,-150,,
No Conformidad,1820,Misionales,calidad,21/Mar/2025,Vencida,,"28. Orientación a los usuarios sobre las condiciones, requisitos y restricciones de acceso, permanencia y salida del vehículo, en condiciones de rutina o en condiciones de emergencia, a cargo del conductor del vehículo y el talento humano en salud: El prestador cuenta documentado PT-MICE-25 Versión 2 fecha 2019 Sálidas de extramurales no cuenta con todas las especificos que se requieren en la normatividad vigente.",,Visitas de verificación de la Secretaria de Salud Departamental del Cauca - Santa Rosa - San Juan de Villalobos,Administrador,,,,,,,,30/Jun/2025,0 %,-150,,
No Conformidad,1821,Misionales,calidad,21/Mar/2025,Vencida,,29. Mecanismos que garanticen comunicación para el seguimiento de los pacientes que lo requieran: El prestador cuenta documentado PT-MICE-25 Versión 2 fecha 2019 Sálidas de extramurales no cuenta con todas las especificos que se requieren en la normatividad vigente.,,Visitas de verificación de la Secretaria de Salud Departamental del Cauca - Santa Rosa - San Juan de Villalobos,Administrador,,,,,,,,30/Jun/2025,0 %,-150,,
No Conformidad,1822,Misionales,calidad,21/Mar/2025,Vencida,,"30. Mecanismos de supervisión de las actividades realizadas en el marco de los eventos de interés en salud pública, cuando aplique: El prestador cuenta documentado PT-MICE-25 Versión 2 fecha 2019 Sálidas de extramurales no cuenta con todas las especificos que se requieren en la normatividad vigente.",,Visitas de verificación de la Secretaria de Salud Departamental del Cauca - Santa Rosa - San Juan de Villalobos,Administrador,,,,,,,,30/Jun/2025,0 %,-150,,
No Conformidad,1823,Misionales,calidad,21/Mar/2025,Vencida,,"3. Los medios electrónicos para la gestión de la historia clínica garantizan la confidencialidad y seguridad, así como el carácter permanente de registrar en esta y en otros registros asistenciales, sin que se puedan modificar los datos una vez se guarden los registros: El proveedor dispone del documento institucional titulado Protocolo de Uso y Custodia de los Registros de la Historia Clínica, con código PL-AP-GD-08, fechado en el año 2023. Sin embargo, al utilizar el sistema electrónico, el proveedor no cuenta con la certificación correspondiente por parte del ingeniero de sistemas que garantiza la confidencialidad y seguridad de la información. Además, aunque se presenta una convención de aprobación presupuestal para el uso del software, aún no se ha formalizado un contrato que asegure la protección de la seguridad y la confidencialidad.",,Visitas de verificación de la Secretaria de Salud Departamental del Cauca - Santa Rosa - San Juan de Villalobos,Administrador,,,,,,,,30/Jun/2025,0 %,-150,,
No Conformidad,1824,Misionales,calidad,21/Mar/2025,Vencida,,"5. La historia clínica y los registros asistenciales se diligencian en forma clara, legible, sin tachones, enmendaduras, intercalaciones, sin dejar espacios en blanco y sin utilizar siglas: El prestador presenta registros de manera física donde se evidencian espacios en blanco, adicional a ello el prestador presenta una etapa de transición donde se encuentra en cambio de sistema de registros de historia clínica y no se evidencian registros de manera digital.",,Visitas de verificación de la Secretaria de Salud Departamental del Cauca - Santa Rosa - San Juan de Villalobos,Administrador,,,,,,,,30/Jun/2025,0 %,-150,,
No Conformidad,1825,Misionales,calidad,21/Mar/2025,Vencida,,"8. La historia clínica y demás registros son conservados en archivo único garantizando la custodia y confidencialidad de los documentos o registros protegidos legalmente por reserva: ""El prestador mantiene registros de historia clínica de manera física en donde no se garantiza la custodia ni la confidencialidad de los documentos o registros protegidos por reserva legal. Se observa que el prestador está en proceso de transición hacia el sistema digital de historia clínica, utilizando el sistema R-FAST. Durante la visita, el prestador entrega un certificado de custodia y confidencialidad, firmado por el ingeniero Alfredo Córdoba Valencia, con cédula de ciudadanía 16734913 y tarjeta profesional. 76255125388VLL Además, los registros digitales se conservan en un archivo único, garantizando la custodia y confidencialidad de los documentos protegidos por reserva legal, accediendo a ellos con el usuario y contraseña correspondiente. Sin embargo, los consentimientos informados se guardan en los consultorios perdiedo la custodia y confidencialidad.""",,Visitas de verificación de la Secretaria de Salud Departamental del Cauca - Santa Rosa - San Juan de Villalobos,Administrador,,,,,,,,30/Jun/2025,0 %,-150,,
No Conformidad,1826,Misionales,calidad,21/Mar/2025,Vencida,,"9. El prestador de servicios de salud cuenta con un procedimiento de consentimiento informado que incluye mecanismos para verificar su aplicación, para que el paciente o usuario o su responsable aprueben o no documentalmente el procedimiento e intervención en salud a que va a ser sometido, previa información de los beneficios, riesgos, alternativas e implicaciones del acto asistencial: Se evidencia que el prestador de servicios de salud cuenta con un Manual de Consentimiento Informado que incluye mecanismos para verificar su aplicación. Este manual garantiza que el paciente, usuario o su responsable aprueben de manera documentada el procedimiento o intervención en salud al que será sometido, previa información sobre los beneficios, riesgos, alternativas e implicaciones del acto asistencial. Además, se debe realizar un seguimiento continuo a la implementación del consentimiento informado ya que el prestador no realiza su implementacion.",,Visitas de verificación de la Secretaria de Salud Departamental del Cauca - Santa Rosa - San Juan de Villalobos,Administrador,,,,,,,,30/Jun/2025,0 %,-150,,
No Conformidad,1827,Misionales,calidad,21/Mar/2025,Vencida,,"11. Cuenta con los siguientes registros, cuando los prestadores de servicios de salud realicen el proceso de esterilización dentro del servicio y fuera de centrales de esterilización: 11.1. Actividades documentadas y realizadas en el procedimiento de reúso de dispositivos médicos acorde con las recomendaciones del fabricante, incluyendo el número de reúsos por cada dispositivo esterilizado: El prestador cuenta con documento "" política reusó de dispositivos en odontología y no reusó en dispositivos médicos"" el cual no se encuentra actualizado a la institución, no se evidencia adherencia al documento, se debe ajustar el documento a lo realizado en el servicio.",,Visitas de verificación de la Secretaria de Salud Departamental del Cauca - Santa Rosa - San Juan de Villalobos,Administrador,,,,,,,,30/Jun/2025,0 %,-150,,
No Conformidad,1828,Misionales,calidad,21/Mar/2025,Vencida,,11.2. Registro de crgas: No se evidencia descrito registro de que se esteriliza en cada carga.,,Visitas de verificación de la Secretaria de Salud Departamental del Cauca - Santa Rosa - San Juan de Villalobos,Administrador,,,,,,,,30/Jun/2025,0 %,-150,,
No Conformidad,1829,Misionales,calidad,21/Mar/2025,Vencida,,11.3. Resultados del control de calidad: No se evidencian resultados del control de calidad.,,Visitas de verificación de la Secretaria de Salud Departamental del Cauca - Santa Rosa - San Juan de Villalobos,Administrador,,,,,,,,30/Jun/2025,0 %,-150,,
No Conformidad,1830,Misionales,calidad,21/Mar/2025,Vencida,,11.4. Listas del contenido de los paquetes que se esterilizan: No se evidencia descrito listas del contenido de los paquetes que se esterilizan.,,Visitas de verificación de la Secretaria de Salud Departamental del Cauca - Santa Rosa - San Juan de Villalobos,Administrador,,,,,,,,30/Jun/2025,0 %,-150,,
No Conformidad,1831,Misionales,calidad,21/Mar/2025,Vencida,,11.5. Etiquetado de cada paquete que permita la trazabilidad de la esterilización: No se evidencia etiquetado de cada paquete que permita la trazabilidad de la esterilización.,,Visitas de verificación de la Secretaria de Salud Departamental del Cauca - Santa Rosa - San Juan de Villalobos,Administrador,,,,,,,,30/Jun/2025,0 %,-150,,
No Conformidad,1832,Gestión de Recursos,calidad,21/Mar/2025,Vencida,,"10.2. Mínimo una (1) unidad sanitaria de uso mixto, apta para personas con movilidad reducida cuando el prestador cuente con hasta dos consultorios o ambientes de entrevista: La E.S.E. Empresa Social del Estado del Suroriente. unidad de atención en salud, San Juan de Villalobos, no cuenta con unidad sanitaria de uso mixto apta para personas con movilidad reducida.",,Visitas de verificación de la Secretaria de Salud Departamental del Cauca - Santa Rosa - San Juan de Villalobos,Administrador,,,,,,,,30/Jun/2025,0 %,-150,,
No Conformidad,1833,Gestión de Recursos,calidad,21/Mar/2025,Vencida,,24.3. Equipo de órganos de los sentidos: No cuenta con equipo de órgano.,,Visitas de verificación de la Secretaria de Salud Departamental del Cauca - Santa Rosa - San Juan de Villalobos,Administrador,,,,,,,,30/Jun/2025,0 %,-150,,
No Conformidad,1834,Gestión de Recursos,calidad,21/Mar/2025,Vencida,,24.6. Martillo de reflejos: No cuenta con martillo de reflejos.,,Visitas de verificación de la Secretaria de Salud Departamental del Cauca - Santa Rosa - San Juan de Villalobos,Administrador,,,,,,,,30/Jun/2025,0 %,-150,,
No Conformidad,1835,Gestión de Recursos,calidad,21/Mar/2025,Vencida,,24.8. Cinta métrica: No cuenta con cinta métrica.,,Visitas de verificación de la Secretaria de Salud Departamental del Cauca - Santa Rosa - San Juan de Villalobos,Administrador,,,,,,,,30/Jun/2025,0 %,-150,,
No Conformidad,1836,Gestión de Recursos,calidad,21/Mar/2025,Vencida,,"24.9. Báscula grado médico o pesa bebé, según la oferta del servicio: No cuenta con grado médico.",,Visitas de verificación de la Secretaria de Salud Departamental del Cauca - Santa Rosa - San Juan de Villalobos,Administrador,,,,,,,,30/Jun/2025,0 %,-150,,
No Conformidad,1837,Gestión de Recursos,calidad,21/Mar/2025,Vencida,,"25. El prestador de servicios de salud cuenta con la dotación necesaria para realizar los procedimientos documentados en el estándar de procesos prioritarios: Cuenta con documento “salida extramural” donde de describen los equipos que utilizan para las jordanas extramurales, pero al momento de verificar no se evidencian todos los equipos.",,Visitas de verificación de la Secretaria de Salud Departamental del Cauca - Santa Rosa - San Juan de Villalobos,Administrador,,,,,,,,30/Jun/2025,0 %,-150,,
No Conformidad,1838,Gestión de Recursos,calidad,21/Mar/2025,Vencida,,"MODALIDADES INTRAMURAL, EXTRAMURAL UNIDAD MÓVIL, JORNADA DE SALUD Y DOMICILIARIA 32. Cumple con los criterios que le sean aplicables de todos los servicios: No cumple con todos los criterios que sean aplicables a todos los servicios.",,Visitas de verificación de la Secretaria de Salud Departamental del Cauca - Santa Rosa - San Juan de Villalobos,Administrador,,,,,,,,30/Jun/2025,0 %,-150,,
No Conformidad,1839,Gestión de Recursos,calidad,21/Mar/2025,Vencida,,"35. Cumple con los criterios que le sean aplicables de todos los servicios y adicionalmente cuando se realicen procedimientos. cuenta con la siguiente información documentada: 35.1. Procedimientos que se pueden realizar, incluyendo aquellos que requieran anestesia local y no impliquen anestesia regional ni general: Cuentan listado de procedimiento que ejecutan por el personal medico, los cuales son retiro de inserción de implante subdermico, lavado de oídos, suturas, lavado de ocular, sonda vesical, onicectomíal, sonda vesical, venopunción, electrocardiograma, inserción de dispositivo intrauterino y drenaje de colecciones.",,Visitas de verificación de la Secretaria de Salud Departamental del Cauca - Santa Rosa - San Juan de Villalobos,Administrador,,,,,,,,30/Jun/2025,0 %,-150,,
No Conformidad,1840,Gestión de Recursos,calidad,21/Mar/2025,Vencida,,35.2. Información al paciente sobre: Los documentos presentados por el prestador no cuentan con todas la especificaciones solicitadas.,,Visitas de verificación de la Secretaria de Salud Departamental del Cauca - Santa Rosa - San Juan de Villalobos,Administrador,,,,,,,,30/Jun/2025,0 %,-150,,
No Conformidad,1841,Gestión de Recursos,calidad,21/Mar/2025,Vencida,,35.2.1. Preparación. 35.2.2. Recomendaciones post procedimiento35.2.3. Controles.35.2.4. Posibles complicaciones: Los documentos presentados por el prestador no cuentan con todas la especificaciones solicitadas.,,Visitas de verificación de la Secretaria de Salud Departamental del Cauca - Santa Rosa - San Juan de Villalobos,Administrador,,,,,,,,30/Jun/2025,0 %,-150,,
No Conformidad,1842,Gestión de Recursos,calidad,21/Mar/2025,Vencida,,"23. El consultorio odontológico cuenta con: 23.1. Unidad odontológica fija: En visita de verificación se evidencia que la unidad odontológica cuenta con oxido, además no cuenta con presión para la salida de agua.",,Visitas de verificación de la Secretaria de Salud Departamental del Cauca - Santa Rosa - San Juan de Villalobos,Administrador,,,,,,,,30/Jun/2025,0 %,-150,,
No Conformidad,1843,Gestión de Recursos,calidad,21/Mar/2025,Vencida,,23.3. Negatoscopio cuando se requiera o sistema de visualización según la tecnología utilizada por el prestador: No cuenta con sistema de visualización.,,Visitas de verificación de la Secretaria de Salud Departamental del Cauca - Santa Rosa - San Juan de Villalobos,Administrador,,,,,,,,30/Jun/2025,0 %,-150,,
No Conformidad,1844,Gestión de Recursos,calidad,21/Mar/2025,Vencida,,26.2. Lámpara de fotocurado o amalgamador según la oferta del servicio: No cuenta con Lámpara de fotocurado o amalgamador.,,Visitas de verificación de la Secretaria de Salud Departamental del Cauca - Santa Rosa - San Juan de Villalobos,Administrador,,,,,,,,30/Jun/2025,0 %,-150,,
No Conformidad,1845,Gestión de Recursos,calidad,21/Mar/2025,Vencida,,26.3. Negatoscopio cuando se requiera o sistema de visualización según la tecnologla utilizada por el prestador: No cuenta con negatoscopio o sistema de visualización.,,Visitas de verificación de la Secretaria de Salud Departamental del Cauca - Santa Rosa - San Juan de Villalobos,Administrador,,,,,,,,30/Jun/2025,0 %,-150,,
No Conformidad,1846,Gestión de Recursos,calidad,21/Mar/2025,Vencida,,27. Cumple con los criterios que le sean aplicables de todos los servicios: No cumple con todos los criterios que sean aplicables a todos los servicios.,,Visitas de verificación de la Secretaria de Salud Departamental del Cauca - Santa Rosa - San Juan de Villalobos,Administrador,,,,,,,,30/Jun/2025,0 %,-150,,
No Conformidad,1847,Gestión de Recursos,calidad,21/Mar/2025,Vencida,,"MODALIDADES INTRAMURAL, EXTRAMURAL UNIDAD MÓVIL, JORNADA DE SALUD Y DOMICILIARIA 32. Cumple con los criterios que le sean aplicables de todos los servicios: No cumple con todos los criterios que sean aplicables a todos los servicios.",,Visitas de verificación de la Secretaria de Salud Departamental del Cauca - Santa Rosa - San Juan de Villalobos,Administrador,,,,,,,,30/Jun/2025,0 %,-150,,
No Conformidad,1848,Misionales,calidad,21/Mar/2025,Vencida,,"35.1. Procedimientos que se pueden realizar, incluyendo aquellos que requieran anestesia local y no impliquen anestesia regional ni general: El prestador cuenta con documento "" procedimiento anestesia odontológica con código PT-MIOD-29 versión 1 del año 2024 "", se recomienda realizar la socialización del documento con el personal del área y su medición de adherencia.",,Visitas de verificación de la Secretaria de Salud Departamental del Cauca - Santa Rosa - San Juan de Villalobos,Administrador,,,,,,,,30/Jun/2025,0 %,-150,,
No Conformidad,1849,Misionales,calidad,21/Mar/2025,Vencida,,"35.2. Información al paciente sobre: 35.2.1. Preparación. 35.2.2. Recomendaciones post procedimiento. 35.2.3. Controles: El prestador cuenta con documento "" procedimiento anestesia odontológica con código PT-MIOD-29 versión 1 del año 2024"", No se evidencia socialización ni medición de adherencia al documento institucional.",,Visitas de verificación de la Secretaria de Salud Departamental del Cauca - Santa Rosa - San Juan de Villalobos,Administrador,,,,,,,,30/Jun/2025,0 %,-150,,
No Conformidad,1850,Misionales,calidad,21/Mar/2025,Vencida,,"MODALIDADES INTRAMURAL, EXTRAMURAL UNIDAD MÓVIL, JORNADA DE SALUD Y DOMICILIARIA 41. Cumple con los criterios que le sean aplicables de todos los servicios: EL prestador no cumple con los criterios que sean aplicables a todo los servicios.",,Visitas de verificación de la Secretaria de Salud Departamental del Cauca - Santa Rosa - San Juan de Villalobos,Administrador,,,,,,,,30/Jun/2025,0 %,-150,,
No Conformidad,1647,Gestión de Talento Humano,calidad,13/Mar/2025,Vencida,,"6. El talento humano en salud de los servicios de atención del parto, cuidado intensivo y cuidado intermedio neonatal, pediátrico y adultos, cuentan con constancia de asistencia en las acciones de formación continua para la gestión del duelo. No todo el talento humano del servicio de atención del parto cuenta con constancia de asistencia en las acciones de formación continua para la gestión del duelo.",,Visitas de verificación de la Secretaría de Salud Departamental del Cauca - Almaguer - Almaguer,Administrador,,,,,,,,30/Jun/2025,0 %,-150,,
No Conformidad,1648,Gestión de Talento Humano,calidad,13/Mar/2025,Vencida,,"8. Los profesionales de la medicina de los servicios de hospitalización de baja, mediana y alta complejidad, hospitalización paciente crónico con y sin ventilador, cuidados intensivos neonatales, pediátricos y adultos; urgencias y servicios del grupo quirúrgico en modalidad intramural, cuentan con certificación vigente de aprobación de la evaluación de competencias esenciales para el cuidado de la donante expedida por el Instituto Nacional de Salud. No todo el talento humano cuenta con certificación vigente de aprobación de la evaluación de competencias esenciales para el cuidado de la donante expedida por el Instituto Nacional de Salud.",,Visitas de verificación de la Secretaría de Salud Departamental del Cauca - Almaguer - Almaguer,Administrador,,,,,,,,30/Jun/2025,0 %,-150,,
No Conformidad,1649,Gestión de Talento Humano,calidad,13/Mar/2025,Vencida,,"9.Las Instituciones Prestadoras de Servicios de Salud con servicios de cuidado intensivo pediátrico y adulto que adicionalmente habiliten el servicio quirúrgico de neurocirugía, tienen disponibilidad de coordinador operativo detrasplantes. No aplica, el prestador no oferta los servicios de cuidado intensivo pediátrico y adulto, ni el servicio quirúrgico de neurocirugía",,Visitas de verificación de la Secretaría de Salud Departamental del Cauca - Almaguer - Almaguer,Administrador,,,,,,,,30/Jun/2025,0 %,-150,,
No Conformidad,1650,Gestión de Talento Humano,calidad,13/Mar/2025,Vencida,,"10. El talento humano en salud de los servicios de salud de los grupos de consulta externa, internación y el servicio de urgencias, cuentan con constancia de asistencia en las acciones de formación continua en la atención integral en salud de las personas víctimas de violencia sexual. No todo el personal servicios de salud de los grupos de consulta externa, internación y el servicio de urgencias, cuentan con constancia de asistencia en las acciones de formación continua en la atención integral en salud de las personas víctimas de violencia sexual.",,Visitas de verificación de la Secretaría de Salud Departamental del Cauca - Almaguer - Almaguer,Administrador,,,,,,,,30/Jun/2025,0 %,-150,,
No Conformidad,1651,Gestión de Talento Humano,calidad,13/Mar/2025,Vencida,,"11. El talento humano en salud de los servicios de transporte asistencial, atención prehospitalaria y urgencias, cuentan con constancia de asistencia en las acciones de formación continua en la atención a personas víctimas de ataques con agentes químicos. No todo el talento humano de los servicios de transporte asistencial, atención prehospitalaria y emergencias, cuentan con constancia de asistencia en las acciones de formación continua en la atención a personas víctimas de ataques con agentes químicos.",,Visitas de verificación de la Secretaría de Salud Departamental del Cauca - Almaguer - Almaguer,Administrador,,,,,,,,30/Jun/2025,0 %,-150,,
No Conformidad,1652,Gestión de Recursos,calidad,13/Mar/2025,Vencida,,"43. Los cielo rasos o techos y paredes o muros deben ser impermeables, lavables, sólidos, resistentes a factores ambientales e incombustibles y de superficie lisa y continua. Se evidencian paredes en el servicio de laboratorio clínico que presentan humedades.",,Visitas de verificación de la Secretaría de Salud Departamental del Cauca - Almaguer - Almaguer,Administrador,,,,,,,,30/Jun/2025,0 %,-150,,
No Conformidad,1653,Gestión de Recursos,calidad,13/Mar/2025,Vencida,,"2. El prestador de servicios de salud garantiza las condiciones técnicas de calidad de los equipos biomédicos, para lo cual cuenta con: 2.1. Programa de mantenimiento preventivo de los equipos biomédicos, que incluya el cumplimiento de las recomendaciones establecidas por el fabricante o de acuerdo con el protocolo de mantenimiento que tenga definido el prestador, éste último cuando no esté definido por el fabricante. El ""Programa de Mantenimiento ESE Suroriente"" está en funcionamiento, pero no incluye las recomendaciones establecidas por el fabricante. Es necesario ajustar este programa de acuerdo con los equipos que se utilizan. Se ha presentado un cronograma para el año 2024, que contempla una frecuencia de mantenimiento cuatrimestral. Para prolongar la vida útil de los equipos, es fundamental considerar las recomendaciones del fabricante aunque no se de cumplimineto al criterio. 2.2. Hoja(s) de vida del(los) equipo(s) biomédicos(s), con los registros de los mantenimientos preventivos y correctivos, según corresponda Las hojas de vida no cuentan con los datos de registro histórico, registro técnico, accesorio, no se evidencia hoja de vida de dopler fetal marca: edan, serie:M1700840068 y 23907590074. No se evidencia continuidad en los reportes de mantenimiento. De las ambulancias no se evidencian hojas de vida, no cuenta con continuidad en los reportes de mantenimiento. En los protocolos de mantenimiento se sugiere al prestador implementarlos de acuerdo a las recomendaciones del fabricante.",,Visitas de verificación de la Secretaría de Salud Departamental del Cauca - Almaguer - Almaguer,Administrador,,,,,,,,30/Jun/2025,0 %,-150,,
No Conformidad,1654,Gestión de Recursos,calidad,13/Mar/2025,Vencida,,"3. El prestador de servicios de salud cuenta con un programa de fabricante, i capacitación en el uso de dispositivos médicos cuando éstos lo requieran, el cual puede ser desarrollado por el mportador o por el mismo prestador. Cuenta con “plan de capacitaciones” donde se evidencia el cronograma de capacitaciones para el año presente se realizará en noviembre de 2024. Se evidencia capacitación en noviembre sobre equipos biomédicos y odontoldgicos. No se evidencia adherencia al personal, en la ronda se encuentra personal asistencial con más de tres años laborando informan que no cuentan con capacitación sobre el uso de los equipos biomédicos.",,Visitas de verificación de la Secretaría de Salud Departamental del Cauca - Almaguer - Almaguer,Administrador,,,,,,,,30/Jun/2025,0 %,-150,,
No Conformidad,1655,Gestión de Recursos,calidad,13/Mar/2025,Vencida,,4. La dotación de los servicios de salud está en concordancia con lo definido por el prestador en el estándar de procesos prioritarios. No se evidencia concordancia con la dotación según lo definido por el prestador en el estándar de procesos prioritarios.,,Visitas de verificación de la Secretaría de Salud Departamental del Cauca - Almaguer - Almaguer,Administrador,,,,,,,,30/Jun/2025,0 %,-150,,
No Conformidad,1656,Gestión de Recursos,calidad,13/Mar/2025,Vencida,,"5. La suficiencia de equipos biomédicos está relacionada con la frecuencia de uso de los mismos, incluyendo los tiempos del proceso de esterilización, cuando aplique. Cuenta con “protocolo de suficiencia de equipos” en este no se describe el tiempo de esterilización, ni el instrumental requerido para los servicios, se recomienda ajustar el programa donde se mencione las variables correspondientes.",,Visitas de verificación de la Secretaría de Salud Departamental del Cauca - Almaguer - Almaguer,Administrador,,,,,,,,30/Jun/2025,0 %,-150,,
No Conformidad,1657,Gestión de Recursos,calidad,13/Mar/2025,Vencida,,"8. Los servicios de salud que requieran carro de paro, cuenta con la siguiente dotación: 8.2. Resucitador pulmonar manual. No se evidencia resucitador pulmonar manual.",,Visitas de verificación de la Secretaría de Salud Departamental del Cauca - Almaguer - Almaguer,Administrador,,,,,,,,30/Jun/2025,0 %,-150,,
No Conformidad,1658,Gestión de Recursos,calidad,13/Mar/2025,Vencida,,"8.5.Laringoscopio con hojas rectas y curvas para adultos y pediátricas, según aplique. Cuenta con laringoscopio con hojas rectas y curvas para adultos y pacientes pediatricos, no se encuentran esteriles.",,Visitas de verificación de la Secretaría de Salud Departamental del Cauca - Almaguer - Almaguer,Administrador,,,,,,,,30/Jun/2025,0 %,-150,,
No Conformidad,1659,Gestión de Recursos,calidad,13/Mar/2025,Vencida,,"16. Adicional a los criterios enunciados del presente estándar, que le apliquen, el prestador de servicios de salud cuenta con: 16.1. Sistemas de telecomunicaciones de doble via. No cuenta con sistemas de telecomunicación de doble vía.",,Visitas de verificación de la Secretaría de Salud Departamental del Cauca - Almaguer - Almaguer,Administrador,,,,,,,,30/Jun/2025,0 %,-150,,
No Conformidad,1660,Farmacia,calidad,13/Mar/2025,Vencida,,1. El prestador de servicios de salud lleva registros con la información de todos los medicamentos para uso humano requeridos en la prestación de los servicios que oferte; dichos registros cuentan con la siguiente información: 1.1. Principio activo: No cuenta con el registro de la información correctamente 1.2. Forma farmacéutica: No cuenta con el registro de la información correctamente 1.3. Concentración: No cuenta con el registro de la información correctamente 1.6. Presentación comercial: No cuenta con el registro de la información correctamente 1.7. unidad de medida: No cuenta con el registro de la información correctamente,,Visitas de verificación de la Secretaría de Salud Departamental del Cauca - Almaguer - Almaguer,Administrador,,,,,,,,30/Jun/2025,0 %,-150,,
No Conformidad,1661,Farmacia,calidad,13/Mar/2025,Vencida,,"2. Los dispositivos médicos de uso humano requeridos para la prestación de los servicios de salud cuentan con información documentada que dé cuenta de la verificación y seguimiento de la siguiente información: 2.3. Serie (cuando aplique): No cuenta con el registro de la información correctamente 2.4. Presentación comercial: No Cuenta con el registro de la información 2.7. Vida útil, cuando aplique: No cuenta con el registro de la información correctamente",,Visitas de verificación de la Secretaría de Salud Departamental del Cauca - Almaguer - Almaguer,Administrador,,,,,,,,30/Jun/2025,0 %,-150,,
No Conformidad,1662,Farmacia,calidad,13/Mar/2025,Vencida,,"3. Los reactivos de diagnóstico in vitro requeridos para la prestación del servicios de salud cuentan con información documentada que dé cuenta de la verificación y seguimiento de la siguiente información: 3.1. Nombre. No cuenta con el registro de la información correctamente 3.2. Marca. No cuenta con el registro de la información correctamente 3.3. Presentación comercial. No cuenta con el registro de la información correctamente 3.4. Registro sanitario vigente o permiso de comercialización expedido por el Invima. No cuenta con el registro de la información correctamente 3.5. Clasificación del riesgo sanitario No cuenta con el registro de la información correctamente 3.6. Vida útil, cuando aplique. No cuenta con el registro de la información correctamente 3.7. Fecha de vencimiento y lote: No cuenta con el registro de la información correctamente",,Visitas de verificación de la Secretaría de Salud Departamental del Cauca - Almaguer - Almaguer,Administrador,,,,,,,,30/Jun/2025,0 %,-150,,
No Conformidad,1663,Farmacia,calidad,13/Mar/2025,Vencida,,"4. El prestador de servicios de salud de salud cuenta con información documentada de los procesos generales según aplique, para: 4.4. Recepción. Se evidencia documento cuyo código es MA-MI-FA-03 V02 el cual no se a implementado, se observa que durante la ronda que el proceso que se está llevando a cabo es completamente diferente. 4.6. Conservación. Se evidencia documento cuyo código es MA-MI-FA-03 V02 el cual no se a implementado, se observa que durante la ronda que el proceso que se está llevando a cabo es completamente diferente. 4.7. Control de fechas de vencimiento. Se evidencia documento cuyo código es MA-MI-FA-03 V02 el cual no se a implementado, se observa que durante la ronda que el proceso que se está llevando a cabo es completamente diferente. 4.9, Distribución. Se evidencia documento cuyo código es MA-MI-FA-03 V02 el cual no se a implementado, se observa que durante la ronda que el proceso que se está llevando a cabo es completamente diferente. 4.11. Devolución. Se evidencia documento cuyo código es MA-MI-FA-03 V02 el cual no se a implementado, se observa que durante la ronda que el proceso que se está llevando a cabo es completamente diferente. 4.12. Disposición final. No Cuenta con con información documentada de los procesos, código del documento MAMI- FA-03 V02 con fecha de creación julio del 2024.",,Visitas de verificación de la Secretaría de Salud Departamental del Cauca - Almaguer - Almaguer,Administrador,,,,,,,,30/Jun/2025,0 %,-150,,
No Conformidad,1664,Farmacia,calidad,13/Mar/2025,Vencida,,"5. El prestador de servicios de salud que realice algún tipo de actividad con medicamentos de control especial para la prestación de servicios de salud cuenta con la resolución de autorización vigente, expedida por el Fondo Nacional de Estupefacientes o la entidad que haga sus veces: No cuenta con la resolución de autorización vigente, expedida por el Fondo Nacional de Estupefacientes,",,Visitas de verificación de la Secretaría de Salud Departamental del Cauca - Almaguer - Almaguer,Administrador,,,,,,,,30/Jun/2025,0 %,-150,,
No Conformidad,1666,Farmacia,calidad,13/Mar/2025,Vencida,,"7. El prestador de servicios de salud que cuente con reservas de medicamentos, homeopáticos, fitoterapéuticos, medicamentos biológicos, componentes anatómicos, dispositivos médicos (incluidos los sobre medida), reactivos de diagnóstico in vitro, y demás insumos asistenciales, debe garantizar que se almacenen en condiciones apropiadas de temperatura, humedad, ventilación, segregación y seguridad de acuerdo con las condiciones definidas por el fabricante o el banco del componente anatómico, según aplique, y contar con instrumento para medir humedad relativa y temperatura y evidenciar su registro, control y gestión: No garantiza que se almacenen los dispositivos y medicamentos en condiciones apropiadas de temperatura, humedad, ventilación, segregación y seguridad de acuerdo con las condiciones definidas por el fabricante, adicionalmente falta contar con más instrumentos para medir humedad relativa y temperatura y evidenciar su registro, control y gestión en algunos sitios donde tienen almacenamiento de dispositivos médicos y medicamentos.",,Visitas de verificación de la Secretaría de Salud Departamental del Cauca - Almaguer - Almaguer,Administrador,,,,,,,,30/Jun/2025,0 %,-150,,
No Conformidad,1667,Farmacia,calidad,13/Mar/2025,Vencida,,"8. Para la aplicación del protocolo de lavado de manos o higienización, los servicios de salud cuentan con los insumos de aseo, limpieza y secado que garanticen su cumplimiento: No cuentan con los insumos de aseo, limpieza y secado que garanticen su cumplimiento, en algunos de los baños de los servicios, se observa que falta la rotulación de los productos a utilizar:",,Visitas de verificación de la Secretaría de Salud Departamental del Cauca - Almaguer - Almaguer,Administrador,,,,,,,,30/Jun/2025,0 %,-150,,
No Conformidad,1668,Farmacia,calidad,13/Mar/2025,Vencida,,"9. La suficiencia de dispositivos médicos está relacionada con la frecuencia de uso de los mismos, incluyendo los tiempos del proceso de esterilización, cuando aplique: No cuenta con la suficiencia de dispositivos médicos donde se incluye los tiempos del proceso de esterilización",,Visitas de verificación de la Secretaría de Salud Departamental del Cauca - Almaguer - Almaguer,Administrador,,,,,,,,30/Jun/2025,0 %,-150,,
No Conformidad,1669,Farmacia,calidad,13/Mar/2025,Vencida,,"10. El prestador de servicios de salud cuenta con paquete para el manejo de derrames y rupturas de medicamentos, ubicado en un lugar de fácil acceso, visible y con adecuada señalización, disponible para su uso en los servicios y ambientes donde se requieran. El prestador de servicios de salud define su contenido de acuerdo con los medicamentos utilizados y lo sugerido por el fabricante en las fichas técnicas: No cuenta con paquete para el manejo de derrames y rupturas demedicamentos, ubicado en un lugar de fácil acceso, visible y con adecuada señalización, disponible para su uso en los servicios",,Visitas de verificación de la Secretaría de Salud Departamental del Cauca - Almaguer - Almaguer,Administrador,,,,,,,,30/Jun/2025,0 %,-150,,
No Conformidad,1670,Farmacia,calidad,13/Mar/2025,Vencida,,"15. En los servicios de transporte asistencial, atención prehospitalaria y urgencias cuenta con kit de emergencias para la atención a víctimas de ataques con agentes químicos: No cuenta con kit de emergencias para la atención a víctimas de ataques con agentes químicos.",,Visitas de verificación de la Secretaría de Salud Departamental del Cauca - Almaguer - Almaguer,Administrador,,,,,,,,30/Jun/2025,0 %,-150,,
No Conformidad,1671,Misionales,calidad,13/Mar/2025,Vencida,,"3. El prestador de servicios de salud cuenta con un comité o instancia que orienta y promueve la política de seguridad del paciente, el control de infecciones y la optimización del uso de antibióticos, cuando los prescriba o administre. En el caso de profesionales independientes de salud podrá ser el mismo prestador: La ESE presenta documento acta de reunión creación comité de seguridad del paciente del 15 de julio de 2024 donde establece que se reunirán de manera trimestral según cronograma el cual establece como fechas 22 de agosto, 26 de septiembre y 26 de diciembre del 2024, dicha programación difiere de lo mencionado dado que de agosto a septiembre no hay tres meses, adicionalmente no se cuenta con acta de reunión del mes de agosto ni del mes de septiembre como se menciona en el cronograma del documento presentado lo cual refleja que no se cuenta con adherencia al comité de seguridad del paciente por lo tanto el prestador no cumple con el criterio verificado dado que no se puede demostrar que dicho comité esta en ejecución.",,Visitas de verificación de la Secretaría de Salud Departamental del Cauca - Almaguer - Almaguer,Administrador,,,,,,,,30/Jun/2025,0 %,-150,,
No Conformidad,1672,Misionales,calidad,13/Mar/2025,Vencida,,"5. El prestador de servicios de salud promueve la cultura de seguridad del paciente que involucra a todo el personal de manera sistemática con un enfoque educativo no punitivo - mediante: 5.1. Capacitación del personal en el tema de seguridad del paciente y en los principales riesgos de la atención La ESE presenta plan de capacitaciones 2024 el cual se encuentra en construcción en lo planeado hasta la fecha no se cuenta con temas de seguridad del paciente. 6. El prestador de servicios de salud cuenta con información documentada de las actividades y procedimientos que se realizan en el servicio acordes con su objeto, alcance y enfoque diferencial, mediante guías de práctica clínica- GPC, procedimientos de atención, protocolos de atención y otros documentos que el prestador de servicios de salud determine, dicha información incluye talento humano, equipos biomédicos, medicamentos y dispositivos médicos e insumos requeridos. La ESE presenta las siguientes guías de práctica clínica: cáncer de próstata, atención de partos, infecciones urinarias, enfermedad diarreica aguda, apendicitis aguda, eda, faringoamigdalitis, HTA, lumbago, cefalea, parasitosis intestinal, complicaciones durante el embarazo, litiasis; también se cuenta con los siguientes procedimientos: cateterismo vesical, administración de medicamentos, RCP, los cuales incluyen la relación de talento humano,materiales y equipos, pese a esto no soporta información documentada de retiro de puntos, cateterismo nasogástrico, curación de heridas, sutura procedimientos que realizan en la institución. 10. El prestador de servicios de salud cuenta con información documentada de la adopción, o adaptación o desarrollo de guías práctica clínica o protocolos basados en evidencia científica. No se cuenta con la informacion documentada.",,Visitas de verificación de la Secretaría de Salud Departamental del Cauca - Almaguer - Almaguer,Administrador,,,,,,,,30/Jun/2025,0 %,-150,,
No Conformidad,1673,Misionales,calidad,13/Mar/2025,Abierta,,"12. El prestador de servicios de salud cuenta con la siguiente información documentada: 12.1. Detección, prevención y disminución del riesgo de accidentes e incidentes de carácter radiológico, en los servicios donde aplique. Cuenta con un documento denominado PROGRAMA DE VIGILANCA RADIOLÓGICA Versión 1 del 13 de dciembre del 2022, no se encuentra socializado ni con medición de adherencia. 12.2. Aseo, limpieza y desinfección de áreas y superficies. El prestador presenta el Manual de limpieza y desinfección Cédigo PTA-MI-SG 03 Versón1 fecha 2021. en cual se evdencia la definidos los elementos de uso para ejecutar la actividad. Sin embargo se evidencia en el recorrido que no se encuentran adhrentes. Se recominenda definir las actividades de limpieza y desinfección en los servicio de alta rotación de usuarios, se evidencia rempaque de productos utilizados para la desinfección. 12.3. Procedimiento de reanimación cerebro cardio pulmonar, en los servicios donde se realice. Se verifica que cuenta documentado con el protocolo de REANIMACIÓN CARDIOPULMONAR Código PT- MI-SI-01 Versión 2 fecha: junio 2022, definido el talento humano, medicamentos y dispositivos medicos y equipos biomedicos que se requieren en la prestacion del servicio, no se cuenta descrito el enfoque diferencial. No se encuentra dentro del plan de capacitación del 2024. 12.4. Acciones para prevenir las flebitis infecciosas, químicas y mecánicas en los servicios donde se realicen procedimientos de venopunción. Se encuentra documentado ADMINISTRACIÓN DE MEDICAMENTOS PT-MI-UR-01 Código 2 fecha marzo del 2019. Cuenta con acciones preventivas para las flebitis. No se encuentran socializadas, ni programados dentro del plan de capacitación del 2024. 12.5. Aspectos de bioseguridad acordes con las condiciones y características del servicio. Cuenta con un manual de bioseguridad MA -AP-50-01 Versión 1 Fecha 2021. Se verifica plan de capacitación 2024 el cual no se encuentra tematica incluida 12.6. Descontaminación por derrames de sangre u otros fluidos corporales. Cuenta con un MANUAL CONTROL DE DERRAME DE FLUIDOS CORPORALES Código MA -MI-5G-02 Versión 2 Fecha Abril 2021. Se verifica plan de capacitación 2024 el cual no se encuentra temática incluida, no contiene descripción del contenido del kit de derrames ni el talento humano responsable de ejecutar dicha actividad. 12.7. Manejo de gases medicinales que incluya como mínimo la atención de emergencias y sistema de alarma, cuando se utilicen. Cuenta con un protocolo de manejo de gases medicinales Código PT-ES-CA-05 Versió 1 Fecha: junio 2022. Se verifica plan de capacitación 2024 el cual no espeficica que hacer en caso de emergencias y los sistemas de alarmas teniendo en cuenta los dispositivos utilizados en la institución. Se evidencia no rotulación de dispositivos utilizados en la administración de gases medicinales.",,Visitas de verificación de la Secretaría de Salud Departamental del Cauca - Almaguer - Almaguer,Administrador,,,,,,,,,0 %,-,,
No Conformidad,1674,Misionales,calidad,13/Mar/2025,Vencida,,"13. El prestador de servicios de salud que realice el proceso de esterilización cuenta con la siguiente información documentada: 13.1. Buenas prácticas de esterilización de acuerdo con los procedimientos y técnicas que se utilicen, que describa como mínimo los siguientes aspectos: 13.1.1. Recibo de productos contaminados y entrega de material estéril. Cuenta con un manual de buenas practicas de esterilización MA-ES-CA-02 Versión 01 fecha abril del 2023 aplicable a todas las unidades de atención, el cual cumple con la especificaciones . Sin embargo el documento no se encuentra socialización no cuenta con medición de adherencias. 13.1.2. Transporte. Cuenta con un manual de buenas practicas de esterilización MA-ES-CA-02 Versión 01 fecha abril del 2023 aplicable a todas las unidades de atención, el cual cumple con la especificaciones . Sin embargo el documento no se encuentra socialización no cuenta con medición de adherencias. 13.1.3. Lavado, secado y lubricación. Cuenta con un manual de buenas practicas de esterilización MA-ES-CA-02 Versión 01 fecha abril del 2023 aplicable a todas las unidades de atención, el cual cumple con la especificaciones . Sin embargo el documento no se encuentra socialización no cuenta con medición de adherencias. 13.1.4. Empaque. Cuenta con un manual de buenas practicas de esterilización MA-ES-CA-02 Versión 01 fecha abril del 2023 aplicable a todas las unidades de atención, el cual cumple con la especificaciones . Sin embargo el documento no se encuentra socialización no cuenta con medición de adherencias. 13.1.5. Etiquetado. Cuenta con un manual de buenas practicas de esterilización MA-ES-CA-02 Versión 01 fecha abril del 2023 aplicable a todas las unidades de atención, el cual cumple con la especificaciones . Sin embargo el documento no se encuentra socialización no cuenta con medición de adherencias. 13.1.6. Esterilización. Cuenta con un manual de buenas practicas de esterilización MA-ES-CA-02 Versión 01 fecha abril del 2023 aplicable a todas las unidades de atención, el cual cumple con la especificaciones . Sin embargo el documento no se encuentra socialización no cuenta con medición de adherencias. 13.1.7. Almacenamiento. Cuenta con un manual de buenas practicas de esterilización MA-ES-CA-02 Versión 01 fecha abril del 2023 aplicable a todas las unidades de atención, el cual cumple con la especificaciones . Sin embargo el documento no se encuentra socialización no cuenta con medición de adherencias. 13.1.8. Verificación de la integridad del material estéril. Cuenta con un manual de buenas practicas de esterilización MA-ES-CA-02 Versión 01 fecha abril del 2023 aplicable a todas las unidades de atención, el cual cumple con la especificaciones . Sin embargo el documento no se encuentra socialización no cuenta con medición de adherencias. 13.1.9. Control de calidad que incluya el análisis de los reportes de dicho control, para la toma de medidas preventivas y correctivas. Cuenta con un manual de buenas practicas de esterilización MA-ES-CA-02 Versión 01 fecha abril del 2023 aplicable a todas las unidades de atención, el cual cumple con la especificaciones . Sin embargo el documento no se encuentra socialización no cuenta con medición de adherencias.",,Visitas de verificación de la Secretaría de Salud Departamental del Cauca - Almaguer - Almaguer,Administrador,,,,,,,,30/Jun/2025,0 %,-150,,
No Conformidad,1675,Misionales,calidad,13/Mar/2025,Vencida,,"15. Los prestadores de servicios de salud tienen definidos procedimientos que garanticen el cumplimiento del no reúso de dispositivos médicos cuando el fabricante así lo haya establecido. Al momento de la verificación se evidenica que cuenta documentada la politica de uso y no reúso de dispositivos medicos vigencia 2019 y con un Manual de uso y reúso de dispositivos médicos MA -ES- CA-01 versión 01 abril del 2023, en el cual se identifica que cuenta definido con un listado de dispositivos de reúso, sin embargo se evidencia que no corresponde la ficha tecnica del nombre del dispositivo con la descripción del dispositivo, asi mismo se evidencia que no corresponde lo definido en las fichas tecnicas con los descritos en la totalidad de reúso.",,Visitas de verificación de la Secretaría de Salud Departamental del Cauca - Almaguer - Almaguer,Administrador,,,,,,,,30/Jun/2025,0 %,-150,,
No Conformidad,1676,Misionales,calidad,13/Mar/2025,Vencida,,"16. Hasta tanto el Ministerio de Salud y Protección Social regule la materia, el prestador de servicios de salud podrá reusar dispositivos médicos, siempre y cuando el fabricante de dichos dispositivos autorice su reúso. En tal caso, el prestador de servicios de salud cuenta con información documentada que defina: 16.1. Los procedimientos, siguiendo las recomendaciones del fabricante, para el reprocesamiento y control de calidad que demuestren la eficacia, desempeño y esterilidad del producto. Al momento de la verificación se evidenica Manual de uso y reuso de dispositivos médicos MA -ES- CA-01 versión 01 abril del 2023, en el cual se identifica que cuenta definido con un listado de dispositivos de reúso, sin embargo se evidencia que no corresponde la ficha tecnica del nombre del dispositivo con la descripción del dispositivo, asi mismo se evidencia que no corresponde lo definido en las fichas tecnicas con los descritos en la totalidad de reúso. 16.2. Acciones de seguimiento a través de los comités de infecciones, de seguridad del paciente y del programa de tecnovigilancia, que garanticen que el dispositivo no ha perdido la eficacia y desempeño para el cual fue diseñado, ni exponga al riesgo de infecciones o complicaciones al usuario. Al momento de la verificación se evidencia el acto administratico donde implementan los comites institucionales mediante la resolución 128 de 2018 la cual se encuentra firmada, sin embargo los comite se encuentran conformados para este año y no cuenta con la soporte de acta de reuniones anteriores en el cual se pueda evidenciar la operativización.",,Visitas de verificación de la Secretaría de Salud Departamental del Cauca - Almaguer - Almaguer,Administrador,,,,,,,,30/Jun/2025,0 %,-150,,
No Conformidad,1677,Misionales,calidad,13/Mar/2025,Vencida,,"17. Para la referencia de pacientes, el prestador de servicios de salud cuenta con la siguiente información documentada: 17.1. Estabilización del paciente antes del traslado. Al momento de la verificación se verifica documento PR-MI-HU 52 VERSIÓN 1 Febrero del 2024. No se evidencia socialización de documento, no cuenta con medición de adherencia,no se evidencia dentro del plan de capacitación del año 2024 . 17.2. Medidas para el traslado. Al momento de la verificación se verifica documento PR-MI-HU 52 VERSIÓN 1 Febrero del 2024. No se evidencia socialización de documento, no cuenta con medición de adherencia, no se evidencia dentro del plan de capacitación del año 2024 .",,Visitas de verificación de la Secretaría de Salud Departamental del Cauca - Almaguer - Almaguer,Administrador,,,,,,,,30/Jun/2025,0 %,-150,,
No Conformidad,1678,Misionales,calidad,13/Mar/2025,Vencida,,"17.3. Lista de chequeo de los documentos necesarios para el traslado que incluya: 17.3.1. Diligenciamiento del formato de referencia de pacientes. No presentan documentación 17.3.2. Resultados de apoyos diagnósticos realizados al paciente. No presentan documentación 17.3.3. Resumen de historia clínica. No presentan documentación 17.3.4. Mecanismos tecnológicos que le permitan realizar el proceso (software, correo, entre otros). No presentan documentación 17.3.5. Talento humano que debe responsabilizarse de cada una de las etapas del proceso. No presentan documentación 17.3.6. La referencia de pacientes que se detecten como víctimas de violencia sexual debe hacerse a un servicio de urgencias. No presentan documentación",,Visitas de verificación de la Secretaría de Salud Departamental del Cauca - Almaguer - Almaguer,Administrador,,,,,,,,30/Jun/2025,0 %,-150,,
No Conformidad,1679,Misionales,calidad,13/Mar/2025,Vencida,,"20. La Institución Prestadora de Servicios de Salud que cuente con servicios de salud de los grupos de consulta externa, internación o el servicio de urgencias, cuenta con: 20.1. Documento del proceso institucional que orienta la atención en salud de las víctimas de violencias sexuales. Al momento de la verificación se evidencia documento de protocolo de atención a victimas de violencia sexual Código MI-PP-VS Versión 2. febrero del 2023. Se evidencia que solo esta contextualizado para el punto de atención de almaguer y no se contemplan la totalidad de las sedes, documento que es trasversal a todas la sedes adscritas al prestador. Se verifica no cuentan con socialización en el punto de atención. 22. En los servicios de transporte asistencial, atención prehospitalaria y urgencias, se cuenta con documento del proceso que orienta la atención en salud a víctimas de ataques con agentes químicos. Cuenta con protocolo quemaduras por acidos Código: PT-MI-UR-53 Versión O Fecha julio 2020. Al momento de la verificación no se tiene programado dentro del plan institucional de capacitación 2024. 23. Los prestadores de servicios de salud cuentan con información documentada de las condiciones de almacenamiento, conservación, control de fechas de vencimiento, uso y custodia de los medicamentos, dispositivos médicos e insumos contenidos en los kits de derrames de medicamentos, ataque con agentes químicos y de violencias sexuales, según su contenido. No se cuenta documentado las condiciones de almacenamiento, conservación, control de fechas de vencimiento, uso y custodia de los medicamentos, dispositivos médicos e insumos contenidos en los kits de derrames de medicamentos, ataque con agentes químicos y de violencias sexuales.",,Visitas de verificación de la Secretaría de Salud Departamental del Cauca - Almaguer - Almaguer,Administrador,,,,,,,,30/Jun/2025,0 %,-150,,
No Conformidad,1680,Misionales,calidad,13/Mar/2025,Vencida,,"24. Las Instituciones Prestadoras de Servicios de Salud con servicios de hospitalización, hospitalización de paciente crónico con y sin ventilador, cuidado intensivo neonatal, pedidtrico y adulto, urgencias y del grupo quirúrgico, en la modalidad intramural, cuentan con la siguiente Información documentada: 24.1. Manejo de la enfermedad cerebro vascular. Al momento de la verificación se evidencia documento denominado PROTOCOLO ACCIDENTE CEREBROVASCULAR (ACV), versión O fecha 2022, se evidencia definido medicamentos. Sin embargo no tiene definido el talento humano definido , no tiene definido dispositivos medicos, ni equipos biomedicos requeridos para la atención para la prestación del servicio, no se cuenta incluido la atención con enfoque diferencial. Dentro del plan de capacitación 2024, no se encuentran programado. 24.2. Manejo del Trauma Craneoencefálico. Se verifica documento PROTOCOLO DE TRAUMA CRANEONCEFALICO ( TEC) Codigo: FR-MI-HO Versión O fecha julio 2022. se evidencia definido el talento humano necesario para la prestación del servicio. Sin embargo no se tiene definido medicamentos y dispositivos medicos, ni equipos biomedicos requeridos para la atención para la prestación del servicio, no se cuenta incluido la atención con enfoque diferencial. Dentro del plan de capacitación 2024, no se encuentran programado. 24.3. Detección de donantes de componentes anatómicos. Se verifica documento PROTOCOLO DE DONACIÓN DEIGRANOS Cédigo PT-MI-UR-06 Versión 0 fecha: julio 2022. Se recomienda contextualizar el documento segun los servicios que se prestan y las condiciones del prestador frente a la detección de donantes de componentes anatómicos. Dentro del plan de capacitación 2024, no se encuentran programado. Se verifica documento PROTOCOLO DE TRAUMA CRANEONCEFALICO ( TEC) Codigo: FR-MIHO Versión O fecha julio 2022. se evidencia definido el talento humano necesario para la prestación del servicio. Sin embargo no se tiene definido medicamentos y dispositivos medicos, ni equipos biomedicos requeridos para la atención para la prestación del servicio, no se cuenta incluido la atención con enfoque diferencial. Dentro del plan de capacitación 2024, no se encuentran programado. 24.4. Mantenimiento del donante de componentes anatómicos. Se verifica documento PROTOCOLO DE DONACIÓN DEIGRANOS Cédigo PT-MI-UR-06 Versión 0 fecha: julio 2022. Se recomienda contextualizar el documento segun los servicios que se prestan y las condiciones del prestador frente a la detección de donantes de componentes anatómicos. Dentro del plan de capacitación 2024, no se encuentran programado.",,Visitas de verificación de la Secretaría de Salud Departamental del Cauca - Almaguer - Almaguer,Administrador,,,,,,,,30/Jun/2025,0 %,-150,,
No Conformidad,1681,Misionales,calidad,13/Mar/2025,Vencida,,"27. Cuando el prestador de servicios de salud realice “pruebas en el punto de atención del paciente - (Point of Care Testing - POCT)” en un servicio habilitado cuenta con: 27.1. Información documentada sobre la toma, procesamiento, , control de calidad y entrega de resultados En el momento de la verificación no se evidencia documentado 27.2. Controles de calidad realizados por un servicio de laboratorio clínico que puede ser propio o contratado para tal fin, cuando aplique, de acuerdo a las especificaciones del fabricante. En el momento de la verificación no se evidencia documentado 27.3. Análisis de los reportes del control de calidad y toma de medidas preventivas y correctivas. En el momento de la verificación no se evidencia documentado",,Visitas de verificación de la Secretaría de Salud Departamental del Cauca - Almaguer - Almaguer,Administrador,,,,,,,,30/Jun/2025,0 %,-150,,
No Conformidad,1682,Misionales,calidad,13/Mar/2025,Vencida,,"Adicional a los criterios enunciados que le aplique, para las siguientes modalidades el prestador de servicios de salud cuenta con la siguiente información documentada: MODALIDAD EXTRAMURAL JORNADAS EN SALUD Y UNIDAD MOVIL: 28. Orientación a los usuarios sobre las condiciones, requisitos y restricciones de acceso, permanencia y salida del vehículo, en condiciones de rutina o en condiciones de emergencia, a cargo del conductor del vehículo y el talento humano en salud. En el momento de la verificación no se evidencia documentado 29. Mecanismos que garanticen comunicación para el seguimiento de los pacientes que lo requieran. En el momento de la verificación no se evidencia documentado 30. Mecanismos de supervisión de las actividades realizadas en el marco de los eventos de interés en salud pública, cuando aplique En el momento de la verificación no se evidencia documentado",,Visitas de verificación de la Secretaría de Salud Departamental del Cauca - Almaguer - Almaguer,Administrador,,,,,,,,30/Jun/2025,0 %,-150,,
No Conformidad,1683,Misionales,calidad,13/Mar/2025,Vencida,,"ESTANDAR DE INTERDEPENDENCIA SERVICIO 129-HOSPITALIZACION ADULTOS: ESTANDAR DE TALENTO HUMANO 1. Cumple con los criterios que le sean aplicables de todos los servicios y adicionalmente, disponibilidad de: Ver Estándar transversal Talento Humano",,Visitas de verificación de la Secretaría de Salud Departamental del Cauca - Almaguer - Almaguer,Administrador,,,,,,,,30/Jun/2025,0 %,-150,,
No Conformidad,1684,Gestión de Recursos,calidad,13/Mar/2025,Vencida,,"ESTANDAR DE INTERDEPENDENCIA SERVICIO 129-HOSPITALIZACION ADULTOS: ESTANDAR INFRAESTRUCTURA 20. Cumple con los criterios que le sean aplicables de todos los servicios y adicionalmente cuenta con: No cumple con los criterios que le sean aplicables de todos los servicios. 20.4.3. La habitación múltiple para pacientes adultos debe teng er una capacidad máxima de 4 camas, con área libre mínima de 7 m2 por cama, separadas con barrera física flja o movil. Cuenta con habitaciones para dos camas, pero no están separadas por barrera fisica fija ni movil",,Visitas de verificación de la Secretaría de Salud Departamental del Cauca - Almaguer - Almaguer,Administrador,,,,,,,,30/Jun/2025,0 %,-150,,
No Conformidad,1685,Misionales,calidad,13/Mar/2025,Vencida,,"ESTANDAR DE INTERDEPENDENCIA SERVICIO 129-HOSPITALIZACION ADULTOS: ESTANDAR DE DOTACIÓN Modalidades intramural, extramural unidad móvil, jornada de salud, telemedicina - prestador remisor. 25. Cumple con los criterios que le sean aplicables de todos los servicios y adicionalmente cuenta con: Revisar estándar transversal.",,Visitas de verificación de la Secretaría de Salud Departamental del Cauca - Almaguer - Almaguer,Administrador,,,,,,,,30/Jun/2025,0 %,-150,,
No Conformidad,1686,Misionales,calidad,13/Mar/2025,Vencida,,"ESTANDAR DE INTERDEPENDENCIA SERVICIO 129-HOSPITALIZACION ADULTOS: ESTANDAR de Medicamentos, Dispositivos Médicos e Insumos 35. Cumple con los criterios que le sean aplicables de todos los servicios y adicionalmente, cuenta con: No cumple con los criterios que le sean aplicables de todos los servicios",,Visitas de verificación de la Secretaría de Salud Departamental del Cauca - Almaguer - Almaguer,Administrador,,,,,,,,30/Jun/2025,0 %,-150,,
No Conformidad,1687,Misionales,calidad,13/Mar/2025,Vencida,,"ESTANDAR DE INTERDEPENDENCIA SERVICIO 129-HOSPITALIZACION ADULTOS: ESTANDAR - PROCESOS PRIORITARIOS 42. Cumple con los criterios que le sean aplicables de todos los servicios y adicionalmente cuenta con la siguiente información documentada: Se verificó en el estándar transversal 42.1. Criterios de ingreso y egreso al servicio. Prestador no presenta documentación 42.2. Manejo de las principales causas de hospitalización, según oferta. Se verifica las causas principales de atención mediante el principio es pareto y se verifica soporte donde adaptan guia de manejo del ministerio de salud, sin embargo guias de manejo clínico para el servicio especifico no se encuentran documentadas en su totalidad. 42.3. Ronda médica diaria de evolución de pacientes. Prestador no presenta documentación 42.5. Entrega de turno por parte de enfermería y de medicina. La ESE Cuenta con PROTOCOLO DE RECIBO Y ENTREGA DE TURNO Código: PT-MI-CE-21, se verifica que no se encuentran dentro del plan de capacitación institucional del 2024, ni cuenta con medición de adherencia. 42.6. Control de líquidos. La ESE presenta documento CONTROL DE LÍQUIDOS ADQUIRIDOS Y ELIMINADOS Código: PTMI- HO-22, se verifica que no se encuentran dentro del plan de capacitación institucional del 2024, ni cuenta con medición de adherencia. 42.7. Plan de cuidados de enfermeria. La ESE presenta documento en Excel de plan de cuidados establecidos por patologías más frecuentes sin embargo no cuenta con un documento donde se defina los cuidados según las necesidades del paciente, no se cuenta con la socialización, ni medición de adherencia. 42.8. Administración de medicamentos. La ESE presenta documento PT-MI-UR-01 Versién 2 fecha marzo del 2019 ADMINISTRACIÓN DE MEDICAMENTO, el cual estandarizar la administración de medicamentos en el proceso de atención, tiene definido alcance,se cuenta con soporte de socialización 3 de septiembre del 2024 para la sede almaguer, cuenta con soporte de listado de asistencia. Sin embargo no cuenta con medición de adherencia 42.9. Sujeción de pacientes. La ESE presenta documento PT-MI-UR-55 protocolo de inmovilización paciente inconsciente y psiquiátrico el cual tiene como objetivo establecer las actividades que garanticen la correcta inmovilización del paciente, al momento de la verificación no se cuenta con soporte de socialización. 42.11. Cateterismo vesical. La ESE presenta documento PT-MI-UR-14 Versión 1 fecha agosto del 2020-en el cual no se especifica que elementos son necesarios para la inmovilización de pacientes, no se evidencia el alcance de aplicación del documento. 42.13. llustrar al paciente en el auto cuidado de la salud y la preservación de la seguridad de su atención. El prestador cuenta con documento definido como PROTOCOLO AUTOCUIDADO PACIENTE Y SUS CUIDADORES PT-MI-HO 01- Versión 2 fecha junio 20204, no se encuentra socializado para el año 2024. 42.14. Información a usuarios. El prestador no presenta documento solicitado. 42.15. Revisión del carro de paro. Cuenta con el documento CHEQUEO DEL DESFIBRILADOR Y VERIFICACIÓN DEL CARRO DE PARO, sin código Versión 2 Fecha Junio 2022. No se encuentra dentro de la temática a socializar para el año 2024. 42.16. Actividades de rehabilitación: fisioterapia, terapia ocupacional y terapia del lenguaje, que incluya los tipos de elementos e insumas requeridos para cada tipo de actividad, según se requiera. El prestador presenta PROTOCOLO DE ATENCIÓN EN FISIOTERAPIA Código PT-MICE-53 versión O del 2023, cuenta con documentos definidos respecto a la terapia respiratoria y física con los insumos requeridos para la prestación del servicio . Sin embargo no presentan documento, no se evidencia socialización para el año 2024.",,Visitas de verificación de la Secretaría de Salud Departamental del Cauca - Almaguer - Almaguer,Administrador,,,,,,,,30/Jun/2025,0 %,-150,,
No Conformidad,1688,Misionales,calidad,13/Mar/2025,Vencida,,"ESTANDAR DE INTERDEPENDENCIA SERVICIO 129-HOSPITALIZACION ADULTOS: ESTANDAR de Historia Clínica y Registros: 48. Cumple con los criterios que le sean aplicables de todos los servicios ver transversal de historia clinica, cuenta con historia clinica digital",,Visitas de verificación de la Secretaría de Salud Departamental del Cauca - Almaguer - Almaguer,Administrador,,,,,,,,30/Jun/2025,0 %,-150,,
No Conformidad,1689,Misionales,calidad,13/Mar/2025,Vencida,,"SERVICIO 130-HOSPITALIZACIÓN PEDIÁTRICA ESTANDAR- TALENTO HUMANO 1. Cumple con los criterios que le sean aplicables de todos los Humano servicios y adicionalmente, disponibilidad de: Ver Estándar transversal Talento",,Visitas de verificación de la Secretaría de Salud Departamental del Cauca - Almaguer - Almaguer,Administrador,,,,,,,,30/Jun/2025,0 %,-150,,
No Conformidad,1690,Misionales,calidad,13/Mar/2025,Vencida,,"SERVICIO 130-HOSPITALIZACIÓN PEDIÁTRICA ESTANDAR- MEDICAMENTOS E INSUMOS 35. Cumple con los criterios que le sean aplicables de todos los servicios y adicionalmente, cuenta con: No cumple con los criterios que le sean aplicables de todos los servicios",,Visitas de verificación de la Secretaría de Salud Departamental del Cauca - Almaguer - Almaguer,Administrador,,,,,,,,30/Jun/2025,0 %,-150,,
No Conformidad,1691,Misionales,calidad,13/Mar/2025,Vencida,,"ESTANDAR DE INTERDEPENDENCIA SERVICIO 130-HOSPITALIZACIÓN PEDIÁTRICA ESTANDAR- PROCESOS PRIORITARIOS 42. Cumple con los criterios que le sean aplicables de todos los servicios y adicionalmente cuenta con la siguiente información documentada: Se verificó en el estándar transversal 42.1. Criterios de ingreso y egreso al servicio. Prestador no presenta documentación 42.2. Manejo de las principales causas de hospitalización, según oferta. Se verifica las causas principales de atención mediante el principio es pareto y se verifica soporte donde adaptan guia de manejo del ministerio de salud, sin embargo guias de manejo clínico para el servicio especifico no se encuentran documentadas en su totalidad. 42.3. Ronda médica diaria de evolución de pacientes. Prestador no presenta documentación 42.5. Entrega de turno por parte de enfermería y de medicina. La ESE Cuenta con PROTOCOLO DE RECIBO Y ENTREGA DE TURNO Código: PT-MI-CE-21, se verifica que no se encuentran dentro del plan de capacitación institucional del 2024, ni cuenta con medición de adherencia. 42.6. Control de líquidos. La ESE presenta documento CONTROL DE LÍQUIDOS ADQUIRIDOS Y ELIMINADOS Código: PTMI- HO-22, se verifica que no se encuentran dentro del plan de capacitación institucional del 2024, ni cuenta con medición de adherencia. 42.7. Plan de cuidados de enfermeria. La ESE presenta documento en Excel de plan de cuidados establecidos por patologías más frecuentes sin embargo no cuenta con un documento donde se defina los cuidados según las necesidades del paciente, no se cuenta con la socialización, ni medición de adherencia. 42.8. Administración de medicamentos. La ESE presenta documento PT-MI-UR-01 Versién 2 fecha marzo del 2019 ADMINISTRACIÓN DE MEDICAMENTO, el cual estandarizar la administración de medicamentos en el proceso de atención, tiene definido alcance,se cuenta con soporte de socialización 3 de septiembre del 2024 para la sede almaguer, cuenta con soporte de listado de asistencia. Sin embargo no cuenta con medición de adherencia 42.9. Sujeción de pacientes. La ESE presenta documento PT-MI-UR-55 protocolo de inmovilización paciente inconsciente y psiquiátrico el cual tiene como objetivo establecer las actividades que garanticen la correcta inmovilización del paciente, al momento de la verificación no se cuenta con soporte de socialización. 42.11. Cateterismo vesical. La ESE presenta documento PT-MI-UR-14 Versión 1 fecha agosto del 2020-en el cual no se especifica que elementos son necesarios para la inmovilización de pacientes, no se evidencia el alcance de aplicación del documento. 42.13. llustrar al paciente en el auto cuidado de la salud y la preservación de la seguridad de su atención. El prestador cuenta con documento definido como PROTOCOLO AUTOCUIDADO PACIENTE Y SUS CUIDADORES PT-MI-HO 01- Versión 2 fecha junio 20204, no se encuentra socializado para el año 2024. 42.14. Información a usuarios. El prestador no presenta documento solicitado. 42.15. Revisión del carro de paro. Cuenta con el documento CHEQUEO DEL DESFIBRILADOR Y VERIFICACIÓN DEL CARRO DE PARO, sin código Versión 2 Fecha Junio 2022. No se encuentra dentro de la temática a socializar para el año 2024. 42.16. Actividades de rehabilitación: fisioterapia, terapia ocupacional y terapia del lenguaje, que incluya los tipos de elementos e insumas requeridos para cada tipo de actividad, según se requiera. El prestador presenta PROTOCOLO DE ATENCIÓN EN FISIOTERAPIA Código PT-MICE-53 versión O del 2023, cuenta con documentos definidos respecto a la terapia respiratoria y física con los insumos requeridos para la prestación del servicio . Sin embargo no presentan documento, no se evidencia socialización para el año 2024.",,Visitas de verificación de la Secretaría de Salud Departamental del Cauca - Almaguer - Almaguer,Administrador,,,,,,,,30/Jun/2025,0 %,-150,,
No Conformidad,1692,Misionales,calidad,13/Mar/2025,Vencida,,"SERVICIO 130-HOSPITALIZACIÓN PEDIÁTRICA ESTANDAR- HISTORIA CLÍNICA Y REGISTROS 48. Cumple con los criterios que le sean aplicables de todos los servicios ver transversal de historia clinica, cuenta con historia clinica digital",,Visitas de verificación de la Secretaría de Salud Departamental del Cauca - Almaguer - Almaguer,Administrador,,,,,,,,30/Jun/2025,0 %,-150,,
No Conformidad,1693,Misionales,calidad,13/Mar/2025,Vencida,,"SERVICIO-312 ENFERMERIA Estándar de Dotación: 19.6. Martillo de reflejos. Cuenta con martillo de reflejos. 24.4. Oximetro. No cuenta con el equipo de este item. 24.5. Glucómetro. No cuenta con el equipo de este item. 24.6. Martillo de reflejos. No cuenta con el equipo de este item. 24.7. Termómetro, cuanto lo requiera. No cuenta con el equipo de este item. 24.8. Cinta métrica. No cuenta con el equipo de este item. 24.9. Báscula grado médico o pesa bebé, según la oferta del servicio. No cuenta con el equipo de este item. 25. El prestador de servicios de salud cuenta con la dotación necesaria para realizar los procedimientos documentados en el estándar de procesos prioritarios. En procesos prioritarios no describen la dotación necesaria para este servicio. Estándar de Medicamentos, Dispositivos médicos e insumos.",,Visitas de verificación de la Secretaría de Salud Departamental del Cauca - Almaguer - Almaguer,Administrador,,,,,,,,30/Jun/2025,0 %,-150,,
No Conformidad,1694,Misionales,calidad,13/Mar/2025,Vencida,,"SERVICIO-312 ENFERMERIA Estándar de de Medicamentos, Dispositivos e insumos Médicos 32. Cumple con los criterios que le sean aplicables de todos los servicios Cumple con los criterios que le sean aplicables de todos los servicios.",,Visitas de verificación de la Secretaría de Salud Departamental del Cauca - Almaguer - Almaguer,Administrador,,,,,,,,30/Jun/2025,0 %,-150,,
No Conformidad,1695,Misionales,calidad,13/Mar/2025,Vencida,,"SERVICIO-312 ENFERMERIA Estándar de Procesos Prioritarios: 35.1. Procedimientos que se pueden realizar, incluyendo aquellos que requieran anestesia local y no impliquen anestesia regional ni general. Presenta el listado de procedimiento que se ejecutan dentro de la parte asistencial por parte de los profesionales de enfermería para los servicios intramurales, para la prestación extramural no cuenta con documentado. 35.2.1. Preparación. Los documentos presentados por el prestador no cuentan con todas la especificaciones solicitadas. 35.2.2. Recomendaciones post procedimiento. Los documentos presentados por el prestador no cuentan con todas la especificaciones solicitadas. 35.2.3. Controles. Los documentos presentados por el prestador no cuentan con todas la especificaciones solicitadas. 35.2.4. Posibles complicaciones. Los documentos presentados por el prestador no cuentan con todas la especificaciones solicitadas.",,Visitas de verificación de la Secretaría de Salud Departamental del Cauca - Almaguer - Almaguer,Administrador,,,,,,,,30/Jun/2025,0 %,-150,,
No Conformidad,1696,Misionales,calidad,13/Mar/2025,Vencida,,"SERVICIO-312 ENFERMERIA ESTANDAR DE HISTORÍA CLÍNICA Y REGISTROS: 41. Cumple con los criterios que le sean aplicables de todos los servicios: Ver transversal de historia clinica, cuenta con historia clínica digital",,Visitas de verificación de la Secretaría de Salud Departamental del Cauca - Almaguer - Almaguer,Administrador,,,,,,,,30/Jun/2025,0 %,-150,,
No Conformidad,1697,Misionales,calidad,13/Mar/2025,Vencida,,"SERVICIO 328-MEDICINA GENERAL : Estándar de Dotación 24. Para la consulta externa de medicina general, cuenta con: 24.1. Fonendoscopio para adulto o pediátrico según la oferta del servicio. 24.2. Tensiómetro para adulto o pediátrico según la oferta del servicio. 24.3. Equipo de órganos de los sentidos. 24.4. Oximetro. 24.5. Glucómetro. 24.6. Martillo de reflejos. 24.7. Termómetro, cuanto lo requiera. 24.8. Cinta métrica. 24.9. Báscula grado médico o pesa bebé, según la oferta del servicio. 25. El prestador de servicios de salud cuenta con la dotación necesaria para realizar los procedimientos documentados en el estándar de procesos prioritarios.",,Visitas de verificación de la Secretaría de Salud Departamental del Cauca - Almaguer - Almaguer,Administrador,,,,,,,,30/Jun/2025,0 %,-150,,
No Conformidad,1698,Misionales,calidad,13/Mar/2025,Vencida,,"SERVICIO 328-MEDICINA GENERAL :Estándar de Medicamentos, Dispositivos médicos e insumos. 32. Cumple con los criterios que le sean aplicables de todos los servicios. No Cumple con los criterios que le sean aplicables de todos los servicios.",,Visitas de verificación de la Secretaría de Salud Departamental del Cauca - Almaguer - Almaguer,Administrador,,,,,,,,30/Jun/2025,0 %,-150,,
No Conformidad,1699,Misionales,calidad,13/Mar/2025,Vencida,,"SERVICIO 328-MEDICINA GENERAL : Estándar de Procesos Prioritarios. 35. Cumple con los criterios que le sean aplicables de todos los servicios y adicionalmente cuando se realicen procedimientos. cuenta con la siguiente información documentada: 35.1. Procedimientos que se pueden realizar, incluyendo aquellos que requieran anestesia local y no impliquen anestesia regional ni general. Presenta el listado de procedimiento que se ejecutan dentro de la parte asistencial por parte de los profesionales de medicina general para los servicios intramurales, para la prestación extramural no cuenta con documentado. 35.2. Información al paciente sobre: 35.2.1. Preparación. Los documentos presentados por el prestador no cuentan con todas la especificaciones solicitadas. 35.2.2. Recomendaciones post procedimiento. Los documentos presentados por el prestador no cuentan con todas la especificaciones solicitadas. 35.2.3. Controles. Los documentos presentados por el prestador no cuentan con todas la especificaciones solicitadas. 35.2.4. Posibles complicaciones. Los documentos presentados por el prestador no cuentan con todas la especificaciones solicitadas.",,Visitas de verificación de la Secretaría de Salud Departamental del Cauca - Almaguer - Almaguer,Administrador,,,,,,,,30/Jun/2025,0 %,-150,,
No Conformidad,1700,Misionales,calidad,13/Mar/2025,Vencida,,"Estandar de Historia clínica y registros MODALIDADES INTRAMURAL, EXTRAMURAL UNIDAD MÓVIL, JORNADA DE SALUD Y DOMICILIARIA 41. Cumple con los criterios que le sean aplicables de todos los servicios. ver transversal de historia clinica, cuenta con historia clinica digital.",,Visitas de verificación de la Secretaría de Salud Departamental del Cauca - Almaguer - Almaguer,Administrador,,,,,,,,30/Jun/2025,0 %,-150,,
No Conformidad,1701,Misionales,calidad,13/Mar/2025,Vencida,,"SERVICIO 334-ODONTOLOGÍA GENERAL Estándar de Dotación: 23.6. Instrumental básico definido por el prestador deacuerdo con la oferta del servicio (adultos o pediatria),la capacidad instalada, los procedimientos documentados en el estándar de procesos prioritarios y la técnica de esterilización numero de ciclos de esterilización al dia. En el estándar de procesos prioritarios no se evidencia documentado el instrumental deacuerdo a lo verificado, tampoco se evidencia la técnica de esterilización y número de ciclos de esterilización al día. 26.6. Instrumental básico estéril definido por el prestador de acuerdo con la oferta del servicio (adultos o pediatria), la capacidad instalada y los procedimientos documentados en elestándar de procesos prioritarios. En el estándar de procesos prioritarios no se evidencia documentado el instrumental de acuerdo a lo verificado, tampoco se evidencia la técnica de esterilización y número de ciclos de esterilización al día. 27. Cumple con los criterios que le sean aplicables de todos los servicios. Revisar estándar transversal.",,Visitas de verificación de la Secretaría de Salud Departamental del Cauca - Almaguer - Almaguer,Administrador,,,,,,,,30/Jun/2025,0 %,-150,,
No Conformidad,1702,Misionales,calidad,13/Mar/2025,Vencida,,"SERVICIO 334-ODONTOLOGÍA GENERAL Estándar de Medicamentos, Dispositivos Medicos e insumos 32. Cumple con los criterios que le sean aplicables de todos los servicios. No Cumple con los criterios que le sean aplicables de todos los servicios.",,Visitas de verificación de la Secretaría de Salud Departamental del Cauca - Almaguer - Almaguer,Administrador,,,,,,,,30/Jun/2025,0 %,-150,,
No Conformidad,1703,Misionales,calidad,13/Mar/2025,Vencida,,"SERVICIO 334-ODONTOLOGÍA GENERAL Estándar de Procesos Prioritarios 35.1. Procedimientos que se pueden realizar, incluyendo aquellos que requieran anestesia local y no impliquen anestesia regional ni general. El prestador no cuenta con documento donde se evidencia los requisitos para manejo deanestesia local, cuenta con anotaciones en los protocolos de procedimientos donde définieel manejo de la anestesia pero no describe las cantidades y riesgos posibles para el manejo y uso de los anestesico locales. 35.2. Información al paciente sobre: 35.2.1. Preparación. no cuenta con la información solicitada 35.2.2. Recomendaciones post procedimiento. no cuenta con la información solicitada 35.2.3. Controles. no cuenta con la información solicitada. 35.2.4. Posibles complicaciones. no cuenta con la información solicitada.",,Visitas de verificación de la Secretaría de Salud Departamental del Cauca - Almaguer - Almaguer,Administrador,,,,,,,,30/Jun/2025,0 %,-150,,
No Conformidad,1704,Misionales,calidad,13/Mar/2025,Vencida,,"SERVICIO 334-ODONTOLOGÍA GENERAL Estandar de Hist oria Clínica y registros. MODALIDADES INTRAMURAL, EXTRAMURAL UNIDAD MÓVIL, JORNADA DE SALUD Y DOMICILIARIA 41. Cumple con los criterios que le sean aplicables de todos los servicios. El prestador no cuenta con registros de consentimientos firmados por el paciente ni por el profesional, se evidencia espacios vacíos, en los registros de la historia clínica.",,Visitas de verificación de la Secretaría de Salud Departamental del Cauca - Almaguer - Almaguer,Administrador,,,,,,,,30/Jun/2025,0 %,-150,,
No Conformidad,1705,Misionales,calidad,13/Mar/2025,Vencida,,"SERVICIO 420-VACUNACIÓN Estándar de Talento Humano 1. Cumple con los criterios que le sean aplicables de todos los servicios y adicionalmente, cuenta con: 1.1. Profesional de la medicina o profesional de la enfermería. Se debe asignar un profesional de la Enfermería o de la medicina para la supervisión del personal auxiliar",,Visitas de verificación de la Secretaría de Salud Departamental del Cauca - Almaguer - Almaguer,Administrador,,,,,,,,30/Jun/2025,0 %,-150,,
No Conformidad,1706,Misionales,calidad,13/Mar/2025,Vencida,,"SERVICIO 420-VACUNACIÓN Estándar de Medicamentos, Dispositivos Médicos e Insumos: 8. Cumple con los criterios que le sean aplicables de todos los servicios y adicionalmente cuenta con: Si se presenta interrupción de la cadena de frio, el prestador de servicios de salud realiza notificación segun el procedimiento establecido por el Invima. No cumplen con los criterios que sean aplicables de todos los servicio, cuenta con protocolo de notificación si se presenta interrupción de la cadena de frío.",,Visitas de verificación de la Secretaría de Salud Departamental del Cauca - Almaguer - Almaguer,Administrador,,,,,,,,30/Jun/2025,0 %,-150,,
No Conformidad,1707,Misionales,calidad,13/Mar/2025,Vencida,,"SERVICIO 420-VACUNACIÓN Estándar de Procesos Prioritarios: 10. Cumple con los criterios que le sean aplicables de todos los servicios, la modalidad intramural y adicionalmente cuenta con: Si el prestador de servicios de salud administra la vacuna en un ambiente diferente al consultorio de vacunación cuenta con información documentada para el alistamiento de los biológicos para uso diario, así como la conservación de la cadena de frio. El prestador presenta documento denominado SALIDA EXTRAMURAL PT-MI-CE-25 Versión 03 Fecha enero 2024, el cual se identifica que el documento no cuenta con la descripción de alistamiento del biológicos y se deberá ampliar la conservación de la cadena frío ya que no se cuenta con la especificidad definida para la zona. El documento no se cuenta socializado ni programado dentro del plan de capacitación 2024.",,Visitas de verificación de la Secretaría de Salud Departamental del Cauca - Almaguer - Almaguer,Administrador,,,,,,,,30/Jun/2025,0 %,-150,,
No Conformidad,1708,Misionales,calidad,13/Mar/2025,Vencida,,"SERVICIO 344-PSICOLOGÍA: Estándar de Medicamentos, Dispositivos Médicos e Insumos: 32. Cumple con los criterios que le sean aplicables de todos los servicios. No Cumple con los criterios que le sean aplicables de todos los servicios.",,Visitas de verificación de la Secretaría de Salud Departamental del Cauca - Almaguer - Almaguer,Administrador,,,,,,,,30/Jun/2025,0 %,-150,,
No Conformidad,1709,Misionales,calidad,13/Mar/2025,Vencida,,"SERVICIO 706-LABORATORIO CLÍNICO: Estándar de Talento Humano: Modalidades intramural, extramural unidad móvil, jornada de salud y telemedicina - prestador remisor. 1. Cumple con los criterios que le sean aplicables de todos los servicios y adicionalmente, cuenta con: Ver Estándar transversal Talento Humano",,Visitas de verificación de la Secretaría de Salud Departamental del Cauca - Almaguer - Almaguer,Administrador,,,,,,,,30/Jun/2025,0 %,-150,,
No Conformidad,1710,Misionales,calidad,13/Mar/2025,Vencida,,SERVICIO 706-LABORATORIO CLÍNICO: Estándar de Infraestructura: 7. Cumple con los criterios que le sean aplicables de todos los servicios No cumple con todos los criterios aplicable a los servicios.,,Visitas de verificación de la Secretaría de Salud Departamental del Cauca - Almaguer - Almaguer,Administrador,,,,,,,,30/Jun/2025,0 %,-150,,
No Conformidad,1711,Gestión de Recursos,calidad,13/Mar/2025,Vencida,,"SERVICIO 706-LABORATORIO CLÍNICO: Estándar de Dotación: Modalidades intramural, extramural unidad móvil, jornada de salud, telemedicina - prestador remisor. 12. Cumple con los criterios que le sean aplicables de todos los servicios y adicionalmente, cuenta con: Revisar estándar transversal.",,Visitas de verificación de la Secretaría de Salud Departamental del Cauca - Almaguer - Almaguer,Administrador,,,,,,,,30/Jun/2025,0 %,-150,,
No Conformidad,1712,Gestión de Recursos,calidad,13/Mar/2025,Vencida,,"SERVICIO 706-LABORATORIO CLÍNICO Estándar de Medicamentos, Dispositivos Médicos e Insumos: Modalidades intramural, extramural unidad móvil, jornada de salud, telemedicina - prestador remisor. 14. Cumple con los criterios que le sean aplicables de todos los servicios y adicionalmente cuenta con: Medicamentos, dispositivos médicos e insumos requeridos para el procesamiento de las muestras, de acuerdo con las pruebas que realice. No Cumple con los criterios que le sean aplicables de todos los servicios, cuenta con Medicamentos, dispositivos médicos e insumos requeridos para el procesamiento de las muestras",,Visitas de verificación de la Secretaría de Salud Departamental del Cauca - Almaguer - Almaguer,Administrador,,,,,,,,30/Jun/2025,0 %,-150,,
No Conformidad,1713,Gestión de Calidad,calidad,13/Mar/2025,Vencida,,"SERVICIO 706-LABORATORIO CLÍNICO Estándar de Procesos Prioritarios: 16. Cumple con los criterios que le sean aplicables de todos los servicios y adicionalmente cuenta con la siguiente información documentada: No cumple con los criterios que le son aplicables de todos los servicios 16.1. Programa de control de calidad interno y externo, que contemple las pruebas realizadas. El prestador para la vigencia 2024 no ha participado en el control externo de calidad, presenta soporte de contratación desde el mes de octubre 2024, para la participación en el año 2023 no se observa soporte de las acciones tomadas de acuerdo a los resultados. 16.2. Validación secundaria o verificación. No se cuenta con la información solicitada en el momento de la visita. 16.3 Análisis de los reportes del control de calidad y toma de medidas preventivas y correctivas. Se observan registro de análisis a los reportes. No se evidencia toma de medidas preventivas y correctivas. 16.4. Toma, identificación, transporte, conservación, embalaje y remisión de las muestras, cuando aplique. El prestador cuenta con documento MA-MI-LA 13 Manual de toma, transporte, conservación y remisión de muestras de laboratorio clínico, la modalidad extramural no se encuentra documentada, se diligencia el formato registro y transporte de muestras de laboratorio FTMI-LA-103 no se cuenta con el diligenciamiento de todos los campos que permiten realizar la trazabilidad de las muestras, no cuentan con la trazabilidad de la temperatura de las muestras en la modalidad extramural. Para los analitos no procesados en la sede se diligencia el formato LX-TMS-RC-007 Registro remisión de muestras puntos de atención perteneciente al laboratorio de referencia. 16.6. Supervisión de la toma de muestras cuando sea realizada por los auxiliares, cuando aplique. La institución no presenta la información solicitada. 16.8. Control de calidad de las “pruebas en el punto de atención del paciente - (point of care testing -POCT)"", cuando aplique. El prestador no cuenta con controles de calidad para las pruebas de VIH, Sífilis, Dengue, Hepatitis B",,Visitas de verificación de la Secretaría de Salud Departamental del Cauca - Almaguer - Almaguer,Administrador,,,,,,,,30/Jun/2025,0 %,-150,,
No Conformidad,1714,Misionales,calidad,13/Mar/2025,Vencida,,"SERVICIO 706-LABORATORIO CLÍNICO Estándar de Historia Clínica y Registros: 18. Cumple con los criterios que le sean aplicables de todos los servicios y adicionalmente cuenta con: No cumple con los criterios que le son aplicables a todos los servicios. 18.1. Registro de pacientes, exámenes solicitados y pruebas realizadas. El prestador cuenta con formato de registro recepción de muestras por servicio PM-FR-03- 06, registro no implementado en la sede. 18.3. Registro de validación secundaria o verificación. El prestador no presenta la información solicitada 18.6. Registro de control de calidad interno y externo. Cuenta con registros y análisis del control interno, para el control externo en el año 2024 n tiene ninguna participación en el programa. 18.7. Registro de control de calidad de las “pruebas en el punto de atención del paciente - (point of care testing - POCTY”, cuando aplique. El prestador no cuenta con controles de calidad para las pruebas de VIH, Sífilis, Dengue, Hepatitis.",,Visitas de verificación de la Secretaría de Salud Departamental del Cauca - Almaguer - Almaguer,Administrador,,,,,,,,30/Jun/2025,0 %,-150,,
No Conformidad,1715,Misionales,calidad,13/Mar/2025,Vencida,,SERVICIO 712-TOMA DE MUESTRAS DE LABORATORIO CLINICO: Estándar de Talento Humano: 1. Cumple con los criterios que le sean aplicables de todos los servicios y adicionalmente cuenta con: Ver Estándar transversal Talento Humano.,,Visitas de verificación de la Secretaría de Salud Departamental del Cauca - Almaguer - Almaguer,Administrador,,,,,,,,30/Jun/2025,0 %,-150,,
No Conformidad,1716,Misionales,calidad,13/Mar/2025,Vencida,,"SERVICIO 712-TOMA DE MUESTRAS DE LABORATORIO CLINICO:Estándar de Infraestructura: Modalidad intramural 3. Cumple con los criterios que le sean aplicables de todos los servicios y adicionalmente, No cumple con todos los criterios aplicable a los servicios.",,Visitas de verificación de la Secretaría de Salud Departamental del Cauca - Almaguer - Almaguer,Administrador,,,,,,,,30/Jun/2025,0 %,-150,,
No Conformidad,1717,Gestión de Recursos,calidad,13/Mar/2025,Vencida,,"SERVICIO 712-TOMA DE MUESTRAS DE LABORATORIO CLINICO:Estándar de Dotación: Modalidades intramural, extramural unidad móvil, jornada de salud y domiciliaria 7. Cumple con los criterios que le sean aplicables de todos los servicios y adicionalmente cuenta con: Revisar estándar transversal. Equipos biomédicos necesarios, según las muestras que se tomen, de acuerdo con lo documentado en el estándar de procesos prioritarios. No cuenta con la documentación donde se describan los equipos necesarios para la prestación del servicio.",,Visitas de verificación de la Secretaría de Salud Departamental del Cauca - Almaguer - Almaguer,Administrador,,,,,,,,30/Jun/2025,0 %,-150,,
No Conformidad,1718,Misionales,calidad,13/Mar/2025,Vencida,,"SERVICIO 712-TOMA DE MUESTRAS DE LABORATORIO CLINICO: Estandar de Medicamentos, Dispositivos Médicos e insumos: 8. Cumple con los criterios que le sean aplicables de todos los servicios y adicionalmente cuenta con: No cumple con los criterios que le sean aplicables de todos los servicios",,Visitas de verificación de la Secretaría de Salud Departamental del Cauca - Almaguer - Almaguer,Administrador,,,,,,,,30/Jun/2025,0 %,-150,,
No Conformidad,1719,Misionales,calidad,13/Mar/2025,Vencida,,"SERVICIO 712-TOMA DE MUESTRAS DE LABORATORIO CLINICO Estándar de Procesos Prioritarios: 9. Cumple con los criterios que le sean aplicables de todos los servicios y adicionalmente, cuenta con la siguiente información documentada: No cumple con los criterios que le son aplicables a todos los servicios 9.3. Supervisión de la toma de muestras cuando sea realizada por los auxiliares. El prestador no presenta la información solicitada, se indica que en los servicios de urgencias y hospitalización son tomadas por el personas de estos servicios . 9.4, Procedimiento y condiciones para la toma de muestras en la modalidad extramural cuando se realicen. El prestador cuenta con documento MA-MI-LA 13 Manual de toma, transporte, conservación y remisión de muestras de laboratorio clínico, la modalidad extramural no se encuentra documentada, se diligencia el formato registro y transporte de muestras de laboratorio FTMI-LA-103 no se cuenta con el diligenciamiento de todos los campos que permiten realizar la trazabilidad de las muestras, no cuentan con la trazabilidad de la temperatura de las muestras en la modalidad extramural.",,Visitas de verificación de la Secretaría de Salud Departamental del Cauca - Almaguer - Almaguer,Administrador,,,,,,,,30/Jun/2025,0 %,-150,,
No Conformidad,1720,Misionales,calidad,13/Mar/2025,Vencida,,SERVICIO 712-TOMA DE MUESTRAS DE LABORATORIO CLINICO Estándar de Historia Clínica y Registros 10. Cumple con los criterios que le sean aplicables de todos los servicios y adicionalmente cuenta con: No cumple con los criterios que le son aplicables a todos los servicios,,Visitas de verificación de la Secretaría de Salud Departamental del Cauca - Almaguer - Almaguer,Administrador,,,,,,,,30/Jun/2025,0 %,-150,,
No Conformidad,1721,Gestión de Recursos,calidad,13/Mar/2025,Vencida,,"SERVICIO 714-SERVICIO FARMACEUTICO: Estándar de Infraestructura: 4, Cumple con los criterios que le sean aplicables de todos los servicios. No cumple con los criterios que le sean aplicables de todos los servicios.",,Visitas de verificación de la Secretaría de Salud Departamental del Cauca - Almaguer - Almaguer,Administrador,,,,,,,,30/Jun/2025,0 %,-150,,
No Conformidad,1722,Gestión de Recursos,calidad,13/Mar/2025,Vencida,,"SERVICIO 714-SERVICIO FARMACEUTICO:Estándar de Medicamentos, Dispositivos Médicos e Insumos: 11. Cumple con los criterios que le sean aplicables de todos los servicios. No cumple con los criterios que le sean aplicables de todos los servicios.",,Visitas de verificación de la Secretaría de Salud Departamental del Cauca - Almaguer - Almaguer,Administrador,,,,,,,,30/Jun/2025,0 %,-150,,
No Conformidad,1723,Misionales,calidad,13/Mar/2025,Vencida,,"SERVICIO 714-SERVICIO FARMACEUTICO:Estándar de Procesos Prioritarios: 15. Cumple con los criterios que le sean aplicables de todos los servicios y adicionalmente cuenta con la siguiente información documentada: Verificar transversal 15.1. Procesos generales que realice, elaborado por el responsable del servicio. No cuenta con los procesos acorde a los servicios prestados.",,Visitas de verificación de la Secretaría de Salud Departamental del Cauca - Almaguer - Almaguer,Administrador,,,,,,,,30/Jun/2025,0 %,-150,,
No Conformidad,1724,Misionales,calidad,13/Mar/2025,Vencida,,SERVICIO 714-SERVICIO FARMACEUTICO:Estándar de Historias Clínicas y Registros: 19. Cumple con los criterios que le sean aplicables de todos los servicios. No cumple con los criterios que le son aplicables a todos los servicios.,,Visitas de verificación de la Secretaría de Salud Departamental del Cauca - Almaguer - Almaguer,Administrador,,,,,,,,30/Jun/2025,0 %,-150,,
No Conformidad,1725,Gestión de Recursos,calidad,13/Mar/2025,Vencida,,"SERVICIO 739-FISIOTERAPIA: Estándar de Dotación: 21. El consultorio donde se realicen procedimientos cuenta con la dotación mínima definida para el consultorio donde se realice examen físico y adicionalmente cuenta con la dotación necesaria para realizar los procedimientos documentados en el estándar de procesos prioritarios. Cuenta con protocolos para la atención, pero se evidencia que la dotación no están en concordancia según lo estipulado en el estándar de procesos prioritarios.",,Visitas de verificación de la Secretaría de Salud Departamental del Cauca - Almaguer - Almaguer,Administrador,,,,,,,,30/Jun/2025,0 %,-150,,
No Conformidad,1726,Gestión de Recursos,calidad,13/Mar/2025,Vencida,,"SERVICIO 739-FISIOTERAPIA:Estándar de Medicamentos, dispositivos Médicos e Insumos: 32. Cumple con los criterios que le sean aplicables de todos los servicios. cumple con los criterios que le sean aplicables de todos los servicios.",,Visitas de verificación de la Secretaría de Salud Departamental del Cauca - Almaguer - Almaguer,Administrador,,,,,,,,30/Jun/2025,0 %,-150,,
No Conformidad,1727,Misionales,calidad,13/Mar/2025,Vencida,,SERVICIO 739-FISIOTERAPIA: Estándar de Historia clínica y registros: 41. Cumple con los criterios que le sean aplicables de todos los servicios. El criterio no aplica para el servicio ofertado por el prestador.,,Visitas de verificación de la Secretaría de Salud Departamental del Cauca - Almaguer - Almaguer,Administrador,,,,,,,,30/Jun/2025,0 %,-150,,
No Conformidad,1728,Gestión de Talento Humano,calidad,13/Mar/2025,Vencida,,"SERVICIO 744-IMÁGENES DIAGNOSTICAS- IONIZANTES: Estándar de Talento Humano: 1. Cumple con los criterios que le sean aplicables de todos los servicios y adicionalmente, Ver Estándar transversal Talento Humano",,Visitas de verificación de la Secretaría de Salud Departamental del Cauca - Almaguer - Almaguer,Administrador,,,,,,,,30/Jun/2025,0 %,-150,,
No Conformidad,1729,Gestión de Recursos,calidad,13/Mar/2025,Vencida,,SERVICIO 744-IMÁGENES DIAGNOSTICAS- IONIZANTES: Estandár de Infraestructura: 8. Cumple con los criterios que le sean aplicables de todos los servicios Cuenta con: No cumple con todos los criterios aplicable a los servicios.,,Visitas de verificación de la Secretaría de Salud Departamental del Cauca - Almaguer - Almaguer,Administrador,,,,,,,,30/Jun/2025,0 %,-150,,
No Conformidad,1730,Gestión de Recursos,calidad,13/Mar/2025,Vencida,,"SERVICIO 744-IMÁGENES DIAGNOSTICAS- IONIZANTES:Estándar de Dotación: 18. Cumple con los criterios que le sean aplicables de todos los servicios y adicionalmente, Revisar estándar transversal. 19.2. Pantalla o monitor grado médico para imágenes radiológicas. Cuenta con pantalla grado médico",,Visitas de verificación de la Secretaría de Salud Departamental del Cauca - Almaguer - Almaguer,Administrador,,,,,,,,30/Jun/2025,0 %,-150,,
No Conformidad,1731,Misionales,calidad,13/Mar/2025,Vencida,,"SERVICIO 744-IMÁGENES DIAGNOSTICAS- IONIZANTES:Estándar de Procesos Prioritarios: 28. Cumple con los criterios que le sean aplicables de todos los servicios y adicionalmente, cuenta con la siguiente información documentada: El prestador no cumple con los criterios que sean aplicables a todos los servicios.",,Visitas de verificación de la Secretaría de Salud Departamental del Cauca - Almaguer - Almaguer,Administrador,,,,,,,,30/Jun/2025,0 %,-150,,
No Conformidad,1732,Misionales,calidad,13/Mar/2025,Vencida,,"SERVICIO 744-IMÁGENES DIAGNOSTICAS- IONIZANTES:Estandar de Historia Clínica y Registros 33. Cumple con los criterios que le sean aplicables de todos los servicios y adicionalmente, cuenta con los siguientes registros: El prestador no cumple con los criterios que le sean aplicables de todos los servicios .",,Visitas de verificación de la Secretaría de Salud Departamental del Cauca - Almaguer - Almaguer,Administrador,,,,,,,,30/Jun/2025,0 %,-150,,
No Conformidad,1733,Gestión de Talento Humano,calidad,13/Mar/2025,Vencida,,"SERVICIO 748-RADIOLOGIA ODONTOLOGICA: ESTANDAR DE TALENTO HUMANO: 1.Cumple con los criterios que le sean aplicables de todos los servicios y adicionalmente, cuenta con: profesional de odontología e imágenes diagnósticas, o técnico profesional o auxiliar de odontología o auxiliar en salud oral o auxiliar de higiene oral. Ver Estándar transversal Talento Humano. Cuenta con Profesionales de odontología, con Curso Protección Radiológica",,Visitas de verificación de la Secretaría de Salud Departamental del Cauca - Almaguer - Almaguer,Administrador,,,,,,,,30/Jun/2025,0 %,-150,,
No Conformidad,1734,Gestión de Recursos,calidad,13/Mar/2025,Vencida,,SERVICIO 748-RADIOLOGIA ODONTOLOGICA:Estándar de infraestructura: 5. Cumple con los criterios que le sean aplicables de todos los servicios y adicionalmente cuenta con profesional de la salud que atiende a distancia. No cumple con todos los criterios aplicable a los servicios. 6.Cumple con los criterios que le sean aplicables de todos los servicios y adicionalmente cuenta con: No cumple con todos los criterios aplicable a los servicios,,Visitas de verificación de la Secretaría de Salud Departamental del Cauca - Almaguer - Almaguer,Administrador,,,,,,,,30/Jun/2025,0 %,-150,,
No Conformidad,1735,Gestión de Recursos,calidad,13/Mar/2025,Vencida,,"SERVICIO 748-RADIOLOGIA ODONTOLOGICA Estándar de Dotación: 10. Cumple con los criterios que le sean aplicables de todos los servicios y adicionalmente, cuenta con: Revisar estándar transversal.:",,Visitas de verificación de la Secretaría de Salud Departamental del Cauca - Almaguer - Almaguer,Administrador,,,,,,,,30/Jun/2025,0 %,-150,,
No Conformidad,1736,Gestión de Recursos,calidad,13/Mar/2025,Vencida,,"SERVICIO 748-RADIOLOGIA ODONTOLOGICA estandar de Medicamentos, DispositivosMédirns e insumos 14. Cumple con los criterios que le sean aplicables de todos los servicios. No cumple con los criterios que le sean aplicables de todos los servicios.",,Visitas de verificación de la Secretaría de Salud Departamental del Cauca - Almaguer - Almaguer,Administrador,,,,,,,,30/Jun/2025,0 %,-150,,
No Conformidad,1737,Misionales,calidad,13/Mar/2025,Vencida,,"SERVICIO 748-RADIOLOGIA ODONTOLOGICA estandar de procesos Prioritarios: 15. Cumple con los criterios que le sean aplicables de todos los servicios y adicionalmente cuenta con la siguiente información documentada: El prestador no cumple con los criterios que le sean aplicables de todos los servicios 15.3. verificación de la adherencia a los procedimientos realizados en la instalación y cualquier otra consideración sobre la protección radiológica de la instalación No cuenta con la información solicitada, no cuenta con adherencia a acciones realizadas sobre la protección radiológica de la instalación. para el servicio ofertado. 15.4. Realización y supervisión de toma de radiografias odontológicas cuando no sea realizada por el odontólogo, que incluya como mínimo la calidad de la imagen y radioprotección. No cuenta con registros de toma de radiografía para realizar el control de calidad 15.5. Interpretación y lectura de las radiografías odontológicas por parte del Odontólogo. El prestador no cuenta con los registros de fácil acceso para la lectura de las tomas de radiografias odontológicas.",,Visitas de verificación de la Secretaría de Salud Departamental del Cauca - Almaguer - Almaguer,Administrador,,,,,,,,30/Jun/2025,0 %,-150,,
No Conformidad,1738,Misionales,calidad,13/Mar/2025,Vencida,,"SERVICIO 748-RADIOLOGIA ODONTOLOGICA estandar de historías clínicas 18. Cumple con los criterios que le sean aplicables de todos los servicios y adicionalmente, cuenta con los siguientes registros: El criterio no cumple con los criterios que sean aplicables a todos los servicios. 18.1. Número de exposiciones, e imágenes tomadas que incluya el nombre del paciente, y nombre del estudio realizado. En visita no se evidencia registros de número de exposiciones de radiografías, no se evidencia registros de nombres de pacientes o del estudio realizado. ,18.3. Número de estudios rechazados de acuerdo a la tecnología empleada. El prestador no cuenta con registros de estudios rechazados de acuerdo a la tecnología usada",,Visitas de verificación de la Secretaría de Salud Departamental del Cauca - Almaguer - Almaguer,Administrador,,,,,,,,30/Jun/2025,0 %,-150,,
No Conformidad,1739,Gestión de Talento Humano,calidad,13/Mar/2025,Vencida,,SERVICIO 749-TOMA DE MUESTRAS DE CUELLO UTERINO Y GINECOLOGICAS: Estándar de Talento Humano: 1. Cumple con los criterios que le sean aplicables de todos los servicios y adicionalmente cuenta con: Ver Estándar transversal Talento Humano,,Visitas de verificación de la Secretaría de Salud Departamental del Cauca - Almaguer - Almaguer,Administrador,,,,,,,,30/Jun/2025,0 %,-150,,
No Conformidad,1740,Gestión de Recursos,calidad,13/Mar/2025,Vencida,,SERVICIO 749-TOMA DE MUESTRAS DE CUELLO UTERINO Y GINECOLOGICAS: Estándar de Infraestructura: 3. Cumple con los criterios que le sean aplicables de todos los servicios y adicionalmente cuenta con: No cumple con todos los criterios aplicable a los servicios.,,Visitas de verificación de la Secretaría de Salud Departamental del Cauca - Almaguer - Almaguer,Administrador,,,,,,,,30/Jun/2025,0 %,-150,,
No Conformidad,1741,Gestión de Recursos,calidad,13/Mar/2025,Vencida,,SERVICIO 749-TOMA DE MUESTRAS DE CUELLO UTERINO Y GINECOLOGICAS: Estándar de Dotación: 6. Cumple con los criterios que le sean aplicables de todos los servicios y adicionalmente cuenta con: Revisar estándar transversal.,,Visitas de verificación de la Secretaría de Salud Departamental del Cauca - Almaguer - Almaguer,Administrador,,,,,,,,30/Jun/2025,0 %,-150,,
No Conformidad,1742,Misionales,calidad,13/Mar/2025,Vencida,,"SERVICIO 749-TOMA DE MUESTRAS DE CUELLO UTERINO Y GINECOLOGICAS: Estándar de Medicamentos, Dispositivos Médicos e Insumos: 7. Cumple con los criterios que le sean aplicables de todos los servicios y adicionalmente cuenta con: No cumple con los criterios que le sean aplicables de todos los servicios",,Visitas de verificación de la Secretaría de Salud Departamental del Cauca - Almaguer - Almaguer,Administrador,,,,,,,,30/Jun/2025,0 %,-150,,
No Conformidad,1743,Misionales,calidad,13/Mar/2025,Vencida,,"SERVICIO 749-TOMA DE MUESTRAS DE CUELLO UTERINO Y GINECOLOGICAS: Estándar de Procesos Prioritarios: 8. Cumple con los criterios que le sean aplicables de todos los servicios y adicionalmente, cuenta con la siguiente información documentada: No cumplen con los criterios que le son aplicables de todos los servicios 8.4. Control de calidad. No cuenta con la información documentada.",,Visitas de verificación de la Secretaría de Salud Departamental del Cauca - Almaguer - Almaguer,Administrador,,,,,,,,30/Jun/2025,0 %,-150,,
No Conformidad,1744,Misionales,calidad,13/Mar/2025,Vencida,,SERVICIO 749-TOMA DE MUESTRAS DE CUELLO UTERINO Y GINECOLOGICAS: Estandar de historía clínica y procesos prioritarios 9. Cumple con los criterios que le sean aplicables de todos los servicios y adicionalmente cuenta con los siguientes registros: No cumplen con los criterios que le son aplicables de todos los servicios. 9.4. Análisis del control de calidad y de las medidas preventivas y correctivas. No cuenta con la información documentada.,,Visitas de verificación de la Secretaría de Salud Departamental del Cauca - Almaguer - Almaguer,Administrador,,,,,,,,30/Jun/2025,0 %,-150,,
No Conformidad,1745,Gestión de Talento Humano,calidad,13/Mar/2025,Vencida,,"SERVICIO— 1101-ATENCIÓN DEL PARTO: Estándar de Talento Humano 1. Cumple con los criterios que le sean aplicables de todos los servicios y adicionalmente, cuenta con: Ver Estándar transversal Talento Humano",,Visitas de verificación de la Secretaría de Salud Departamental del Cauca - Almaguer - Almaguer,Administrador,,,,,,,,30/Jun/2025,0 %,-150,,
No Conformidad,1746,Gestión de Recursos,calidad,13/Mar/2025,Vencida,,"SERVICIO— 1101-ATENCIÓN DEL PARTO: Estándar de Infraestructura: 9. Cumple con los criterios que le sean aplicables de todos los servicios y adicionalmente cuenta con: No cumple con todos los criterios aplicable a los servicios. 11.2. Sistema de vacio. Cuenta con sistema de vacio, pero la red no se encuentran funcionamiento Barrera física móvil o fija entre camillas que permite fácil limpieza y desinfección y la privacidad del paciente, cuando exista más de una camilla. No cuenta con barrera física móvil ni fija entre camillas. 12.2. Sistema de vacio. Cuenta con sistema de vacío, pero la red no se encuentran funcionamiento.",,Visitas de verificación de la Secretaría de Salud Departamental del Cauca - Almaguer - Almaguer,Administrador,,,,,,,,30/Jun/2025,0 %,-150,,
No Conformidad,1747,Misionales,calidad,13/Mar/2025,Vencida,,"SERVICIO— 1101-ATENCIÓN DEL PARTO:Estándar de Medicamentos, Dispositivos Médicos e insumos: 24 Cumple con los criterios que le sean aplicables de todos los servicios y adicionalmente cuenta con: No cumple con los criterios que le sean aplicables de todos los servicios. 24.1. Catéteres para vena umbilical. No cuenta con Catéteres para vena umbilical. 25.1. Catéteres para vena umbilical. No cuenta con Catéteres para vena umbilical.",,Visitas de verificación de la Secretaría de Salud Departamental del Cauca - Almaguer - Almaguer,Administrador,,,,,,,,30/Jun/2025,0 %,-150,,
No Conformidad,1748,Misionales,calidad,13/Mar/2025,Vencida,,"SERVICIO— 1101-ATENCIÓN DEL PARTO:Estándar de Procesos Prioritarios: 27. Cumple con los criterios que le sean aplicables de todos los servicios y adicionalmente cuenta con la siguiente información documentada: Ver transversal de procesos prioritarios. 27.1. Atención del parto. La ESE cuenta con documento disminuir los riesgos de enfermedad y muerte de la mujer y el recién nacido y optimizar el pronóstico de los mismo durante todas las etapas del parto, iniciando con la admisión de la paciente en el triage de urgencias adulto en el cual se realizaun evaluación completa de la gestante, al momento de la verificación se constató que elpersonal encargado de realizar el triage obstétrico y de atención del parto no cuenta con capacitaciones en manejo de eventos obstétricos, no tienen acceso a herramientas como listas de chequeo, criterios de triage obstétrico, escala de alerta temprana, lo descritoevidencia un riesgo latente en la prestación en la seguridad materna, por lo que se deben tomar acciones inmediatas de mejora. 27.3. Manejo de complicaciones intraparto e instrumentación. La ESE cuenta con documento protocolo parto instrumentado y protocolo de código rojo de los cuales se cuenta con soporte de socialización de protocolo de código rojo, pese a eso al momento de la verificación médico de turno del día 30 de septiembre y médica del 1 de octubre manifestaron que no han recibido capacitación relacionada con los eventos obstétricos en la institución. 27.4. Atención al recién nacido que incluya: No cuenta con todos los criterios. 27.4.4. Criterios de remisión. No se cuenta con la información documentada. 27.4.5. Vacunación. La ESE cuenta con documento PT-MI-PP-07 vacunación del recién nacido el cual tiene como objetivo garantizar el inicio del esquema vacunal del recién nacido, mediante la aplicación de las vacunas anti hepatitis b BCG no se cuenta con soporte de socialización de dicho documento.",,Visitas de verificación de la Secretaría de Salud Departamental del Cauca - Almaguer - Almaguer,Administrador,,,,,,,,30/Jun/2025,0 %,-150,,
No Conformidad,1749,Misionales,calidad,13/Mar/2025,Vencida,,"SERVICIO— 1101-ATENCIÓN DEL PARTO Estándar de Historia Clínica y Registros: 30. Cumple con los criterios que le sean aplicables de todos los servicios y adicionalmente cuenta con partograma para toda materna en trabajo de parto. Ver transversal de historia clinica, cuenta con historia clínica digital que incluye partograma.",,Visitas de verificación de la Secretaría de Salud Departamental del Cauca - Almaguer - Almaguer,Administrador,,,,,,,,30/Jun/2025,0 %,-150,,
No Conformidad,1750,Gestión de Talento Humano,calidad,13/Mar/2025,Vencida,,SERVICIO 1102-URGENCIAS: Estándar de Talento Humano: 1. Cumple con los criterios que le sean aplicables de todos los servicios y adicionalmente cuenta con: Ver Estándar transversal Talento Humano.,,Visitas de verificación de la Secretaría de Salud Departamental del Cauca - Almaguer - Almaguer,Administrador,,,,,,,,30/Jun/2025,0 %,-150,,
No Conformidad,1751,Gestión de Recursos,calidad,13/Mar/2025,Vencida,,"SERVICIO 1102-URGENCIAS: Estándar de Infraestructura: 18. Cumple con los criterios que le sean aplicables de todos los servicios y adicionalmente cuenta con: No cumple con todos los criterios aplicable a los servicios. 18.2. Unidades sanitarias discriminadas por sexo. De las cuales mínimo una (1) unidad sanitaria discriminada por sexo, es apta para personas con movilidad reducida. Cuenta con unidades sanitarias discriminadas por sexo para movilidad reducidad 18.4. Ambiente para descontaminación de pacientes, con ducha teléfono y sistema de drenaje. Cuenta con ambiente para descontaminación de pacientes, con ducha teléfono y sistema de drenaje. 18.5. Consultorios con lavamanos., Al menos uno de los consultorios cuenta con unidad sanitaria el cual no requiere lavamanos adicional. Cuenta con consultorios con unidad sanitaria. 18.7. Estación de enfermería. Le falta ambiente sucio en la estación de enfermería. 18.13. Ambiente de aislamiento. Cuenta con ambiente para aislamiento. 18.14.1 Mesdn de trabajo con poceta. Cuenta con meson de trabajo con poceta. 18.14.2. Lavamanos. Cuenta con lavamanos. 18.15.1. Estación de enfermería que puede compartirse con la sala de observación pediátrica. Falta cuarto sucio. 18.15.2. Baño discriminado por sexo con ducha teléfono. Cuenta con baño discriminado por sexo. 18.15.4. Sistema de llamado de enfermeria por camilla de observación y en los baños. Cuenta con sistema de llamado de enfermería. 18.16.1. Estación de enfermería que (puede compartirse con la sala de observación adultos. No tiene cuarto sucio. 18.16.2. Baño con ducha teléfono y área acondicionada para batiar y vestir los lactantes. Cuenta con baño con ducha teléfono. 18.16.4. Sistema de llamado de enfermería por camilla de observación y en los baños Cuenta con sistema de llamado de enfermería.",,Visitas de verificación de la Secretaría de Salud Departamental del Cauca - Almaguer - Almaguer,Administrador,,,,,,,,30/Jun/2025,0 %,-150,,
No Conformidad,1752,Gestión de Recursos,calidad,13/Mar/2025,Vencida,,"SERVICIO 1102-URGENCIAS: Estándar de Dotación: 22. Cumple con los criterios que le sean aplicables de todos los servicios y adicionalmente cuenta con: Revisar estándar transversal. 22.3. Elementos para sujeción física para pacientes adultos y pediátricos. No cuenta con elementos para sujeción física para pacientes adultos y pediátricos. 22.4. Equipo de toracostomia, No cuenta con equipo de toracostomía. 22.8. Bomba de infusión. No cuenta con bomba de infusión. 23. Consultorio de urgencias, que cuenta con: No cuentan con consultorio de urgencias. 23.1. Camilla con estribos, cuando se requiera. No cuentan con consultorio de urgencias. 23.2. Tensiómetro adulto y pediatrico. No cuentan con consultorio de urgencias. 23.3. Fonendoscopio adulto y pediátrico. No cuentan con consultorio de urgencias. 23.4. Termómetro. No cuentan con consultorio de urgencias. 23.5. Báscula grado médico. No cuentan con consultorio de urgencias. 23.6. Báscula para bebé cuando se requiera. No cuentan con consultorio de urgencias. 23.7. Cinta métrica. No cuentan con consultorio de urgencias. 23.8. Martillo de reflejos. No cuentan con consultorio de urgencias. 23.9. Equipo de órganos de los sentidos. No cuentan con consultorio de urgencias. 24.4. Dotación requerida conforme con lo documentado en el estándar de procesos prioritarios. En el estándar de procesos prioritarios no describe la dotación requerida para el servicio 24.5. Oxigeno medicinal que puede ser suministrado mediante salida de oxigeno medicinal o mediante oxigeno medicinal portátil No cuenta con oxígeno medicinal. 24.6. Succión. Puede ser suministrado mediante sistema de vacio o mediante aspirador No cuenta con succión. 25. Sala de reanimación que cuenta con: No cuenta con sala de reanimación. 26.2. Dotación requerida conforme con lo documentado en el estándar de procesos prioritarios. En el estándar de procesos prioritarios no describe la dotación requerida para el servicio 27. Ambiente de transición que cuenta con: No cuenta con ambiente transición. 27.1. Silla reclinable escualizable. Cuenta con silla reclinable. 28. Sala de reanimación, que cuenta con: No cuenta con sala de reanimación. 28.2. Mesa auxiliar rodante. No cuenta con mesa auxiliar rodante. 28.4. Monitor de signos vitales con accesorios adultos o pediátricos que cuenta como mínimo con: No cuenta con monitor. 28.4.1. Trazado electrocardiográfico No cuenta con monitor. 28.4.2. Presión no invasiva No cuenta con monitor. 28.4.3. Saturación de oxigeno No cuenta con monitor. 28.4.4. Temperatura No cuenta con monitor. 28.6. Lámpara o fuente de iluminación móvil o fija. Cuenta con lámparA.",,Visitas de verificación de la Secretaría de Salud Departamental del Cauca - Almaguer - Almaguer,Administrador,,,,,,,,30/Jun/2025,0 %,-150,,
No Conformidad,1753,Misionales,calidad,13/Mar/2025,Vencida,,"SERVICIO 1102-URGENCIAS: Estandar de Medicamentos, Dispositivos Medicos e Insumos : 34. Cumple con los Criterios que le sean aplicables de todos los servicios y adicionalmente cuenta con: No cumple con los criterios que le sean aplicables de todos los servicios",,Visitas de verificación de la Secretaría de Salud Departamental del Cauca - Almaguer - Almaguer,Administrador,,,,,,,,30/Jun/2025,0 %,-150,,
No Conformidad,1754,Misionales,calidad,13/Mar/2025,Vencida,,"SERVICIO 1102-URGENCIAS: estandar de historia clínica y registros 39. Cumple con los criterios que le sean aplicables de todos ,los servicios. ver transversal de historía clínica",,Visitas de verificación de la Secretaría de Salud Departamental del Cauca - Almaguer - Almaguer,Administrador,,,,,,,,30/Jun/2025,0 %,-150,,
No Conformidad,1755,Misionales,calidad,13/Mar/2025,Vencida,,"SERVICIO 1103-TRANSPORTE ASISTENCIAL BASICO - AMBULANCIA OEU782: 1. Cumple con los criterios que le sean aplicables de todos los servicios y adicionalmente, cuenta con: Ver Estándar transversal Talento Humano 1.1. Tecnólogo en atención prehospitalaria o técnico profesional en atención prehospitalaria o auxiliar en enfermerla, en cualquier caso, cuenta con constancia de asistencia en las acciones de formación continua en soporte vital básico. Disponibilidad de auxiliares de enfermería constancia de asistencia en las acciones de formación continua en soporte vital básico. 1.2. Conductor que cuenta con licencia para la conducción del respectivo vehlculo, expedida por la autoridad competente y adicionalmente cuenta con constancia de asistencia en las acciones de formación continua en primeros auxilios o de primer respondiente.",,Visitas de verificación de la Secretaría de Salud Departamental del Cauca - Almaguer - Almaguer,Administrador,,,,,,,,30/Jun/2025,0 %,-150,,
No Conformidad,1756,Misionales,calidad,13/Mar/2025,Vencida,,"SERVICIO 1103-TRANSPORTE ASISTENCIAL BASICO - AMBULANCIA OEU782: ESTANDAR DE INFRAESTRUCTURA: Cuenta con conductores con licencia para la conducción del respectivo vehículo, expedida por la autoridad competente. No todo el personal conductor cuenta con constancia de asistencia en las acciones de formación continua en primeros auxilios o de primer respondiente. 12.2. Disponibilidad de área o ambiente para realizar el proceso de aseo, limpieza y desinfección de los vehrculos. Cuando el prestador de servicios de salud contrate el proceso de aseo, limpieza y desinfección de los vehículos con un tercero, cuenta con un contrato, o convenio o acuerdo escrito entre las partes. Para este caso el tercero cuenta con los permisos correspondientes expedidos por la autoridad sanitaria y ambiental para tal fin. No cuenta con área para el lavado de las ambulacias 15.11. Lámpara desmontable que permita su utilización a distancia del vehlculo. No se evidencia lampara desmontable dentro del vehiculo. 16.2. Sistema de telecomunicaciones de doble vía, asignado exclusivamente a la ambulancia, que le permita establecer contacto con su central, base o red de coordinación. Cuenta con sistema de comunicación pero no es exclusivo de la ambulancia. 17.2. Chalecos reflectivos para la tripulación. No se evidencian chalecos reflectivos dentro del vehiculo.",,Visitas de verificación de la Secretaría de Salud Departamental del Cauca - Almaguer - Almaguer,Administrador,,,,,,,,30/Jun/2025,0 %,-150,,
No Conformidad,1757,Gestión de Recursos,calidad,13/Mar/2025,Vencida,,"SERVICIO 1103-TRANSPORTE ASISTENCIAL BASICO - AMBULANCIA OEU782: Estándar de Dotación: 31.23. Resucitador pulmonar manual. No cuenta con resucitador pulmonar manual. Estándar de Medicamentos, Dispositivos Médicos e Insumos: 36. Cumple con los criterios que le sean aplicables de todos los servicios y adicionalmente el prestador define los medicamentos, dispositivos médicos e insumas requeridos de acuerdo con lo documentado en el estándar de procesos prioritarios. No cumple con los criterios que le sean aplicables de todos los servicios 37.2. Aditamento supraglótico de varias tallas adulto y pediátrico. No cuenta con aditamento supraglótico",,Visitas de verificación de la Secretaría de Salud Departamental del Cauca - Almaguer - Almaguer,Administrador,,,,,,,,30/Jun/2025,0 %,-150,,
No Conformidad,1758,Misionales,calidad,13/Mar/2025,Vencida,,"SERVICIO 1103-TRANSPORTE ASISTENCIAL BASICO - AMBULANCIA OEU782: Estándar de Procesos Prioritarios: 41, Cumple con los criterios que le sean aplicables de todos los servicios y adicionalmente cuenta con la siguiente información documentada: El prestador no cumple con los criterios que le sean aplicables de todos los servicios . 41.3. Atención en salud de pacientes con problemas y trastornos en salud mental o consumo de sustancias psicoactivas. El prestador cuenta con documento "" Protocolo trastornos relacionados con el consumo de sustancia adictivas y el alcohol con código PT-MI-P5-15 versión 1 con fecha de Julio 201 "", cuenta con Protocolo trastorno psicótico agudo con código PT-MI-PS-14 versión 1 fecha julio 2021"" cuenta con "" Protocolo trastorno Bipolar codigo PT-MI-P5-13 versión 1 con fecha Julio 2021"" No se evidencia cronograma de capacitaciones y no refieren capacitaciones realizadas durante el tiempo laborado.",,Visitas de verificación de la Secretaría de Salud Departamental del Cauca - Almaguer - Almaguer,Administrador,,,,,,,,30/Jun/2025,0 %,-150,,
No Conformidad,1759,Misionales,calidad,13/Mar/2025,Vencida,,SERVICIO 1103-TRANSPORTE ASISTENCIAL BASICO - AMBULANCIA OEU782: stándar de Historia Clínica y Registros 43. Cumple con los criterios que le sean aplicables de todos los servicios y adicionalmente cuenta con: El prestador no cumple con los criterios que sean aplicables a todos los servicios. 43.1.1. Nombre de los pacientes atendidos o trasladados. El prestador cuenta con información de pacientes trasladado pero no define la ambulancia y/o vehículo utilizado para el traslado 43.1.2. Nombre del acompanante o responsable. El prestador cuenta con información de trasladado pero no define la ambulancia y/o vehículo utilizado para el traslado. 43.1.3. Fecha. El prestador cuenta con información de trasladado pero no define la ambulancia y/o vehículo utilizado para el traslado. 43.1.4. Hora. El prestador cuenta con información de trasladado pero no define la ambulancia y/o vehículo utilizado para el traslado. 43.1.5. Origen El prestador cuenta con información de trasladado pero no define la ambulancia y/o 43.1.6. Destino del servicio. El prestador cuenta con información de trasladado pero no define la ambulancia y/o vehículo utilizado para el traslado. 43.1.7. Tipo de servicio. El prestador cuenta con información de trasladado pero no define la ambulancia y/o vehículo utilizado para el traslado. 43.1.8. Nombre del personal que atiende el servicio. El prestador cuenta con información de trasladado pero no define la ambulancia y/o vehículo utilizado para el traslado. 43.1.9. Evolución y procedimientos durante el traslado o atención de los pacientes en el programa o servicio. El prestador cuenta con información de trasladado pero no define la ambulancia y/o vehículo utilizado para el traslado.,,Visitas de verificación de la Secretaría de Salud Departamental del Cauca - Almaguer - Almaguer,Administrador,,,,,,,,30/Jun/2025,0 %,-150,,
No Conformidad,1760,Misionales,calidad,13/Mar/2025,Vencida,,"SERVICIO 1103-TRANSPORTE ASISTENCIAL BASICO - AMBULANCIA OCD865 Estándar de Talento Humano: 1. Cumple con los criterios que le sean aplicables de todos los servicios y adicionalmente, cuenta con: Ver Estándar transversal Talento Humano 1.1. Tecnólogo en atención prehospitalaria o técnico profesional en atención prehospitalaria o auxiliar en enfermerla, en cualquier caso, cuenta con constancia de asistencia en las acciones de formación continua en soporte vital básico. Disponibilidad de auxiliares de enfermería constancia de asistencia en las acciones de formación continua en soporte vital básico. 1.2. Conductor que cuenta con licencia para la conducción del respectivo vehlculo, expedida por la autoridad competente y adicionalmente cuenta con constancia de asistencia en las acciones de formación continua en primeros auxilios o de primer respondiente. Cuenta con conductores con licencia para la conducción del respectivo vehículo, expedida por la autoridad competente. No todo el personal conductor cuenta con constancia de asistencia en las acciones de formación continua en primeros auxilios o de primer respondiente.",,Visitas de verificación de la Secretaría de Salud Departamental del Cauca - Almaguer - Almaguer,Administrador,,,,,,,,30/Jun/2025,0 %,-150,,
No Conformidad,1761,Gestión de Recursos,calidad,13/Mar/2025,Vencida,,"SERVICIO 1103-TRANSPORTE ASISTENCIAL BASICO - AMBULANCIA OCD865 Estándar de Infraestructura 12.2. Disponibilidad de área o ambiente para realizar el proceso de aseo, limpieza y desinfección de los vehrculos. Cuando el prestador de servicios de salud contrate el proceso de aseo, limpieza y desinfección de los vehículos con un tercero, cuenta con un contrato, o convenio o acuerdo escrito entre las partes. Para este caso el tercero cuenta con los permisos correspondientes expedidos por la autoridad sanitaria y ambiental para tal fin. No cuenta con área para el lavado de las ambulacias 15.11. Lámpara desmontable que permita su utilización a distancia del vehlculo. No se evidencia lampara desmontable dentro del vehiculo. 16.2. Sistema de telecomunicaciones de doble vía, asignado exclusivamente a la ambulancia, que le permita establecer contacto con su central, base o red de coordinación.",,Visitas de verificación de la Secretaría de Salud Departamental del Cauca - Almaguer - Almaguer,Administrador,,,,,,,,30/Jun/2025,0 %,-150,,
No Conformidad,1762,Gestión de Recursos,calidad,13/Mar/2025,Vencida,,"SERVICIO 1103-TRANSPORTE ASISTENCIAL BASICO - AMBULANCIA OCD865 Estándar de Dotación: 31. Cumplen con los criterios definidos para todos los servicios y adicionalmente, cuentan con: Revisar estándar transversal. 31.2. Fonendoscopio adulto y pediátrico. Cuenta con fonendoscopio pediatrico, no cuenta con fonendoscopio adulto. 31.3. Tensiómetro adulto y pediátrico. Cuenta con tensiometro pediatrico, no cuenta con fonendoscopio adulto. 31.6. Glucómetro. No cuenta con glucometro. 31.12. Silla de ruedas portátil, liviana y plegable, con una capacidad de carga de mínimo 120 kg. Deberá tener minimo dos cinturones de sujeción para el paciente y para su transporte al interior de la ambulancia. No cuenta con silla de ruedas. 31.13. Pinzas de Magill. No cuenta con pinzas de magil. 31.18. Lámpara de mano (linterna) con baterfas de repuesto. Nco uenta con lámpara para mano. Estándar de Medicamentos, Dispositivos Médicos e Insumos: 37. Cuenta con: 37.1. Oxigeno medicinal. Cuenta con oxígeno medicinal 37.2. Aditamento supraglótico de varias tallas adulto y pediátrico. No cuenta con aditamento supraglótico",,Visitas de verificación de la Secretaría de Salud Departamental del Cauca - Almaguer - Almaguer,Administrador,,,,,,,,30/Jun/2025,0 %,-150,,
No Conformidad,1763,Misionales,calidad,13/Mar/2025,Vencida,,"SERVICIO 1103-TRANSPORTE ASISTENCIAL BASICO - AMBULANCIA OCD865 Estándar de Estándar de Medicamentos, Dispositivos Médicos e Insumos 37.1. Oxigeno medicinal. Cuenta con oxígeno medicinal 37.2. Aditamento supraglótico de varias tallas adulto y pediátrico. No cuenta con aditamento supraglótico",,Visitas de verificación de la Secretaría de Salud Departamental del Cauca - Almaguer - Almaguer,Administrador,,,,,,,,30/Jun/2025,0 %,-150,,
No Conformidad,1764,Misionales,calidad,13/Mar/2025,Vencida,,"SERVICIO 1103-TRANSPORTE ASISTENCIAL BASICO - AMBULANCIA OCD865 Estándar de Procesos Prioritarios: 41, Cumple con los criterios que le sean aplicables de todos los servicios y adicionalmente cuenta con la siguiente información documentada: El prestador no cumple con los criterios que le sean aplicables de todos los servicios . 41.3. Atención en salud de pacientes con problemas y trastornos en salud mental o consumo de sustancias psicoactivas. El prestador cuenta con documento "" Protocolo trastornos relacionados con el consumo de sustancia adictivas y el alcohol con código PT-MI-P5-15 versión 1 con fecha de Julio 201 "", cuenta con Protocolo trastorno psicótico agudo con código PT-MI-PS-14 versión 1 fecha julio 2021"" cuenta con "" Protocolo trastorno Bipolar codigo PT-MI-P5-13 versión 1 con fecha Julio 2021"" No se evidencia cronograma de capacitaciones y no refieren capacitaciones realizadas durante el tiempo laborado.",,Visitas de verificación de la Secretaría de Salud Departamental del Cauca - Almaguer - Almaguer,Administrador,,,,,,,,30/Jun/2025,0 %,-150,,
No Conformidad,1765,Misionales,calidad,13/Mar/2025,Vencida,,SERVICIO 1103-TRANSPORTE ASISTENCIAL BASICO - AMBULANCIA OCD865 Estándar de Historia Clínica y Registros: Cumple con los criterios que le sean aplicables de todos los servicios y adicionalmente cuenta con: El prestador no cumple cpn los criterios que sean aplicables a todos los servicios. 43.1.1. Nombre de los pacientes atendidos o trasladados. El prestador cuenta con información de pacientes trasladado pero no define la ambulancia y/o vehículo utilizado para el traslado 43.1.2. Nombre del acompanante o responsable. El prestador cuenta con información de trasladado pero no define la ambulancia y/o vehículo utilizado para el traslado. 43.1.3. Fecha. El prestador cuenta con información de trasladado pero no define la ambulancia y/o vehículo utilizado para el traslado. 43.1.4. Hora. El prestador cuenta con información de trasladado pero no define la ambulancia y/o vehículo utilizado para el traslado. 43.1.5. Origen El prestador cuenta con información de trasladado pero no define la ambulancia y/o vehículo utilizado para el traslado. 43.1.6. Destino del servicio. El prestador cuenta con información de trasladado pero no define la ambulancia y/o vehículo utilizado para el traslado. 43.1.7. Tipo de servicio. El prestador cuenta con información de trasladado pero no define la ambulancia y/o vehículo utilizado para el traslado. 43.1.8. Nombre del personal que atiende el servicio. El prestador cuenta con información de trasladado pero no define la ambulancia y/o vehículo utilizado para el traslado. 43.1.9. Evolución y procedimientos durante el traslado o atención de los pacientes en el programa o servicio. El prestador cuenta con información de trasladado pero no define la ambulancia y/o vehículo utilizado para el traslado.,,Visitas de verificación de la Secretaría de Salud Departamental del Cauca - Almaguer - Almaguer,Administrador,,,,,,,,30/Jun/2025,0 %,-150,,
No Conformidad,1766,Gestión de Talento Humano,calidad,13/Mar/2025,Vencida,,"SERVICIO 1103-TRANSPORTE ASISTENCIAL BASICO - AMBULANCIA ORO272: ESTANDAR DE TALENTO HUMANO 1. Cumple con los criterios que le sean aplicables de todos los servicios y adicionalmente, cuenta con: Ver Estándar transversal Talento Humano 1.1. Tecnólogo en atención prehospitalaria o técnico profesional en atención prehospitalaria o auxiliar en enfermerla, en cualquier caso, cuenta con constancia de asistencia en las acciones de formación continua en soporte vital básico. Disponibilidad de auxiliares de enfermería constancia de asistencia en las acciones de formación continua en soporte vital básico. 1.2. Conductor que cuenta con licencia para la conducción del respectivo vehlculo, expedida por la autoridad competente y adicionalmente cuenta con constancia de asistencia en las acciones de formación continua en primeros auxilios o de primer respondiente. Cuenta con conductores con licencia para la conducción del respectivo vehículo, expedida por la autoridad competente. No todo el personal conductor cuenta con constancia de asistencia en las acciones de formación continua en primeros auxilios o de primer respondiente.",,Visitas de verificación de la Secretaría de Salud Departamental del Cauca - Almaguer - Almaguer,Administrador,,,,,,,,30/Jun/2025,0 %,-150,,
No Conformidad,1767,Gestión de Recursos,calidad,13/Mar/2025,Vencida,,"SERVICIO 1103-TRANSPORTE ASISTENCIAL BASICO - AMBULANCIA ORO272: ESTANDAR DE INFRAESTRUCTURA: 12.2. Disponibilidad de área o ambiente para realizar el proceso de aseo, limpieza y desinfección de los vehrculos. Cuando el prestador de servicios de salud contrate el proceso de aseo, limpieza y desinfección de los vehículos con un tercero, cuenta con un contrato, o convenio o acuerdo escrito entre las partes. Para este caso el tercero cuenta con los permisos correspondientes expedidos por la autoridad sanitaria y ambiental para tal fin. No cuenta con área para el lavado de las ambulacias 16.2. Sistema de telecomunicaciones de doble vía, asignado exclusivamente a la ambulancia, que le permita establecer contacto con su central, base o red de coordinación. uenta con sistema de comunicación pero no es exclusivo de la ambulancia. 17.2. Chalecos reflectivos para la tripulación. No se evidencian chalecos reflectivos dentro del vehiculo.",,Visitas de verificación de la Secretaría de Salud Departamental del Cauca - Almaguer - Almaguer,Administrador,,,,,,,,30/Jun/2025,0 %,-150,,
No Conformidad,1768,Gestión de Recursos,calidad,13/Mar/2025,Vencida,,"SERVICIO 1103-TRANSPORTE ASISTENCIAL BASICO - AMBULANCIA ORO272: Estándar de Dotación: 31. Cumplen con los criterios definidos para todos los servicios y adicionalmente, cuentan con: Revisar estándar transversal. 31.5. Aspirador nasal manual. No cuenta con aspirador nasal manual. 31.7. Torniquetes para el control de hemorragias. No cuenta con torniquetes para el control de hemorragias. 31.10. Tabla espinal corta o chaleco de extracción vehicular No cuenta con tabla de espinal corta. 31.13. Pinzas de Magill. No cuenta con pinzas de magill. 31.14. Tijeras de material o cortatodo. No cuenta con tijeras de material corta todo. 31.18. Lámpara de mano (linterna) con baterfas de repuesto. No cuenta con lámpara de mano.",,Visitas de verificación de la Secretaría de Salud Departamental del Cauca - Almaguer - Almaguer,Administrador,,,,,,,,30/Jun/2025,0 %,-150,,
No Conformidad,1769,Misionales,calidad,13/Mar/2025,Vencida,,"SERVICIO 1103-TRANSPORTE ASISTENCIAL BASICO - AMBULANCIA ORO272: Estándar de Medicamentos, Dispositivos Médicos e Insumos 36. Cumple con los criterios que le sean aplicables de todos los servicios y adicionalmente el prestador define los medicamentos, dispositivos médicos e insumas requeridos de acuerdo con lo documentado en el estándar de procesos prioritarios. No Cumple con los criterios que le sean aplicables de todos los servicios 37.2. Aditamento supraglótico de varias tallas adulto y pediátrico. No cuenta con Aditamento supraglótico de varias tallas adulto y pediátrico. 39.1. Los medicamentos, dispositivos médicos e insumas definidos por el prestador de servicios de salud de acuerdo con la morbilidad, riesgos de complicaciones más frecuentes y lo documentado para el procedimiento de reanimación cardio cerebro pulmonar. No cuenta con los medicamentos, dispositivos médicos e insumos, se observa que los pocos dispositivos medicos estan en mala conservación.",,Visitas de verificación de la Secretaría de Salud Departamental del Cauca - Almaguer - Almaguer,Administrador,,,,,,,,30/Jun/2025,0 %,-150,,
No Conformidad,1770,Misionales,calidad,13/Mar/2025,Vencida,,"SERVICIO 1103-TRANSPORTE ASISTENCIAL BASICO - AMBULANCIA ORO272: Estándar de Procesos Prioritarios 41. Cumple con los criterios que le sean aplicables de todos los servicios y adicionalmente cuenta con la siguiente información documentada: El prestador no cumple con los criterios que le sean aplicables de todos los servicios . 41.3. Atención en salud de pacientes con problemas y trastornos en salud mental o consumo de sustancias psicoactivas. El prestador cuenta con documento "" Protocolo trastornos relacionados con el consumo de sustancia adictivas y el alcohol con código PT-MI-P5-15 versión 1 con fecha de Julio 201 "", cuenta con Protocolo trastorno psicótico agudo con código PT-MI-PS-14 versión 1 fecha julio 2021"" cuenta con "" Protocolo trastorno Bipolar codigo PT-MI-PS-13 versión 1 con fecha Julio 2021"" No se evidencia cronograma de capacitaciones y no refieren capacitaciones realizadas durante el tiempo laborado.",,Visitas de verificación de la Secretaría de Salud Departamental del Cauca - Almaguer - Almaguer,Administrador,,,,,,,,30/Jun/2025,0 %,-150,,
No Conformidad,1771,Misionales,calidad,13/Mar/2025,Vencida,,Estándar de Historia Clínica y Registros 43. Cumple con los criterios que le sean aplicables de todos los servicios y adicionalmente cuenta con: El prestador no cumple con los criterios que sean aplicables a todos los servicios. 43.1.1. Nombre de los pacientes atendidos o trasladados. El prestador cuenta con información de pacientes trasladado pero no define la ambulancia y/o vehículo utilizado para el traslado 43.1.2. Nombre del acompanante o responsable. El prestador cuenta con información de pacientes trasladado pero no define la ambulancia y/o vehículo utilizado para el traslado 43.1.3. Fecha. El prestador cuenta con información de pacientes trasladado pero no define la ambulancia y/o vehículo utilizado para el traslado 43.1.4. Hora. El prestador cuenta con información de pacientes trasladado pero no define la ambulancia y/o vehículo utilizado para el traslado 43.1.5. Origen El prestador cuenta con información de pacientes trasladado pero no define la ambulancia y/o vehículo utilizado para el traslado 43.1.6. Destino del servicio. El prestador cuenta con información de pacientes trasladado pero no define la ambulancia y/o vehículo utilizado para el traslado 43.1.7. Tipo de servicio. El prestador cuenta con información de pacientes trasladado pero no define la ambulancia y/o vehículo utilizado para el traslado 43.1.8. Nombre del personal que atiende el servicio. El prestador cuenta con información de pacientes trasladado pero no define la ambulancia y/o vehículo utilizado para el traslado 43.1.9. Evolución y procedimientos durante el traslado o atención de los pacientes en el programa o servicio. El prestador cuenta con información de pacientes trasladado pero no define la ambulancia y/o vehículo utilizado para el traslado,,Visitas de verificación de la Secretaría de Salud Departamental del Cauca - Almaguer - Almaguer,Administrador,,,,,,,,30/Jun/2025,0 %,-150,,
No Conformidad,1851,Gestión de Talento Humano,calidad,12/Mar/2025,Vencida,,"3. El prestador de servicios de salud determina la cantidad necesaria de talento humano requerido para cada uno de los servicios ofertados y prestados, de acuerdo con la capacidad instalada, la relación entre oferta y demanda, la oportunidad en la prestación, tiempo de la atención y el riesgo en la atención. Este criterio no aplica para el profesional independiente de salud: Cuentan con el documento "" MANUAL DE SUFICIENCIA DE LA RED"" Codigo MA-AP-TH-02 Septiembre 2023 Version 0, el cual debe ser ajustado teniendo en cuenta las necesidades de Talento Humano de cada uno de los puntos de atencion y no por municipio de acuerdo a los servicios ofertados y prestados, capacidad instalada, la relación entre oferta y demanda, la oportunidad en la prestación, tiempo de la atención y el riesgo en la atención.",,Visitas de verificación de la Secretaría de Salud Departamental del Cauca - Santa Rosa - Santa Rosa,Administrador,,,,,,,,30/Jun/2025,0 %,-150,,
No Conformidad,1852,Gestión de Talento Humano,calidad,12/Mar/2025,Vencida,,"6. El talento humano en salud de los servicios de atención del parto, cuidado intensivo y cuidado intermedio neonatal, pediátrico y adultos, cuentan con constancia de asistencia en las acciones de formación continua para la gestión del duelo: No todo el talento humano del servicio de atención del parto cuenta con constancia de asistencia.",,Visitas de verificación de la Secretaría de Salud Departamental del Cauca - Santa Rosa - Santa Rosa,Administrador,,,,,,,,30/Jun/2025,0 %,-150,,
No Conformidad,1853,Gestión de Talento Humano,calidad,12/Mar/2025,Vencida,,"8. Los profesionales de la medicina de los servicios de hospitalización de baja, mediana y alta complejidad, hospitalización paciente crónico con y sin ventilador, cuidados intensivos neonatales, pediátricos y adultos; urgencias y servicios del grupo quirúrgico en modalidad intramural, cuentan con certificación vigente de aprobación de la evaluación de competencias esenciales para el cuidado de la donante expedida por el Instituto Nacional de Salud: No todo el talento humano cuenta con certificación vigente de aprobación de la evaluación de c...",,Visitas de verificación de la Secretaría de Salud Departamental del Cauca - Santa Rosa - Santa Rosa,Administrador,,,,,,,,30/Jun/2025,0 %,-150,,
No Conformidad,1854,Gestión de Talento Humano,calidad,12/Mar/2025,Vencida,,"11. El talento humano en salud de los servicios de transporte asistencial, atención prehospitalaria y urgencias, cuentan con constancia de asistencia en las acciones de formación continua en la atención a personas víctimas de ataques con agentes químicos: No todo el talento humano de los servicios de transporte asistencial, atención prehospitalaria y...",,Visitas de verificación de la Secretaría de Salud Departamental del Cauca - Santa Rosa - Santa Rosa,Administrador,,,,,,,,30/Jun/2025,0 %,-150,,
No Conformidad,1855,Gestión de Recursos,calidad,12/Mar/2025,Vencida,,"2. Los servicios de salud de: urgencias, cirugía y del grupo de internación, así como en los servicios de salud donde se realice el proceso de esterilización, deben contar con ambiente de aseo de uso exclusivo: No se evidencian cuartos de aseo para el grupo de internación y para el proceso de esterilización.",,Visitas de verificación de la Secretaría de Salud Departamental del Cauca - Santa Rosa - Santa Rosa,Administrador,,,,,,,,30/Jun/2025,0 %,-150,,
No Conformidad,1856,Gestión de Recursos,calidad,12/Mar/2025,Vencida,,"El prestador de servicios de salud que realice el proceso de esterilización, cuenta con: 25.1. Ambiente o área de recibo de material contaminado: No cuenta con ambiente o área de recibo de material contaminado. 25.4. Ambiente o área de empaque: No cuenta con ambiente o área de empaque. 25.6. Ambiente o área para almacenamiento del material estéril: No cuenta con ambiente o área para almacenamiento del material estéril. 25.8. Lavamanos, cuando el proceso se realice fuera del servicio de salud: No cuenta con Lavamanos.",,Visitas de verificación de la Secretaría de Salud Departamental del Cauca - Santa Rosa - Santa Rosa,Administrador,,,,,,,,30/Jun/2025,0 %,-150,,
No Conformidad,1857,Gestión de Recursos,calidad,12/Mar/2025,Vencida,,"30.1. Sala de procedimientos o curaciones. ¡Ambiente con mínimo 8 m2, que cuenta con: 30.1.1. Mesón de trabajo: 30.1.2. Poceta, cuando la requiera, según los procedimientos que el prestador documente en el estándar de procesos prioritarios: 30.1.3. Lavamanos: No cuenta con sala de procedimientos.",,Visitas de verificación de la Secretaría de Salud Departamental del Cauca - Santa Rosa - Santa Rosa,Administrador,,,,,,,,30/Jun/2025,0 %,-150,,
No Conformidad,1858,Gestión de Recursos,calidad,12/Mar/2025,Vencida,,"32. Puesto de enfermería Área con dimensión variable que, de acuerdo con las necesidades de cada servicio, cumple con las siguientes características: 32.1. Superficie de trabajo: 32.2. Permite la monitorización permanente de los pacientes o sistemas alternativos para su visualización: 32.3. Cuenta con alarma o sistema de llamado a enfermería, donde se requiera: No cuenta con puesto de enfermeria.",,Visitas de verificación de la Secretaría de Salud Departamental del Cauca - Santa Rosa - Santa Rosa,Administrador,,,,,,,,30/Jun/2025,0 %,-150,,
No Conformidad,1859,Gestión de Recursos,calidad,12/Mar/2025,Vencida,,"33. Ambiente o área de trabajo limpio, que cuenta con: 33.1. Mesón de trabajo: 33.2. Área para el almacenamiento y alistamiento de medicamentos: 33.3. Lavamanos: No cuenta con ambiente o área limpia.",,Visitas de verificación de la Secretaría de Salud Departamental del Cauca - Santa Rosa - Santa Rosa,Administrador,,,,,,,,30/Jun/2025,0 %,-150,,
No Conformidad,1860,Gestión de Recursos,calidad,12/Mar/2025,Vencida,,"34. Ambiente de trabajo sucio, que cuenta con: 34.1. Mesón de trabajo con poceta. 34.2. Lavamanos: No cuenta con ambiente sucio.",,Visitas de verificación de la Secretaría de Salud Departamental del Cauca - Santa Rosa - Santa Rosa,Administrador,,,,,,,,30/Jun/2025,0 %,-150,,
No Conformidad,1861,Gestión de Recursos,calidad,12/Mar/2025,Vencida,,"35. Estación de enfermería, que cuenta con: 35.1. Puesto de enfermería. 35.2. Ambiente o área de trabajo limpio. 35.3. Ambiente de trabajo sucio: No cuenta con estación de enfermeria.",,Visitas de verificación de la Secretaría de Salud Departamental del Cauca - Santa Rosa - Santa Rosa,Administrador,,,,,,,,30/Jun/2025,0 %,-150,,
No Conformidad,1862,Gestión de Recursos,calidad,12/Mar/2025,Vencida,,"Disponibilidad de los siguientes ambientes o áreas: 35.4. Area o ambiente para el depósito de equipos biomédicos con dimensión variable de acuerdo con las necesidades del servicio: No sevidencia ambiente para el depósito de equipos biomédicos con dimensiones variables. 35.5. Área o ambiente para depósito de ropa limpia de dimensión variable de acuerdo con las necesidades del servicio: No evidencia ambiente para depósito de ropa limpia de dimensión. 35.6. Ambiente para depósito de ropa sucia, con dimensión variable de acuerdo con las necesidades del servicio: No evidencia ambiente ara depósito de ropa sucia. 35.7. Lavapatos cuando el servicio de salud lo requiera: No se evidencia lavapatos. 35.8. Unidad Sanitaria: No hay disponibilidad de unidad sanitaria.",,Visitas de verificación de la Secretaría de Salud Departamental del Cauca - Santa Rosa - Santa Rosa,Administrador,,,,,,,,30/Jun/2025,0 %,-150,,
No Conformidad,1863,Gestión de Recursos,calidad,12/Mar/2025,Vencida,,"36. Baño, ambiente que cuenta con: 36.1. Sanitario: No cuenta con baño. 36.2. Lavamanos: No cuenta con baño. 36.3. Ducha: No cuenta con baño. 36.4. Alarma o sistema de llamado, donde se requiera: No cuenta con baño. 36.5. Puertas corredizas o con apertura hacia el exterior: No cuenta con baño.",,Visitas de verificación de la Secretaría de Salud Departamental del Cauca - Santa Rosa - Santa Rosa,Administrador,,,,,,,,30/Jun/2025,0 %,-150,,
No Conformidad,1864,Gestión de Recursos,calidad,12/Mar/2025,Vencida,,"38. La unidad sanitaria adaptada para personas con imovilidad reducida cuenta con: 38.3. Dimensiones que permita el desplazamiento del paciente y maniobra en su interior, las puertas tienen un ancho que permite el fácil acceso de pacientes en sillas de ruedas: No cuenta con dimensiones que permita el desplazamiento del paciente y maniobra en su interior. 38.4. Puertas corredizas o con apertura hacia el exterior: No cuenta con puerta con apertura hacia el exterior ni correderas. 38.5. Accesorios que facilite la accesibilidad, movilidad y seguridad del usuario: No cuenta con accesorios que faciliten la accesibilidad, movilidad y seguridad del usuario. 38.6. Alarma o sistema de llamado: No cuenta con sistema de alarma.",,Visitas de verificación de la Secretaría de Salud Departamental del Cauca - Santa Rosa - Santa Rosa,Administrador,,,,,,,,30/Jun/2025,0 %,-150,,
No Conformidad,1865,Gestión de Recursos,calidad,12/Mar/2025,Vencida,,"40.1. Ambiente o área con dimensión variable de acuerdo al servicio o servicios, independiente de las áreas de circulación, que cuenta con ventilación e iluminación natural y/o artificial: Las dimensión no son variable de acuerdo a los servicios, independiente de las áreas de circulación, que cuenta con ventilación e iluminación natural y artificial.",,Visitas de verificación de la Secretaría de Salud Departamental del Cauca - Santa Rosa - Santa Rosa,Administrador,,,,,,,,30/Jun/2025,0 %,-150,,
No Conformidad,1866,Gestión de Recursos,calidad,12/Mar/2025,Vencida,,"GENERALIDADES DE LAS CONDICIONES DE ORDEN, ASEO, LIMPIEZA Y DESINFECCIÓN: 41. Las condiciones de orden, aseo, limpieza y desinfección son evidentes y responden a un proceso dinámico de acuerdo con los servicios prestados: No cumple con el criterio descrito en este item. 42. En las edificaciones destinadas a la prestación de servicios de salud, los pisos deben ser resistentes a factores ambientales, deben ser continuos, antideslizantes, impermeables, lavables, sólidos, resistentes a procesos de lavado y desinfección. Cuando se tengan dilataciones y juntas, estas deben ser selladas de manera que ofrezcan continuidad de la superficie: No cumple con el criterio descrito en este ítem. 43. Los cielo rasos o techos y paredes o muros deben ser impermeables, lavables, sólidos, resistentes a factores ambientales e incombustibles y de superficie lisa y continua: Se evidencian humedades en algunas paredes de los servicios de urgencias y laboratorio clinico. 44. En los servicios de cirugía, atención del parto, ambiente TPR, salas de procedimientos, consultorios donde se realicen procedimientos, servicios de internación en cuidado básico, intermedio e intensivo, urgencias, diálisis, hemodinamia e intervencionismo, laboratorios, gestión pre transfusional, quimioterapia, consulta odontológica y los ambientes o áreas donde se requieran procesos de limpieza y asepsia másprofundos, adicional al criterio anterior, la unión entre paredeso muros y el piso, debe ser en media caña evitando la formación de aristas o de esquinas: No cuenta con medias cañas entre los pisos y paredes en los servicios de urgencias, odontologia, laboratorios y ambientes donde se requieren el proceso de limpieza mas profunda. 45. En los servicios de cirugía, atención del parto, ambiente TPR y el ambiente de esterilización, la unión entre cielo raso o techo y la pared o muro y la unión entre paredes o muros, debe contar con media caña, evitando la formación de aristas o de esquinas: No cuenta con medias cañas entre los pisos, paredes y cielos en los servicios de urgencias, odontologia, laboratorios y ambientes donde se requieren el proceso de limpieza mas profunda.",,Visitas de verificación de la Secretaría de Salud Departamental del Cauca - Santa Rosa - Santa Rosa,Administrador,,,,,,,,30/Jun/2025,0 %,-150,,
No Conformidad,1867,Gestión de Recursos,calidad,12/Mar/2025,Vencida,,"2.2. Hoja(s) de vida del(los) equipo(s) biomédicos(s), con los registros de los mantenimientos preventivos y correctivos, según corresponda: Cuenta con hojas de vida en las cuales se evidencia que el ítem de adquisición e instalación no se encuentran diligenciados, se evidencia frecuencia cuatrimestral de mantenimiento preventivo, algunos equipos no cuentan con la continuidad de los mantenimientos ya que el ultimo reporte es de marzo de 2024, algunos equipos se encuentran solo con reporte de mantenimiento de marzo de 2024, no se evidencian mantenimientos anteriores. No se evidencia documentación legal de los equipos. La falta de reportes de mantenimiento de periodos anteriores indica un posible incumplimiento en los ciclos de mantenimiento requeridos. Los equipos biomédicos, especialmente aquellos de alta tecnología, requieren un mantenimiento regular y riguroso para asegurar su correcto funcionamiento. Sin un registro sanitario o declaración de importación no se puede garantizar que el equipo cumpla con lasnormativas de seguridad y eficacia establecidas por las autoridades sanitarias, lo cual podríacomprometer la seguridad de los pacientes y el personal. Bascula healt o meter seire:3008262124202 y bomba de infusión serie: 200120050311091 no se encuentran registrados en el inventario, por tal motivo no se verifico hoja de vida y reportes de mantenimiento.",,Visitas de verificación de la Secretaría de Salud Departamental del Cauca - Santa Rosa - Santa Rosa,Administrador,,,,,,,,30/Jun/2025,0 %,-150,,
No Conformidad,1868,Gestión de Recursos,calidad,12/Mar/2025,Vencida,,4. La dotación de los servicios de salud está en concordancia con lo definido por el prestador en el estándar de procesos prioritarios: No se evidencia concordancia con la dotación según lo definido por el prestador en el estándar de procesos prioritarios.,,Visitas de verificación de la Secretaría de Salud Departamental del Cauca - Santa Rosa - Santa Rosa,Administrador,,,,,,,,30/Jun/2025,0 %,-150,,
No Conformidad,1869,Gestión de Recursos,calidad,12/Mar/2025,Vencida,,"5. La suficiencia de equipos biomédicos está relacionada con la de uso de los mismos, incluyendo los tiempos del proceso de esterilización, cuando aplique: Cuenta con “protocolo de suficiencia de equipos” en este no se describe el tiempo de esterilización, ni el instrumental requerido para los servicios, se recomienda ajustar el programa donde se mencione las variables correspondientes.",,Visitas de verificación de la Secretaría de Salud Departamental del Cauca - Santa Rosa - Santa Rosa,Administrador,,,,,,,,30/Jun/2025,0 %,-150,,
No Conformidad,1870,Gestión de Recursos,calidad,12/Mar/2025,Vencida,,16.1. Sistemas de telecomunicaciones de doble via: No cuenta con sistemas de telecomunicación de doble vía.,,Visitas de verificación de la Secretaría de Salud Departamental del Cauca - Santa Rosa - Santa Rosa,Administrador,,,,,,,,30/Jun/2025,0 %,-150,,
No Conformidad,1871,Misionales,calidad,12/Mar/2025,Vencida,,El prestador de servicios de salud lleva registros con la información de todos los medicamentos para uso humano requeridos en la prestación de los servicios que oferte; dichos registros cuentan con la siguiente información: 1.1. Principio activo: 1.2. Forma farmacéutica: 1.6. Presentación comercial: 1.7. Unidad de medida: No cuenta con el registro de la información correctamente.,,Visitas de verificación de la Secretaría de Salud Departamental del Cauca - Santa Rosa - Santa Rosa,Administrador,,,,,,,,30/Jun/2025,0 %,-150,,
No Conformidad,1872,Misionales,calidad,12/Mar/2025,Vencida,,"2. Los dispositivos médicos de uso humano requeridos para la prestación de los servicios de salud cuentan con información documentada que dé cuenta de la verificación y seguimiento de la siguiente información: 2.2. Marca del dispositivo: No Cuenta con el registro de la información. 2.3. Serie (cuando aplique): No cuenta con el registro de la información correctamente. 2.5. Registro sanitario vigente o permiso de comercialización expedido por ellnvima: No cuenta con el registro de la información correctamente. 2.6. Clasificación por riesgo (información consignada en el registro sanitario o permiso de comercialización): No cuenta con el registro de la información correctamente. 2.7. Vida útil, cuando aplique: No cuenta con el registro de la información correctamente.",,Visitas de verificación de la Secretaría de Salud Departamental del Cauca - Santa Rosa - Santa Rosa,Administrador,,,,,,,,30/Jun/2025,0 %,-150,,
No Conformidad,1873,Misionales,calidad,12/Mar/2025,Vencida,,"3. Los reactivos de diagnóstico in vitro requeridos para la prestación del servicios de salud cuentan con información documentada que dé cuenta de la verificación y seguimiento de la siguiente información: 3.1. Nombre: 3.2. Marca: 3.3. Presentación comercial: 3.4. Registro sanitario vigente o permiso de comercialización expedido por el Invima: 3.5. Clasificación del riesgo sanitario: 3.6. Vida útil, cuando aplique: 3.7. Fecha de vencimiento y lote: No cuenta con el registro de la información correctamente.",,Visitas de verificación de la Secretaría de Salud Departamental del Cauca - Santa Rosa - Santa Rosa,Administrador,,,,,,,,30/Jun/2025,0 %,-150,,
No Conformidad,1874,Misionales,calidad,12/Mar/2025,Vencida,,"4. El prestador de servicios de salud de salud cuenta con informacion documentada de los procesos generales según aplique, para: 4.4. Recepción: Se evidencia documentado, se evidencia que no cuenta con adherencia, segun lo documentado, se evidencia que el proceso que realizan es totalmente distinto a lo escrito en el manual de procesos y procedimientos del servicio farmaceutico, código del documento MA-MIFA- 03 V02. 4.6. Conservación: Se evidencia documentado, se evidencia que no cuenta con adherencia, segun lo documentado, se evidencia que el proceso que realizan es totalmente distinto a lo escrito en el manual de procesos y procedimientos del servicio farmaceutico, código del documento MA-MIFA- 03 V02. 4.7. Control de fechas de vencimiento: Se evidencia documentado, se evidencia que no cuenta con adherencia, segun lo documentado, se evidencia que el proceso que realizan es totalmente distinto a lo escrito en el manual de procesos y procedimientos del servicio farmaceutico, código del documento MA-MIFA- 03 V02. 4.9. Distribución: Se evidencia documentado, se evidencia que no cuenta con adherencia, segun lo documentado, se evidencia que el proceso que realizan es totalmente distinto a lo escrito en el manual de procesos y procedimientos del servicio farmaceutico, código del documento MA-MIFA- 03 V02. 4.11. Devolución: Se evidencia documentado, se evidencia que no cuenta con adherencia, según lo documentado, se evidencia que el proceso que realizan es totalmente distinto a lo escrito en el manual de procesos y procedimientos del servicio farmacéutico, código del documento MA-MIFA-03 V02. 4.12. Disposición final: No Cuenta con con información documentada de los procesos, código del documento MA-MIFA- 03 V02 con fecha de creación julio del 2024.",,Visitas de verificación de la Secretaría de Salud Departamental del Cauca - Santa Rosa - Santa Rosa,Administrador,,,,,,,,30/Jun/2025,0 %,-150,,
No Conformidad,1875,Misionales,calidad,12/Mar/2025,Vencida,,"6. El prestador de servicios de salud cuenta con información documentada de la planeación y ejecución de los programas de farmacovigilancia, tecnovigilancia y reactivovigilancia, que garanticen el seguimiento al uso de medicamentos, dispositivos médicos (incluidos los sobre medida) y reactivos de diagnóstico in vitro, cuando aplique: Se evidencia documento de fármacovigilancia con código de documento MA-MI-FA-01, no cuenta con adherencia, no cuenta con capacitaciones, no cuenta con usuario para realizar reportes, Se evidencia documento de farmacovigilancia con código de documento PL-ES-CA-02.V2, no cuenta con adherencia, no cuenta con capacitaciones, no cuenta con usuario para realizar reportes",,Visitas de verificación de la Secretaría de Salud Departamental del Cauca - Santa Rosa - Santa Rosa,Administrador,,,,,,,,30/Jun/2025,0 %,-150,,
No Conformidad,1876,Misionales,calidad,12/Mar/2025,Vencida,,"7. El prestador de servicios de salud que cuente con reservas de medicamentos, homeopáticos, fitoterapéuticos, medicamentos biológicos, componentes anatómicos, dispositivos médicos (incluidos los sobre medida), reactivos de diagnóstico in vitro, y demás insumos asistenciales, debe garantizar que se almacenen en condiciones apropiadas de temperatura, humedad, ventilación, segregación y seguridad de acuerdo con las condiciones definidas por el fabricante o el banco del componente anatómico, según aplique, y contar con instrumento para medir humedad relativa y temperatura yevidenciar su registro, control y gestión: No garantiza que se almacenen los dispositivos y medicamentos en condiciones apropiadas de temperatura, humedad, ventilación, segregación y seguridad de acuerdo con las condiciones definidas por el fabricante, se evidencia instrumentos para medir humedad relativa y temperatura y evidenciar su registro, control y gestión en algunos sittios donde tienen almacenamiento de dispositivos medicos y medicamentos.",,Visitas de verificación de la Secretaría de Salud Departamental del Cauca - Santa Rosa - Santa Rosa,Administrador,,,,,,,,30/Jun/2025,0 %,-150,,
No Conformidad,1877,Misionales,calidad,12/Mar/2025,Vencida,,"8. Para la aplicación del protocolo de lavado de manos o higienización, los servicios de salud cuentan con los insumos de aseo, limpieza y secado que garanticen su cumplimiento: No cuentan con los insumos de aseo, limpieza y secado que garanticen su cumplimiento, en algunos de los baños de los servicios, se observa que falta la rotulacion de los productos a utilizar.",,Visitas de verificación de la Secretaría de Salud Departamental del Cauca - Santa Rosa - Santa Rosa,Administrador,,,,,,,,30/Jun/2025,0 %,-150,,
No Conformidad,1878,Misionales,calidad,12/Mar/2025,Vencida,,"9. La suficiencia de dispositivos médicos está relacionada con la frecuencia de uso de los mismos, incluyendo los tiempos del proceso de esterilización, cuando aplique: No cuenta con la suficiencia de dispositivos médicos donde se incluye los tiempos del proceso de esterilización.",,Visitas de verificación de la Secretaría de Salud Departamental del Cauca - Santa Rosa - Santa Rosa,Administrador,,,,,,,,30/Jun/2025,0 %,-150,,
No Conformidad,1879,Misionales,calidad,12/Mar/2025,Vencida,,"10. El prestador de servicios de salud cuenta con paquete para el manejo de derrames y rupturas de medicamentos, ubicado en un lugar de fácil acceso, visible y con adecuada señalización, disponible para su uso en los servicios y ambientes donde se requieran. El prestador de servicios de salud define su contenido de acuerdo con los medicamentos utilizados y lo sugerido por el fabricante en las fichas técnicas: No cuenta con paquete para el manejo de derrames y rupturas de medicamentos, ubicado en un lugar de fácil acceso, visible y con adecuada señalización, disponible para su uso en los servicios.",,Visitas de verificación de la Secretaría de Salud Departamental del Cauca - Santa Rosa - Santa Rosa,Administrador,,,,,,,,30/Jun/2025,0 %,-150,,
No Conformidad,1880,Misionales,calidad,12/Mar/2025,Vencida,,"12. El prestador debe mantener condiciones de almacenamiento, conservación, control fechas de vencimiento, uso y custodia de los medicamentos, dispositivos médicos e insumos contenidos en los carros de paro: El prestador no mantiene las condiciones de almacenamiento, conservación, control fechas de vencimiento, uso y custodia de los medicamentos, dispositivos médicos e insumos contenidos en los carros de paro.",,Visitas de verificación de la Secretaría de Salud Departamental del Cauca - Santa Rosa - Santa Rosa,Administrador,,,,,,,,30/Jun/2025,0 %,-150,,
No Conformidad,1881,Misionales,calidad,12/Mar/2025,Vencida,,"15. En los servicios de transporte asistencial, atención prehospitalaria y urgencias cuenta con kit de emergencias para la atención a víctimas de ataques con agentes químicos: No cuenta con kit de emergencias para la atención a víctimas de ataques con agentes químicos.",,Visitas de verificación de la Secretaría de Salud Departamental del Cauca - Santa Rosa - Santa Rosa,Administrador,,,,,,,,30/Jun/2025,0 %,-150,,
No Conformidad,1882,Misionales,calidad,12/Mar/2025,Vencida,,"3. El prestador de servicios de salud cuenta con un comité o instancia que orienta y promueve la política de seguridad del paciente, el control de infecciones y la optimización del uso de antibióticos, cuando los prescriba o administre. En el caso de profesionales independientes de salud podrá ser el mismo prestador: La ESE presenta documento acta de reunión creación comité de seguridad del paciente del 15 de julio de 2024 donde establece que se reunirán de manera trimestral según cronograma el cual establece como fechas 22 de agosto, 26 de septiembre y 26 de diciembre del 2024, dicha programación difiere de lo mencionado dado que de agosto a septiembre no hay tres meses, adicionalmente no se cuenta con acta de reunión del mes de agosto ni del mes de septiembre como se menciona en el cronograma del documento presentado lo cual refleja que no se cuenta con adherencia al comité de seguridad del paciente por lo tanto el prestador no cumple con el criterio verificado dado que no se puede demostrar que dicho comité esta en ejecución.",,Visitas de verificación de la Secretaría de Salud Departamental del Cauca - Santa Rosa - Santa Rosa,Administrador,,,,,,,,30/Jun/2025,0 %,-150,,
No Conformidad,1883,Misionales,calidad,12/Mar/2025,Vencida,,5. El prestador de servicios de salud promueve la cultura de seguridad del paciente que involucra a todo el personal de Mmanera sistemática con un enfoque educativo no punitivo mediante: 5.1. Capacitación del personal en el tema de seguridad del paciente y en los principales riesgos de la atención: La ESE presenta plan de capacitaciones 2024 el cual se encuentra en construcción en lo planeado hasta la fecha no se cuenta con temas de seguridad del paciente.,,Visitas de verificación de la Secretaría de Salud Departamental del Cauca - Santa Rosa - Santa Rosa,Administrador,,,,,,,,30/Jun/2025,0 %,-150,,
No Conformidad,1884,Misionales,calidad,12/Mar/2025,Vencida,,"6. El prestador de servicios de salud cuenta con información documentada de las actividades y procedimientos que se realizan en el servicio acordes con su objeto, alcance y enfoque diferencial, mediante guías de práctica clínica- GPC, procedimientos de atención, protocolos de atención y otros documentos que el prestador de servicios de salud determine, dicha información incluye talento humano, equipos biomédicos, medicamentos y dispositivos médicos e insumos requeridos: La ESE presenta las siguientes guías de practica clinica: cáncer de próstata, atención de partos, infecciones urinarias, enfermedad diarreica aguda, apendicitis aguda, eda, faringoamigdalitis, HTA, lumbago, cefalea, parasitosis intestinal, complicaciones durante el embarazo, litiasis; también se cuenta con los siguientes procedimientos: cateterismo vesical, administración de medicamentos, RCP, los cuales incluyen la relación de talento humano, materiales y equipos, pese a esto no soporta información documentada de retiro de puntos, cateterismo nasogástrico, curación de heridas, sutura procedimientos que realizan en la institución.",,Visitas de verificación de la Secretaría de Salud Departamental del Cauca - Santa Rosa - Santa Rosa,Administrador,,,,,,,,30/Jun/2025,0 %,-150,,
No Conformidad,1885,Misionales,calidad,12/Mar/2025,Vencida,,"10. El prestador de servicios de salud cuenta con información documentada de la adopción, o adaptación o desarrollo de guías práctica clínica o protocolos basados en evidencia científica: No se cuenta con la informacion documentada.",,Visitas de verificación de la Secretaría de Salud Departamental del Cauca - Santa Rosa - Santa Rosa,Administrador,,,,,,,,30/Jun/2025,0 %,-150,,
No Conformidad,1886,Misionales,calidad,12/Mar/2025,Vencida,,"12. El prestador de servicios de salud cuenta con la siguiente informacion documentada: 12.1. Detección, prevención y disminución del riesgo de accidentes e incidentes de carácter radiológico, en los servicios donde aplique: Cuenta con un documento denominado PROGRAMA DE VIGILANCA RADIOLÓGICA Versión 1 del 13 de dciembre del 2022, no se encuentra socializado ni con medición de adherencia. 12.2. Aseo, limpieza y desinfección de áreas y superficies: El prestador presenta el Manual de limpieza y desinfeccion Código PTA-MI-SG 03 Versón1 fecha 2021. en cual se evdencia la definidos los elementos de uso para ejecutar la actividad. Sin embargo se evidencia en el recorrido que no se encuentran adherentes. Se recomienda definir las actividades de limpieza y desinfección en los servicio de alta rotación de usuarios. 12.3. Procedimiento de reanimación cerebro cardio pulmonar, en los servicios donde se realice: Se verifica que cuenta documentado con el protocolo de REANIMACIÓN CARDIOPULMONAR Código PT- MI-51-01 Versión 2 fecha: junio 2022, definido el talento humano, medicamentos y dispositivos medicos y equipos biomedicos que se requieren en la prestacion del servicio, no se cuenta descrito el enfoque diferencial. No se encuentra dentro del plan de capacitación del 2024. 12.4. Acciones para prevenir las flebitis infecciosas, químicas y mecánicas en los servicios donde se realicen procedimientos de venopunción: Se encuentra documentado ADMINISTRACIÓN DE MEDICAMENTOS PT-MI-UR-01 Código 2 fecha marzo del 2019. Cuenta con acciones preventivas para las flebitis. Se encuentran socializadas fecha 13 de mayo del 2024. Sin embargo se realiza recorrido y se verifica que no se encuentran adheridos. Se realiza verificación en servicio de hospitalización mujeres no cuenta con rotulo de inserción. 12.5. Aspectos de bioseguridad acordes con las condiciones y características del servicio: Cuenta con un manual de bioseguridad MA -AP-50-01 Versión 1 Fecha 2021. Se verifica plan de capacitación 2024 el cual no se encuentra tematica incluida. En el momento de la verificación se identifica que la totalidad del personal no realiza uso de elementos de protección personal. 12.6. Descontaminación por derrames de sangre u otros fluidos corporales: Cuenta con un MANUAL CONTROL DE DERRAME DE FLUIDOS CORPORALES Código MA -MI-5G-02 Versión 2 Fecha Abril 2021. Se verifica plan de capacitación 2024 el cual no se encuentra temática incluida, no contiene descripción del contenido del kit de derrames ni el talento humano responsable de ejecutar dicha actividad. 12.7. Manejo de gases medicinales que incluya como mínimo la atención de emergencias y sistema de alarma, cuando se utilicen: Cuenta con un protocolo de manejo de gases medicinales Código PT-ES-CA-05 Versió 1 Fecha: junio 2022. Se verifica plan de capacitación 2024 el cual no se encuentra tematica incluida,no se evidencia que hacer en caso de emergencias y los sistemas de alarmas teniendo en cuenta los dispositivos utilizados en la institución.",,Visitas de verificación de la Secretaría de Salud Departamental del Cauca - Santa Rosa - Santa Rosa,Administrador,,,,,,,,30/Jun/2025,0 %,-150,,
No Conformidad,1887,Misionales,calidad,12/Mar/2025,Vencida,,"13.1. Buenas prácticas de esterilización de acuerdo con los procedimientos y técnicas que se utilicen, que describa como iminimo los siguientes aspectos: 13.1.1. Recibo de productos contaminados y entrega de material estéril: Cuenta con un manual de buenas practicas de esterilización MA-ES-CA-02 Versión 01 fecha abril del 2023 aplicable a todas las unidades de atención, el cual cumple con la especificaciones . Sin embargo el documento no se encuentra socialización ni cuenta con medición de adherencias. 13.1.2. Transporte: Cuenta con un manual de buenas practicas de esterilización MA-ES-CA-02 Versión 01 fecha abril del 2023 aplicable a todas las unidades de atención, el cual cumple con la especificaciones . Sin embargo el documento no se encuentra socialización ni cuenta con medición de adherencias. 13.1.3. Lavado, secado y lubricación: Cuenta con un manual de buenas practicas de esterilización MA-ES-CA-02 Versión 01 fecha abril del 2023 aplicable a todas las unidades de atención, el cual cumple con la especificaciones Sin embargo el documento no se encuentra socialización ni cuenta con medición de adherencias. Adcionalmente en el momento de la verificación se encontro que los larigos del carro de parpo del servicio de urgencias, ya esteriles no estaban lavados completamente con presencia de polvo y materia organica. 13.1.4. Empaque: Cuenta con un manual de buenas practicas de esterilización MA-ES-CA-02 Versión 01 fecha abril del 2023 aplicable a todas las unidades de atención, el cual cumple con la especificaciones . Sin embargo el documento no se encuentra socialización ni cuenta con medición de adherencias. 13.1.5. Etiquetado: Cuenta con un manual de buenas practicas de esterilización MA-ES-CA-02 Versión 01 fecha abril del 2023 aplicable a todas las unidades de atención, el cual cumple con la especificaciones . Sin embargo el documento no se encuentra socialización ni cuenta con medición de adherencias. 13.1.6. Esterilización: Cuenta con un manual de buenas practicas de esterilización MA-ES-CA-02 Versión 01 fecha abril del 2023 aplicable a todas las unidades de atención, el cual cumple con la especificaciones . Sin embargo el documento no se encuentra socialización ni cuenta con medición de adherencias. 13.1.7. Almacenamiento: Cuenta con un manual de buenas practicas de esterilización MA-ES-CA-02 Versión 01 fecha abril del 2023 aplicable a todas las unidades de atención, el cual cumple con la especificaciones . Sin embargo el documento no se encuentra socialización ni cuenta con medición de adherencias. 13.1.8. Verificación de la integridad del material estéril: Cuenta con un manual de buenas practicas de esterilización MA-ES-CA-02 Versión 01 fecha abril del 2023 aplicable a todas las unidades de atención, el cual cumple con la especificaciones . Sin embargo el documento no se encuentra socialización ni cuenta con medición de adherencias. 13.1.9. Control de calidad que incluya el análisis de los reportes de dicho control, para la toma de medidas preventivas y correctivas: Cuenta con un manual de buenas practicas de esterilización MA-ES-CA-02 Versión 01 fecha abril del 2023 aplicable a todas las unidades de atención, el cual cumple con la especificaciones . Sin embargo el documento no se encuentra socialización ni cuenta con medición de adherencias",,Visitas de verificación de la Secretaría de Salud Departamental del Cauca - Santa Rosa - Santa Rosa,Administrador,,,,,,,,30/Jun/2025,0 %,-150,,
No Conformidad,1888,Misionales,calidad,12/Mar/2025,Vencida,,"15. Los prestadores de servicios de salud tienen definidos procedimientos que garanticen el cumplimiento del no reúso de dispositivos médicos cuando el fabricante así lo haya establecido: Al momento de la verificación se evidenica que cuenta documentada la politica de uso y no reúso de dispositivos medicos vigencia 2019 y con un Manual de uso y reúso de dispositivos médicos MA -ES- CA-01 versión 01 abril del 2023, en el cual se identifica que cuenta definido con un listado de dispositivos de reúso, sin embargo se evidencia que no corresponde la ficha tecnica del nombre del dispositivo con la descripción del dispositivo, asi mismo se evidencia que no corresponde lo definido en las fichas tecnicas con los descritos en la totalidad de reúso.",,Visitas de verificación de la Secretaría de Salud Departamental del Cauca - Santa Rosa - Santa Rosa,Administrador,,,,,,,,30/Jun/2025,0 %,-150,,
No Conformidad,1889,Misionales,calidad,12/Mar/2025,Vencida,,"16. Hasta tanto el Ministerio de Salud y Protección Social regule la materia, el prestador de servicios de salud podrá reusar dispositivos médicos, siempre y cuando el fabricante de dichos dispositivos autorice su reúso. En tal caso, el prestador de servicios de salud cuenta con información documentada que defina: 16.1. Los procedimientos, siguiendo las recomendaciones del fabricante, para el reprocesamiento y control de calidad que demuestren la eficacia, desempeño y esterilidad del producto: Al momento de la verificación se evidenica Manual de uso y reuso de dispositivos médicos MA - ES- CA-01 versión 01 abril del 2023, en el cual se identifica que cuenta definido con un listado de dispositivos de reúso, sin embargo se evidencia que no corresponde la ficha tecnica del nombre del dispositivo con la descripción del dispositivo, asi mismo se evidencia que no corresponde lo definido en las fichas tecnicas con los descritos en la totalidad de reúso. 16.2. Acciones de seguimiento a través de los comités de infecciones, de seguridad del paciente y del programa de tecnovigilancia, que garanticen que el dispositivo no ha perdido la eficacia y desempeño para el cual fue diseñado, ni exponga al riesgo de infecciones o complicaciones al usuario: Al momento de la verificación se evidencia el acto administratico donde implementan los comites institucionales mediante la resolución 128 de 2018 la cual se encuentra firmada, sin embargo los comite se encuentran conformados para este año y no cuenta con la soporte de acta de reuniones anteriores en el cual se pueda evidenciar la operativización.",,Visitas de verificación de la Secretaría de Salud Departamental del Cauca - Santa Rosa - Santa Rosa,Administrador,,,,,,,,30/Jun/2025,0 %,-150,,
No Conformidad,1890,Misionales,calidad,12/Mar/2025,Vencida,,"17. Para la referencia de pacientes, el prestador de servicios de salud cuenta con la siguiente información documentada: 17.1. Estabilización del paciente antes del traslado: Al momento de la verificación se verifica documento PR-MI-HU 52 VERSIÓN 1 Febrero del 2024. No se evidencia socialización de documento, no cuenta con medición de adherencia, no se evidencia dentro del plan de capacitación del año 2024 . 17.2. Medidas para el traslado: Al momento de la verificación se verifica documento PR-MI-HU 52 VERSIÓN 1 Febrero del 2024. No se evidencia socialización de documento, no cuenta con medición de adherencia, no se evidencia dentro del plan de capacitación del año 2024 .",,Visitas de verificación de la Secretaría de Salud Departamental del Cauca - Santa Rosa - Santa Rosa,Administrador,,,,,,,,30/Jun/2025,0 %,-150,,
No Conformidad,1891,Misionales,calidad,12/Mar/2025,Vencida,,"17.3. Lista de chequeo de los documentos necesarios para el traslado que incluya: 17.3.1. Diligenciamiento del formato de referencia de pacientes: 17.3.2. Resultados de apoyos diagnósticos realizados al paciente: 17.3.3. Resumen de historia clinica: 17.3.4. Mecanismos tecnológicos que le permitan realizar el proceso (software, correo, entre otros): 17.3.5. Talento humano que debe responsabilizarse de cada una de las etapas del proceso: 17.3.6. La referencia de pacientes que se detecten como víctimas de violencia sexual debe hacerse a un servicio de urgencias: No presentan documentación",,Visitas de verificación de la Secretaría de Salud Departamental del Cauca - Santa Rosa - Santa Rosa,Administrador,,,,,,,,30/Jun/2025,0 %,-150,,
No Conformidad,1892,Misionales,calidad,12/Mar/2025,Vencida,,"20. La Institución Prestadora de Servicios de Salud que cuente con servicios de salud de los grupos de consulta externa, internación o el servicio de urgencias, cuenta con: 20.1. Documento del proceso institucional que orienta la atención en salud de las víctimas de violencias sexuales. Al momento de la verificación se evidencia documento de protocolo de atención a victimas de violencia sexual Código MI-PP-VS Versión 2. febrero del 2023. Se evidencia que solo esta contextualizado para el punto de atención de almaguer y no se contemplan la totalidad de las sedes, documento que es trasversal a todas la sedes adscritas al prestador. Se verifica acta de socialización del día 12 de febrero del 2024 donde se evidencia que participan los 4 puntos de atención.",,Visitas de verificación de la Secretaría de Salud Departamental del Cauca - Santa Rosa - Santa Rosa,Administrador,,,,,,,,30/Jun/2025,0 %,-150,,
No Conformidad,1893,Misionales,calidad,12/Mar/2025,Vencida,,"22. En los servicios de transporte asistencial, atención prehospitalaria y urgencias, se cuenta con documento del proceso que orienta la atención en salud a víctimas de ataques con agentes químicos: Cuenta con protocolo quemaduras por acidos Código: PT-MI-UR-53 Versión O Fecha julio 2020. Al momento de la verificación no se tiene programado dentro del plan institucional de capacitacion 2024.",,Visitas de verificación de la Secretaría de Salud Departamental del Cauca - Santa Rosa - Santa Rosa,Administrador,,,,,,,,30/Jun/2025,0 %,-150,,
No Conformidad,1894,Misionales,calidad,12/Mar/2025,Vencida,,"23. Los prestadores de servicios de salud cuentan con información documentada de las condiciones de almacenamiento, conservación, control de fechas de vencimiento, uso y custodia de los medicamentos, dispositivos médicos e insumos contenidos en los kits de derrames de medicamentos, ataque con agentes químicos y de violencias sexuales, según su contenido: No se cuenta documentado las condiciones de almacenamiento, conservación, control de fechas de vencimiento, uso y custodia de los medicamentos, dispositivos médicos e insumos contenidos en los kits de derrames de medicamentos, ataque con agentes químicos y de violencias sexuales.",,Visitas de verificación de la Secretaría de Salud Departamental del Cauca - Santa Rosa - Santa Rosa,Administrador,,,,,,,,30/Jun/2025,0 %,-150,,
No Conformidad,1895,Misionales,calidad,12/Mar/2025,Vencida,,"24. Las Instituciones Prestadoras de Servicios de Salud con servicios de hospitalización, hospitalización de paciente crónico con y sin ventilador, cuidado intensivo neonatal, pediátrico y adulto, urgencias y del grupo quirúrgico, en la modalidad intramural, cuentan con la siguiente Información documentada: 24.1. Manejo de la enfermedad cerebro vascular: Al momento de la verificación se evidencia documento denominado PROTOCOLO ACCIDENTE CEREBROVASCULAR (ACV), versión O fecha 2022, se evidencia definido medicamentos. Sin embargo no tiene definido el talento humano definido , no tiene definido dispositivos medicos, ni equipos biomedicos requeridos para la atención para la prestación del servicio, no se cuenta incluido la atención con enfoque diferencial. Dentro del plan de capacitación 2024, no se encuentran programado. 24.2. Manejo del Trauma Craneoencefálico: Se verifica documento PROTOCOLO DE TRAUMA CRANEONCEFALICO ( TEC) Codigo: FR-MI-HO Versión O fecha julio 2022. se evidencia definido el talento humano necesario para la prestación del servicio. Sin embargo no se tiene definido medicamentos y dispositivos medicos, ni equipos biomedicos requeridos para la atención para la prestación del servicio, no se cuenta incluido la atención con enfoque diferencial. Dentro del plan de capacitación 2024, no se encuentran programado. 24.3. Detección de donantes de componentes anatómicos: Se verifica documento PROTOCOLO DE DONACION DEIGRANOS Código PT-MI-UR-06 Versión O fecha: julio 2022. Se recomienda contextualizar el documento segun los servicios que se prestan y las condiciones del prestador frente a la detección de donantes de componentes anatómicos. Dentro del plan de capacitación 2024, no se encuentran programado. 24.4. Mantenimiento del donante de componentes anatómicos: Se verifica documento PROTOCOLO DE DONACIÓN DE ORGANOS Código PT-MI-UR-06 Versión O fecha: julio 2022. Se recomienda contextualizar el documento segun los servicios que se prestan y las condiciones del prestador frente a la detección de donantes de componentes anatómicos. Dentro del plan de capacitación 2024, no se encuentran programado.",,Visitas de verificación de la Secretaría de Salud Departamental del Cauca - Santa Rosa - Santa Rosa,Administrador,,,,,,,,30/Jun/2025,0 %,-150,,
No Conformidad,1896,Misionales,calidad,12/Mar/2025,Vencida,,"27. Cuando el prestador de servicios de salud realice “pruebas en el punto de atención del paciente - (Point of Care Testing - POCT)” en un servicio habilitado cuenta con: 27.1. Información documentada sobre la toma, procesamiento, control de calidad y entrega de resultados: En el momento de la verificación no se evidencia documentado. 27.2. Controles de calidad realizados por un servicio de laboratorio clínico que puede ser propio o contratado para tal fin, cuando aplique, de acuerdo a las especificaciones del fabricante: En el momento de la verificación no se evidencia documentado. 27.3. Análisis de los reportes del control de calidad y toma de medidas preventivas y correctivas: En el momento de la verificación no se evidencia documentado.",,Visitas de verificación de la Secretaría de Salud Departamental del Cauca - Santa Rosa - Santa Rosa,Administrador,,,,,,,,30/Jun/2025,0 %,-150,,
No Conformidad,1897,Misionales,calidad,12/Mar/2025,Vencida,,"28. Orientación a los usuarios sobre las condiciones, requisitos y restricciones de acceso, permanencia y salida del vehículo, en condiciones de rutina o en condiciones de emergencia, a cargo del conductor del vehículo y el talento humano en salud: En el momento de la verificación no se evidencia documentado.",,Visitas de verificación de la Secretaría de Salud Departamental del Cauca - Santa Rosa - Santa Rosa,Administrador,,,,,,,,30/Jun/2025,0 %,-150,,
No Conformidad,1898,Misionales,calidad,12/Mar/2025,Vencida,,29. Mecanismos que garanticen comunicación para el seguimiento de los pacientes que lo requieran: En el momento de la verificación no se evidencia documentado.,,Visitas de verificación de la Secretaría de Salud Departamental del Cauca - Santa Rosa - Santa Rosa,Administrador,,,,,,,,30/Jun/2025,0 %,-150,,
No Conformidad,1899,Misionales,calidad,12/Mar/2025,Vencida,,"30. Mecanismos de supervisión de las actividades realizadas en el marco de los eventos de interés en salud pública, cuando aplique: En el momento de la verificación no se evidencia documentado.",,Visitas de verificación de la Secretaría de Salud Departamental del Cauca - Santa Rosa - Santa Rosa,Administrador,,,,,,,,30/Jun/2025,0 %,-150,,
No Conformidad,1900,Misionales,calidad,12/Mar/2025,Vencida,,"IMODALIDADES INTRAMURAL, EXTRAMURAL: UNIDAD MÓVIL, DOMICILIARIA, JORNADA DE SALUD Y TELEMEDICINA PRESTADOR REMISOR - PRESTADOR DE REFERENCIA: 4. Las historias clínicas cuentan con los componentes y los contenidos mínimos definidos en la normatividad que regula la materia: La historia clínica digital CADUCEOS SITIS tiene pendiente parametrizar el teléfono y parentesco del responsable.",,Visitas de verificación de la Secretaría de Salud Departamental del Cauca - Santa Rosa - Santa Rosa,Administrador,,,,,,,,30/Jun/2025,0 %,-150,,
No Conformidad,1901,Misionales,calidad,12/Mar/2025,Vencida,,"IMODALIDADES INTRAMURAL, EXTRAMURAL: UNIDAD MÓVIL, DOMICILIARIA, JORNADA DE SALUD Y TELEMEDICINA PRESTADOR REMISOR - PRESTADOR DE REFERENCIA: 5. La historia clínica y los registros asistenciales se diligencian en forma clara, legible, sin tachones, enmendaduras, intercalaciones, sin dejar espacios en blanco y sin utilizar siglas: La historia clínica digital CADUCEOS SITIS realiza registros asistenciales de forma clara, legible, sin tachones, enmendaduras, intercalaciones, con utilizacion de siglas y espacios en blanco en lo datos básicos.",,Visitas de verificación de la Secretaría de Salud Departamental del Cauca - Santa Rosa - Santa Rosa,Administrador,,,,,,,,30/Jun/2025,0 %,-150,,
No Conformidad,1902,Misionales,calidad,12/Mar/2025,Vencida,,"7. El diligenciamiento de los registros de atención de la historia clínica se realiza simultánea o inmediatamente después de la atención en salud: Se evidencia historia cínica digital CADUCEOS SITIS — el diligenciamiento de los registros de atención de la historia clínica verificadas se realizan no simultánea o inmediatamente después de la atención en salud del servicio de medicina ,enfermería adicionalmete no hay la suficiencia de usiuarios para el ingreso al sistema en ocasiones no puede ingresar al diligenciamiento. , la psicóloga no tiene computador para el diligenciamiento después de la atención lo cual genera riesgo en la atención por la privacidad,",,Visitas de verificación de la Secretaría de Salud Departamental del Cauca - Santa Rosa - Santa Rosa,Administrador,,,,,,,,30/Jun/2025,0 %,-150,,
No Conformidad,1903,Misionales,calidad,12/Mar/2025,Vencida,,"8. La historia clínica y demás registros son conservados en archivo único garantizando la custodia y confidencialidad de los documentos o registros protegidos legalmente por reserva: Se evidencia historia cínica digital CADUCEOS SITIS y demás registros son conservados en archivo único garantizando la custodia y confidencialidad de los documentos o registros protegidos legalmente por reserva se ingresa usuario ingresa con su contraseña,pero los consetimientos son guardados en los consultorios perdiedo la custodia y confidencialidad.",,Visitas de verificación de la Secretaría de Salud Departamental del Cauca - Santa Rosa - Santa Rosa,Administrador,,,,,,,,30/Jun/2025,0 %,-150,,
No Conformidad,1904,Misionales,calidad,12/Mar/2025,Vencida,,"9. El prestador de servicios de salud cuenta con un procedimiento de consentimiento informado que incluye mecanismos para verificar su aplicación, para que el paciente o usuario o su responsable aprueben o no documentalmente el procedimiento e intervención en salud a que va a ser sometido, previa información de los beneficios, riesgos, alternativas e implicaciones del acto asistencial: Se evidencia que el prestador de servicios de salud cuenta con un MANUAL DE CONSENTIMIENTO INFORMADO que incluye mecanismos para verificar su aplicación, para que el paciente o usuario o su responsable aprueben o no documentalmente el procedimiento e intervención en salud a que va a ser sometido, previa información de los beneficios, riesgos, alternativas e implicaciones del acto asistencial, se debe de realizar seguimiento a la implementación de consentimiento informado para los procedimientos ajustar de acuerdo a los servicios ofetados e incluir a PSICOLOGIA",,Visitas de verificación de la Secretaría de Salud Departamental del Cauca - Santa Rosa - Santa Rosa,Administrador,,,,,,,,30/Jun/2025,0 %,-150,,
No Conformidad,1905,Misionales,calidad,12/Mar/2025,Vencida,,"11. Cuenta con los siguientes registros, cuando los prestadores de servicios de salud realicen el proceso de esterilización dentro del servicio y fuera de centrales de esterilización: 11.1. Actividades documentadas y realizadas en el procedimiento de reúso de dispositivos médicos acorde con las recomendaciones del fabricante, incluyendo el número de reúsos por cada dispositivo esterilizado: No se evidencia registro de de reúsos por cada dispositivo esterilizado. 11.2. Registro de cargas: No se evidencia descrito registro de que se esteriliza en cada carga. 11.3. Resultados del control de calidad: No se evidencian resultados del control de calidad. 11.4. Listas del contenido de los paquetes que se esterilizan: No se evidencia descrito listas del contenido de los paquetes que se esterilizan. 11.5. Etiquetado de cada paquete que permita la trazabilidad de la esterilización: No se evidencia etiquetado de cada paquete que permita la trazabilidad de la esterilización.",,Visitas de verificación de la Secretaría de Salud Departamental del Cauca - Santa Rosa - Santa Rosa,Administrador,,,,,,,,30/Jun/2025,0 %,-150,,
No Conformidad,1906,Misionales,calidad,12/Mar/2025,Vencida,,"IMODALIDAD EXTRAMURAL JORNADA DE SALUD Y UNIDAD MOVIL: 14.7. Nombre de los pacientes atendidos: 14.8. Nombre de los pacientes trasladados: 14.9. Fecha y hora de ingreso al servicio: No se evidencia registro. 14.10. Cuidados por parte del personal de salud: No aporta información el prestador. 14.12. Registros de las fechas de llegada y de salida, cuando aplique: No aporta información el prestador. 14.13. Registros de las actividades realizadas: No aporta información el prestador.",,Visitas de verificación de la Secretaría de Salud Departamental del Cauca - Santa Rosa - Santa Rosa,Administrador,,,,,,,,30/Jun/2025,0 %,-150,,
No Conformidad,1907,Gestión de Talento Humano,calidad,12/Mar/2025,Vencida,,"1. Cumple con los criterios que le sean aplicables de todos los servicios y adicionalmente, disponibilidad de: Ver Estándar transversal Talento Humano.",,Visitas de verificación de la Secretaría de Salud Departamental del Cauca - Santa Rosa - Santa Rosa,Administrador,,,,,,,,30/Jun/2025,0 %,-150,,
No Conformidad,1908,Gestión de Recursos,calidad,12/Mar/2025,Vencida,,"Modalidades intramural. telemedicina - prestador remisor - categoría telexpenicia: 20. Cumple con los criterios que le sean aplicables de todos los servicios y adicionalmente cuenta con: No cumple con los criterios que le sean aplicables de todos los servicios. 20.1. Sala de procedimientos cuando el servicio cuente con habitaciones múltiples: No cuenta con sala de procedimientos. 20.2. Estación de enfermería: No cuenta con estación de enfermeria. 20.4. Habitación individual o múltiple para pacientes adultos, pediátricos o lactantes, segun oferta, que cuenta con: Solo cuenta con una habitacion multiples para pacientes adultos, pediátricos o lactantes. 20.4.1. Lavamanos, sanitario, ducha, área de guardarropa y sistema de llamado por cama o cuna: No cumple con el criterio descrito en este ítem. 20.4.3. La habitación múltiple para pacientes adultos debe tener una capacidad máxima de 4 camas, con área libre minima de 7 m2 por cama, separadas con barrera fisica flja o mavil: Cuenta con una habitación para dos camas, pero no se garantizan las dimensiones minimas de 7m2 por cama, tampoco se observa separación entre camas. 20.4.4. La habitación múltiple para pacientes pediátricos debe tener una capacidad máxima de 6 camas, con área libre minima de 6 m2 por cama, separadas con barrera fisica fija o móvil: No cuenta con habitacion para cama pediátrica. 20.4.6. Las habitaciones para pacientes adultos deben estar separadas de las habitaciones para pacientes pediátricos: No cumple con el criterio descrito en este item. 20.4.7. Las habitaciones para pacientes pediátricos cuentan con sistema de seguridad en las ventanas, mecanismos de protección en las instalaciones eléctricas y los aparatos sanitarios y muebles, deben tener la altura adecuada que permita al paciente su facil utilización: No cumple con el criterio descrito en este item. 20.4.8. Las puertas de acceso a las habitaciones deben permitir el paso y giro de camillas y sillas de ruedas: No cumple con el criterio descrito en este ítem. 20.4.9. El ambiente donde esté ubicado el sanitario y la ducha debe permitir el facil desplazamiento del paciente y contar con sistema de llamado de enfermería audible y visible: No cumple con el criterio descrito en este item. 20.5. Habitación individual de aislamiento que cuenta con: No cuenta con habitación de aislamiento. 20.5.1. Antecámara a manera de filtro, con lavamanos. La presión del aire debe ser acorde con la patología del paciente: No cuenta con habitación de aislamiento. 20.5.2. Baño: No cuenta con habitación de aislamiento. 20.5.3. Area de guardarropa: No cuenta con habitación de aislamiento.",,Visitas de verificación de la Secretaría de Salud Departamental del Cauca - Santa Rosa - Santa Rosa,Administrador,,,,,,,,30/Jun/2025,0 %,-150,,
No Conformidad,1909,Gestión de Recursos,calidad,12/Mar/2025,Vencida,,21. Disponibilidad de: 21 .1. Sala de visitas: dispone de sala de visitas. 21.2. Unidades sanitarias discriminadas por sexo: No dispone de unidades sanitarias discriminadas por sexo. 21.3. Ambiente para almacenamiento y distribución de alimentos: No dispone de ambiente para la preparación y distribución de alimentos.,,Visitas de verificación de la Secretaría de Salud Departamental del Cauca - Santa Rosa - Santa Rosa,Administrador,,,,,,,,30/Jun/2025,0 %,-150,,
No Conformidad,1910,Gestión de Recursos,calidad,12/Mar/2025,Vencida,,25. Cumple con los criterios que le sean aplicables de todos los servicios y adicionalmente cuenta con: Revisar estándar transversal.,,Visitas de verificación de la Secretaría de Salud Departamental del Cauca - Santa Rosa - Santa Rosa,Administrador,,,,,,,,30/Jun/2025,0 %,-150,,
No Conformidad,1911,Gestión de Recursos,calidad,12/Mar/2025,Vencida,,"35. Cumple con los criterios que le sean aplicables de todos los servicios y adicionalmente, cuenta con: No cumple con los criterios que le sean aplicables de todos los servicios.",,Visitas de verificación de la Secretaría de Salud Departamental del Cauca - Santa Rosa - Santa Rosa,Administrador,,,,,,,,30/Jun/2025,0 %,-150,,
No Conformidad,1912,Misionales,calidad,12/Mar/2025,Vencida,,"Modalidades intramural, telemedicina - prestador remisor - categoría telexpenicia: 42. Cumple con los criterios que le sean aplicables de todos los servicios y adicionalmente cuenta con la siguiente información documentada: Se verifico en el estándar transversal. 42.1. Criterios de ingreso y egreso al servicio: Prestador no presenta documentación. 42.2. Manejo de las principales causas de hospitalización, según oferta: Se verifica las causas principales de atención mediante el principio es pareto y se verifica soporte donde adaptan guia de manejo del ministerio de salud, sin embargo guias de manejo clinico para el servicio especifico no se encuentran documentadas en su totalidad. 42.3. Ronda médica diaria de evolución de pacientes: Prestador no presenta documentación. 42.5. Entrega de turno por parte de enfermería y de medicina: La ESE Cuenta con PROTOCOLO DE RECIBO Y ENTREGA DE TURNO Código: PT-MI-CE-21, se verifica que no se encuentran dentro del plan de capacitación institucional del 2024, ni cuenta con medición de adherencia. 42.6. Control de líquidos: La ESE presenta documento CONTROL DE LÍQUIDOS ADQUIRIDOS Y ELIMINADOS Código: PT-MIHO-22, se verifica que no se encuentran dentro del plan de capacitación institucional del 2024, ni cuenta con medición de adherencia. 42.7. Plan de cuidados de enfermería: La ESE presenta documento en Excel de plan de cuidados establecidos por patologías más frecuentes sin embargo no cuenta con un documento donde se defina los cuidados según las necesidades del paciente, no se cuenta con la socialización, ni medición de adherencia. 42.9. Sujeción de pacientes: La ESE presenta documento PT-MI-UR-55 protocolo de inmovilización paciente inconsciente y psiquiatrico el cual tiene como objetivo establecer las actividades que garanticen la correcta inmovilización del paciente, al momento de la verificación no se cuenta con soporte de socialización. 42.11. Cateterismo vesical: La ESE presenta documento PT-MI-UR-14 Versión 1 fecha agosto del 2020-en el cual no se especifica que elementos son necesarios para la inmovilización de pacientes, no se evidencia el alcance de aplicación del documento. 42.13. llustrar al paciente en el auto cuidado de la salud y la preservación de la seguridad de su atención: El prestador cuenta con documento definido como PROTOCOLO AUTOCUIDADO PACIENTE Y SUS CUIDADORES PT-MI-HO 01- Versión 2 fecha junio 20204, no se encuentra socializado para el año 2024. 42.14. Información a usuarios: El prestador no presenta documento solicitado. 42.15. Revisión del carro de paro: Cuenta con el documento CHEQUEO DEL DESFIBIRLADOR Y VERIFICACIÓN DEL CARRO DE PARO,sin codigo Versión 2 Fecha Junio 2022. No se encuentra dentro de la tematica a socializar para el año 2024. 42.16. Actividades de rehabilitación: fisioterapia, terapia ocupacional y terapia del lenguaje, que incluya los tipos de elementos e insumas requeridos para cada tipo de actividad, según se requiera: El prestador presenta PROTOCOLO DE ATENCIÓN EN FISIOTERAPIA Códgio PT-MI- CE-53Versión 0 del 2023, cuenta con documentos definidos respecto a la terapia respiratoria y física con los insumos requeridos para la prestación del servicio . Sin embargo no presentan documento, no se evidencia socialización para el año 2024.",,Visitas de verificación de la Secretaría de Salud Departamental del Cauca - Santa Rosa - Santa Rosa,Administrador,,,,,,,,30/Jun/2025,0 %,-150,,
No Conformidad,1913,Misionales,calidad,12/Mar/2025,Vencida,,"48. Cumple con los criterios que le sean aplicables de todos los servicios: Ver transversal de historia clinica, cuenta con historia clinica digital.",,Visitas de verificación de la Secretaría de Salud Departamental del Cauca - Santa Rosa - Santa Rosa,Administrador,,,,,,,,30/Jun/2025,0 %,-150,,
No Conformidad,1914,Gestión de Talento Humano,calidad,12/Mar/2025,Vencida,,"1. Cumple con los criterios que le sean aplicables de todos los servicios y adicionalmente, disponibilidad de: Ver Estándar transversal Talento Humano.",,Visitas de verificación de la Secretaría de Salud Departamental del Cauca - Santa Rosa - Santa Rosa,Administrador,,,,,,,,30/Jun/2025,0 %,-150,,
No Conformidad,1915,Gestión de Recursos,calidad,12/Mar/2025,Vencida,,"Modalidades intramural. telemedicina - prestador remisor - categoría telexpenicia: 20. Cumple con los criterios que le sean aplicables de todos los servicios y adicionalmente cuenta con: No cumple con los criterios que le sean aplicables de todos los servicios. 20.1. Sala de procedimientos cuando el servicio cuente con habitaciones múltiples: No cuenta con sala de procedimientos. 20.2. Estación de enfermería: No cuenta con estación de enfermeria. 20.4. Habitación individual o múltiple para pacientes adultos, pediátricos o lactantes, segun oferta, que cuenta con: Solo cuenta con una habitacion multiples para pacientes adultos, pediátricos o lactantes. 20.4.1. Lavamanos, sanitario, ducha, área de guardarropa y sistema de llamado por cama o cuna: No cumple con el criterio descrito en este ítem. 20.4.3. La habitación múltiple para pacientes adultos debe tener una capacidad máxima de 4 camas, con área libre minima de 7 m2 por cama, separadas con barrera fisica flja o mavil: Cuenta con una habitación para dos camas, pero no se garantizan las dimensiones minimas de 7m2 por cama, tampoco se observa separación entre camas. 20.4.4. La habitación múltiple para pacientes pediátricos debe tener una capacidad máxima de 6 camas, con área libre minima de 6 m2 por cama, separadas con barrera fisica fija o móvil: No cuenta con habitacion para cama pediátrica. 20.4.6. Las habitaciones para pacientes adultos deben estar separadas de las habitaciones para pacientes pediátricos: No cumple con el criterio descrito en este item. 20.4.7. Las habitaciones para pacientes pediátricos cuentan consistema de seguridad en las ventanas, mecanismos de protección en las instalaciones eléctricas y los aparatos sanitarios y muebles, deben tener la altura adecuada que permita al paciente su facil utilización: No cumple con el criterio descrito en este item. 20.4.8. Las puertas de acceso a las habitaciones deben permitir el paso y giro de camillas y sillas de ruedas: No cumple con el criterio descrito en este ítem. 20.4.9. El ambiente donde esté ubicado el sanitario y la ducha debe permitir el facil desplazamiento del paciente y contar con sistema de llamado de enfermería audible y visible: No cumple con el criterio descrito en este item. 20.5. Habitación individual de aislamiento que cuenta con: No cuenta con habitación de aislamiento. 20.5.1. Antecámara a manera de filtro, con lavamanos. La presión del aire debe ser acorde con la patología del paciente: No cuenta con habitación de aislamiento. 20.5.2. Baño: No cuenta con habitación de aislamiento. 20.5.3. Area de guardarropa: No cuenta con habitación de aislamiento.",,Visitas de verificación de la Secretaría de Salud Departamental del Cauca - Santa Rosa - Santa Rosa,Administrador,,,,,,,,30/Jun/2025,0 %,-150,,
No Conformidad,1916,Gestión de Recursos,calidad,12/Mar/2025,Vencida,,21. Disponibilidad de: 21 .1. Sala de visitas: No dispone de sala de visitas. 21.2. Unidades sanitarias discriminadas por sexo: No dispone de unidades sanitarias discriminadas por sexo. 21.3. Ambiente para almacenamiento y distribución de alimentos: No dispone de ambiente para la preparación y distribución de alimentos.,,Visitas de verificación de la Secretaría de Salud Departamental del Cauca - Santa Rosa - Santa Rosa,Administrador,,,,,,,,30/Jun/2025,0 %,-150,,
No Conformidad,1917,Gestión de Recursos,calidad,12/Mar/2025,Vencida,,25. Cumple con los criterios que le sean aplicables de todos los servicios y adicionalmente cuenta con: Revisar estándar transversal.,,Visitas de verificación de la Secretaría de Salud Departamental del Cauca - Santa Rosa - Santa Rosa,Administrador,,,,,,,,30/Jun/2025,0 %,-150,,
No Conformidad,1918,Gestión de Recursos,calidad,12/Mar/2025,Vencida,,"35. Cumple con los criterios que le sean aplicables de todos los servicios y adicionalmente, cuenta con: No cumple con los criterios que le sean aplicables de todos los servicios.",,Visitas de verificación de la Secretaría de Salud Departamental del Cauca - Santa Rosa - Santa Rosa,Administrador,,,,,,,,30/Jun/2025,0 %,-150,,
No Conformidad,1919,Misionales,calidad,12/Mar/2025,Vencida,,"Modalidades intramural, telemedicina - prestador remisor - categoría telexpenicia: 42. Cumple con los criterios que le sean aplicables de todos los servicios y adicionalmente cuenta con la siguiente información documentada: Se verifico en el estándar transversal. 42.1. Criterios de ingreso y egreso al servicio: Prestador no presenta documentación. 42.2. Manejo de las principales causas de hospitalización, según oferta: Se verifica las causas principales de atención mediante el principio es pareto y se verifica soporte donde adaptan guia de manejo del ministerio de salud, sin embargo guias de manejo clinico para el servicio especifico no se encuentran documentadas en su totalidad. 42.3. Ronda médica diaria de evolución de pacientes: Prestador no presenta documentación. 42.5. Entrega de turno por parte de enfermería y de medicina: La ESE Cuenta con PROTOCOLO DE RECIBO Y ENTREGA DE TURNO Código: PT-MI-CE-21, se verifica que no se encuentran dentro del plan de capacitación institucional del 2024, ni cuenta con medición de adherencia. 42.6. Control de líquidos: La ESE presenta documento CONTROL DE LÍQUIDOS ADQUIRIDOS Y ELIMINADOS Código: PT-MIHO-22, se verifica que no se encuentran dentro del plan de capacitación institucional del 2024, ni cuenta con medición de adherencia. 42.7. Plan de cuidados de enfermería: La ESE presenta documento en Excel de plan de cuidados establecidos por patologias más frecuentes sin embargo no cuenta con un documento donde se defina los cuidados según las necesidades del paciente, no se cuenta con la socialización, ni medición de adherencia. 42.9. Sujeción de pacientes: La ESE presenta documento PT-MI-UR-55 protocolo de inmovilización paciente inconsciente y psiquiátrico el cual tiene como objetivo establecer las actividades que garanticen la correcta inmovilización del paciente, al momento de la verificación no se cuenta con soporte de sacialización. 42.11. Cateterismo vesical: La ESE presenta documento PT-MI-UR-14 Versión 1 fecha agosto del 2020-en el cual no se especifica que elementos son necesarios para la inmovilización de pacientes, no se evidencia el alcance de aplicación del documento.",,Visitas de verificación de la Secretaría de Salud Departamental del Cauca - Santa Rosa - Santa Rosa,Administrador,,,,,,,,30/Jun/2025,0 %,-150,,
No Conformidad,1920,Misionales,calidad,12/Mar/2025,Vencida,,"42.13. llustrar al paciente en el auto cuidado de la salud y la preservación de la seguridad de su atención: El prestador cuenta con documento definido como PROTOCOLO AUTOCUIDADO PACIENTE Y SUS CUIDADORES PT-MI-HO 01- Versión 2 fecha junio 20204, no se encuentra socializado para el afip 2024. 42.14. Información a usuarios: El prestador no presenta documento solicitado. 42.15. Revisión del carro de paro: Cuenta con el documento CHEQUEO DEL DESFIBIRLADOR Y VERIFICACIÓN DEL CARRO DE PARO,sin codigo Versión 2 Fecha Junio 2022. No se encuentra dentro de la tematica a socializar para el año 2024. 42.16. Actividades de rehabilitación: fisioterapia, terapiaocupacional y terapia del lenguaje, que incluya los tipos de elementos e insumas requeridos para cada tipo de actividad, según se requiera: El prestador presenta PROTOCOLO DE ATENCIÓN EN FISIOTERAPIA Códgio PT-MI- CE-53Versión 0 del 2023, cuenta con documentos definidos respecto a la terapia respiratoria y física con losinsumos requeridos para la prestación del servicio . Sin embargo no presentan documento, no se evidencia socialización para el año 2024.",,Visitas de verificación de la Secretaría de Salud Departamental del Cauca - Santa Rosa - Santa Rosa,Administrador,,,,,,,,30/Jun/2025,0 %,-150,,
No Conformidad,1921,Misionales,calidad,12/Mar/2025,Vencida,,"48. Cumple con los criterios que le sean aplicables de todos los servicios: Ver transversal de historia clinica, cuenta con historia clinica digital.",,Visitas de verificación de la Secretaría de Salud Departamental del Cauca - Santa Rosa - Santa Rosa,Administrador,,,,,,,,30/Jun/2025,0 %,-150,,
No Conformidad,1922,Gestión de Recursos,calidad,12/Mar/2025,Vencida,,"10.3. Minimo una (1) unidad sanitaria discriminada por sexo apta para personas con movilidad reducida, o bateria sanitaria discriminada por sexo con minimo una (1) unidad sanitaria aptapara personas con movilidad reducida, cuando el prestador cuente con más de dos consultorios o ambientes de entrevista: No cuenta con bacterias sanitarias discriminadas por sexo con una (1) unidad sanitaria apta para personas con movilidad reducida.",,Visitas de verificación de la Secretaría de Salud Departamental del Cauca - Santa Rosa - Santa Rosa,Administrador,,,,,,,,30/Jun/2025,0 %,-150,,
No Conformidad,1923,Gestión de Recursos,calidad,12/Mar/2025,Vencida,,"19. El consultorio donde se realice examen físico cumple con los criterios que le sean aplicables de todos los servicios y adicionalmente cuenta con: 19.5. Equipo de órganos de los sentidos: No cuenta con equipo de órganos de los sentidos. 19.6. Martillo de reflejos: No cuenta con martillo de reflejos. 19.10. Termómetro, cuando lo requiera: No cuenta con termómetro.",,Visitas de verificación de la Secretaría de Salud Departamental del Cauca - Santa Rosa - Santa Rosa,Administrador,,,,,,,,30/Jun/2025,0 %,-150,,
No Conformidad,1924,Gestión de Recursos,calidad,12/Mar/2025,Vencida,,"24. Para la consulta externa de medicina general, cuenta con: 24.1. Fonendoscopio para adulto o pediátrico según la oferta del servicio. 24.2. Tensiómetro para adulto o pediátrico según la oferta del servicio: 24.3. Equipo de órganos de los sentidos: 24.4. Oximetro: 24.5. Glucómetro: 24.6. Martillo de reflejos: 24.7. Termómetro, cuanto lo requiera: 24.8. Cinta métrica: 24.9. Báscula grado médico o pesa bebé, según la oferta del servicio: No cuenta con el equipo de este item correspondiente.",,Visitas de verificación de la Secretaría de Salud Departamental del Cauca - Santa Rosa - Santa Rosa,Administrador,,,,,,,,30/Jun/2025,0 %,-150,,
No Conformidad,1925,Gestión de Recursos,calidad,12/Mar/2025,Vencida,,25. El prestador de servicios de salud cuenta con la dotación necesaria para realizar los procedimientos documentados en el estándar de procesos prioritarios: Se encuentra documentado en el estándar de procesos prioritarios pero no se evidencian los equipos.,,Visitas de verificación de la Secretaría de Salud Departamental del Cauca - Santa Rosa - Santa Rosa,Administrador,,,,,,,,30/Jun/2025,0 %,-150,,
No Conformidad,1926,Misionales,calidad,12/Mar/2025,Vencida,,32. Cumple con los criterios que le sean aplicables de todos los servicios: No Cumple con los criterios que le sean aplicables de todos los servicios.,,Visitas de verificación de la Secretaría de Salud Departamental del Cauca - Santa Rosa - Santa Rosa,Administrador,,,,,,,,30/Jun/2025,0 %,-150,,
No Conformidad,1927,Misionales,calidad,12/Mar/2025,Vencida,,"35. Cumple con los criterios que le sean aplicables de todos los servicios y adicionalmente cuando se realicen procedimientos. cuenta con la siguiente información documentada: 35.1. Procedimientos que se pueden realizar, incluyendo aquellos que requieran anestesia local y no impliquen anestesia regional ni seneral: Presenta el listado de procedimiento que se ejecutan dentro de la parte asistencial por parte delos profesionales de enfermeria para los servicios intramurales, para la prestación extramural no cuenta con documentado. 35.2.1. Preparación: Los documentos presentados por el prestador no cuentan con todas la especificaciones solicitadas. 35.2.2. Recomendaciones post procedimiento. Los documentos presentados por el prestador no cuentan con todas la especificaciones solicitadas. 35.2.3. Controles: Los documentos presentados por el prestador no cuentan con todas la especificaciones solicitadas. 35.2.4. Posibles complicaciones: Los documentos presentados por el prestador no cuentan con todas la especificaciones solicitadas.",,Visitas de verificación de la Secretaría de Salud Departamental del Cauca - Santa Rosa - Santa Rosa,Administrador,,,,,,,,30/Jun/2025,0 %,-150,,
No Conformidad,1928,Misionales,calidad,12/Mar/2025,Vencida,,"41. Cumple con los criterios que le sean aplicables de todos los servicios: Ver transversal de historia clinica, cuenta con historia clinica digital.",,Visitas de verificación de la Secretaría de Salud Departamental del Cauca - Santa Rosa - Santa Rosa,Administrador,,,,,,,,30/Jun/2025,0 %,-150,,
No Conformidad,1929,Gestión de Recursos,calidad,12/Mar/2025,Vencida,,"10.3. Mínimo una (1) unidad sanitaria discriminada por sexo apta para personas con movilidad reducida, o batería sanitaria discriminada por sexo con mínimo una (1) unidad sanitaria apta para personas con movilidad reducida, cuando el prestador cuente con más de dos consultorios o ambientes de entrevista: No cuenta con bacterias sanitarias discriminadas por sexo con una (1) unidad sanitaria apta para personas con movilidad reducida.",,Visitas de verificación de la Secretaría de Salud Departamental del Cauca - Santa Rosa - Santa Rosa,Administrador,,,,,,,,30/Jun/2025,0 %,-150,,
No Conformidad,1930,Gestión de Recursos,calidad,12/Mar/2025,Vencida,,32. Cumple con los criterios que le sean aplicables de todos los servicios: No Cumple con los criterios que le sean aplicables de todos los servicios.,,Visitas de verificación de la Secretaría de Salud Departamental del Cauca - Santa Rosa - Santa Rosa,Administrador,,,,,,,,30/Jun/2025,0 %,-150,,
No Conformidad,1931,Misionales,calidad,12/Mar/2025,Vencida,,"35. Cumple con los criterios que le sean aplicables de todos los servicios y adicionalmente cuando se realicen procedimientos. cuenta con la siguiente información documentada: 35.1. Procedimientos que se pueden realizar, incluyendo aquellos que requieran anestesia local y no impliquen anestesia regional ni general: Presenta el listado de procedimiento que se ejecutan dentro de la parte asistencial por parte de los profesionales de medicina general para los servicios intramurales, para la prestación extramural no cuenta con documentado. 35.2.1. Preparación: Los documentos presentados por el prestador no cuentan con todas la especificaciones solicitadas. 35.2.2. Recomendaciones post procedimiento: Los documentos presentados por el prestador no cuentan con todas la especificaciones solicitadas. 35.2.3. Controles: Los documentos presentados por el prestador no cuentan con todas la especificaciones solicitadas. 35.2.4. Posibles complicaciones. Los documentos presentados por el prestador no cuentan con todas la especificaciones solicitadas.",,Visitas de verificación de la Secretaría de Salud Departamental del Cauca - Santa Rosa - Santa Rosa,Administrador,,,,,,,,30/Jun/2025,0 %,-150,,
No Conformidad,1932,Misionales,calidad,12/Mar/2025,Vencida,,"41. Cumple con los criterios que le sean aplicables de todos los servicios: Ver transversal de historia clinica, cuenta con historia clinica digital.",,Visitas de verificación de la Secretaría de Salud Departamental del Cauca - Santa Rosa - Santa Rosa,Administrador,,,,,,,,30/Jun/2025,0 %,-150,,
No Conformidad,1933,Gestión de Recursos,calidad,12/Mar/2025,Vencida,,"10.3. Mínimo una (1) unidad sanitaria discriminada por sexo apta para personas con movilidad reducida, o batería sanitaria discriminada por sexo con mínimo una (1) unidad sanitaria apta para personas con movilidad reducida, cuando el prestador cuente con más de dos consultorios o ambientes de entrevista: No cuenta con bacterias sanitarias discriminadas por sexo con una (1) unidad sanitaria apta para personas con movilidad reducida.",,Visitas de verificación de la Secretaría de Salud Departamental del Cauca - Santa Rosa - Santa Rosa,Administrador,,,,,,,,30/Jun/2025,0 %,-150,,
No Conformidad,1934,Gestión de Recursos,calidad,12/Mar/2025,Vencida,,32. Cumple con los criterios que le sean aplicables de todos los servicios: No Cumple con los criterios que le sean aplicables de todos los servicios.,,Visitas de verificación de la Secretaría de Salud Departamental del Cauca - Santa Rosa - Santa Rosa,Administrador,,,,,,,,30/Jun/2025,0 %,-150,,
No Conformidad,1935,Misionales,calidad,12/Mar/2025,Vencida,,"41. Cumple con los criterios que le sean aplicables de todos los servicios: En visita de verificación no cumple con los criterios que le sean aplicables de todos los servicios, adicionalmente se evidencia que en el servicio la profesional no cuenta con computador para los registros de la historia clínica al momento de la atención , se evidencia que no todas las historias clínicas cuentan con consentimientos informados.",,Visitas de verificación de la Secretaría de Salud Departamental del Cauca - Santa Rosa - Santa Rosa,Administrador,,,,,,,,30/Jun/2025,0 %,-150,,
No Conformidad,1936,Gestión de Recursos,calidad,12/Mar/2025,Vencida,,"10.3. Mínimo una (1) unidad sanitaria discriminada por sexo apta para personas con movilidad reducida, o batería sanitaria discriminada por sexo con mínimo una (1) unidad sanitaria apta para personas con movilidad reducida, cuando el prestador cuente con más de dos consultorios o ambientes de entrevista: No cuenta con bacterias sanitarias discriminadas por sexo con una (1) unidad sanitaria apta para personas con movilidad reducida.",,Visitas de verificación de la Secretaría de Salud Departamental del Cauca - Santa Rosa - Santa Rosa,Administrador,,,,,,,,30/Jun/2025,0 %,-150,,
No Conformidad,1937,Gestión de Recursos,calidad,12/Mar/2025,Vencida,,"23.6. Instrumental básico definido por el prestador de acuerdo con la oferta del servicio (adultos o pediatría), la capacidad instalada, los procedimientos documentados en el estándar de procesos prioritarios y la técnica de esterilización y numero de ciclos de esterilización al dia: En el estándar de procesos prioritarios no se evidencia documentado el instrumental de acuerdo a lo verificado, tampoco se evidencia la técnica de esterilización y numero de ciclos de esterilización al día.",,Visitas de verificación de la Secretaría de Salud Departamental del Cauca - Santa Rosa - Santa Rosa,Administrador,,,,,,,,30/Jun/2025,0 %,-150,,
No Conformidad,1938,Gestión de Recursos,calidad,12/Mar/2025,Vencida,,"26. Para la consulta odontológica, cuenta con: 26.2. Lámpara de fotocurado o amalgamador según la oferta del servicio: No cuentan con lámpara de fotocurado para la modalidad. 26.6. Instrumental básico estéril definido por el prestador de acuerdo con la oferta del servicio (adultos o pediatria), la capacidad instalada y los procedimientos documentados en el estándar de procesos prioritarios: En el estándar de procesos prioritarios no se evidencia documentado el instrumental de acuerdo a lo verificado, tampoco se evidencia la técnica de esterilización y numero de ciclos de esterilización al día.",,Visitas de verificación de la Secretaría de Salud Departamental del Cauca - Santa Rosa - Santa Rosa,Administrador,,,,,,,,30/Jun/2025,0 %,-150,,
No Conformidad,1939,Gestión de Recursos,calidad,12/Mar/2025,Vencida,,27. Cumple con los criterios que le sean aplicables de todos los servicios: Revisar estándar transversal.,,Visitas de verificación de la Secretaría de Salud Departamental del Cauca - Santa Rosa - Santa Rosa,Administrador,,,,,,,,30/Jun/2025,0 %,-150,,
No Conformidad,1940,Misionales,calidad,12/Mar/2025,Vencida,,32. Cumple con los criterios que le sean aplicables de todos los servicios: No Cumple con los criterios que le sean aplicables de todos los servicios.,,Visitas de verificación de la Secretaría de Salud Departamental del Cauca - Santa Rosa - Santa Rosa,Administrador,,,,,,,,30/Jun/2025,0 %,-150,,
No Conformidad,1941,Misionales,calidad,12/Mar/2025,Vencida,,"35.1. Procedimientos que se pueden realizar, incluyendo aquellos que requieran anestesia local y no impliquen anestesia regional ni general: El prestador no cuenta con documento donde se evidencia los requisitos para manejo de anestesia local, cuenta con anotaciones en los protocolos de procedimientos donde deginie el manejo de la anestesia pero no describe las cantidades y riesgos posibles para el manejo y uso de los anestesico locales.",,Visitas de verificación de la Secretaría de Salud Departamental del Cauca - Santa Rosa - Santa Rosa,Administrador,,,,,,,,30/Jun/2025,0 %,-150,,
No Conformidad,1942,Misionales,calidad,12/Mar/2025,Vencida,,35.2. Información al paciente sobre: 35.2.1. Preparación: 35.2.2. Recomendaciones post procedimiento: 35.2.3. Controles: 35.2.4. Posibles complicaciones: No cuenta con la información solicitada.,,Visitas de verificación de la Secretaría de Salud Departamental del Cauca - Santa Rosa - Santa Rosa,Administrador,,,,,,,,30/Jun/2025,0 %,-150,,
No Conformidad,1943,Misionales,calidad,12/Mar/2025,Vencida,,"41. Cumple con los criterios que le sean aplicables de todos los servicios: El prestador no cuenta con registros de consentimientos firmados por el paciente ni por el profesional, se evidencia espacios vacíos, en los registros de la historia clínica.",,Visitas de verificación de la Secretaría de Salud Departamental del Cauca - Santa Rosa - Santa Rosa,Administrador,,,,,,,,30/Jun/2025,0 %,-150,,
No Conformidad,1944,Gestión de Talento Humano,calidad,12/Mar/2025,Vencida,,1.1. Profesional de la medicina o profesional de la enfermería: Se debe asignar un profesional de la Enfermeria o de la medicina para la supervisión del personal auxiliar.,,Visitas de verificación de la Secretaría de Salud Departamental del Cauca - Santa Rosa - Santa Rosa,Administrador,,,,,,,,30/Jun/2025,0 %,-150,,
No Conformidad,1945,Gestión de Recursos,calidad,12/Mar/2025,Vencida,,"4.4 Ambiente de vacunación, para administración de Mmedicamentos biológicos, que cuenta con: 4.4.3. Área para el alistamiento de termos o cajas térmicas: No cuenta con área para el alistamiento de termos. 4.4.4. Área de cadena de frío que incluye un mesón con poceta, con capacidad para el lavado de los termos, con grifo cuello de cisne o ducha teléfono, que puede estar ubicado en otro ambiente diferente al consultorio: No cuenta con área de cadena de frio. 4.4.6. Lavamanos: No cuenta con lavamanos.",,Visitas de verificación de la Secretaría de Salud Departamental del Cauca - Santa Rosa - Santa Rosa,Administrador,,,,,,,,30/Jun/2025,0 %,-150,,
No Conformidad,1946,Gestión de Recursos,calidad,12/Mar/2025,Vencida,,"5. Adicional a los criterios definidos para todos los servicios, la sede del prestador de servicios de salud que habilite el servicio de vacunación cuenta con: 5.1. Ambiente para el alistamiento de termos y cajas térmicas: No cuenta con área el alistamiento de termos o cajas térmicas. 5.2. Ambiente de cadena de frio, que puede ser el mismo de la modalidad intramural, que incluye un mesón con poceta, con capacidad para el lavado de los termos, con grifo cuello de cisne o ducha teléfono: No Cuenta con área de cadena de frío que incluye un mesón con poceta, con capacidad para el lavado de termos, con grifo cuello de cisne. 5.4. Lavamanos: Cuenta con lavamanos.",,Visitas de verificación de la Secretaría de Salud Departamental del Cauca - Santa Rosa - Santa Rosa,Administrador,,,,,,,,30/Jun/2025,0 %,-150,,
No Conformidad,1947,Misionales,calidad,12/Mar/2025,Vencida,,"8.1 Si se presenta interrupción de la cadena de frío, el prestador de servicios de salud realiza notificación segun el procedimiento establecido por el Invima: No cumplen con los criterios que sean aplicables de todos los servicio, cuenta con protocolo de notificacion si se presenta interrupción de la cadena de frio.",,Visitas de verificación de la Secretaría de Salud Departamental del Cauca - Santa Rosa - Santa Rosa,Administrador,,,,,,,,30/Jun/2025,0 %,-150,,
No Conformidad,1948,Misionales,calidad,12/Mar/2025,Vencida,,"10. Cumple con los criterios que le sean aplicables de todos los servicios, la modalidad intramural y adicionalmente cuenta con: 10.1 Si el prestador de servicios de salud administra la vacuna en un ambiente diferente al consultorio de vacunación cuenta con información documentada para el alistamiento de los biológicos para uso diario, así como la conservación de la cadena de frío. El prestador presenta documento denominado SALIDA EXTRAMURAL Pt-mi-ce-25 Versión 03 Fecha enero 2024, el cual se identifica que el documento no cuenta con la descripción de alistamiento del biologicos y se debera ampliar la conservación de la cadena frío ya que no se cuenta con la especificidad definida para la zona. El documento no se cuenta socializado ni programado dentro del plan de capacitación 2024.",,Visitas de verificación de la Secretaría de Salud Departamental del Cauca - Santa Rosa - Santa Rosa,Administrador,,,,,,,,30/Jun/2025,0 %,-150,,
No Conformidad,1949,Gestión de Talento Humano,calidad,12/Mar/2025,Vencida,,"1. Cumple con los criterios que le sean aplicables de todos los servicios y adicionalmente, cuenta con: Ver Estándar transversal Talento Humano.",,Visitas de verificación de la Secretaría de Salud Departamental del Cauca - Santa Rosa - Santa Rosa,Administrador,,,,,,,,30/Jun/2025,0 %,-150,,
No Conformidad,1950,Gestión de Recursos,calidad,12/Mar/2025,Vencida,,7. Cumple con los criterios que le sean aplicables de todos los servicios: No cumple con todos los criterios aplicable a los servicios.,,Visitas de verificación de la Secretaría de Salud Departamental del Cauca - Santa Rosa - Santa Rosa,Administrador,,,,,,,,30/Jun/2025,0 %,-150,,
No Conformidad,1951,Gestión de Recursos,calidad,12/Mar/2025,Vencida,,"8. Cuenta con: 8.2.2. Ducha manual o lavaojos que puede ser compartida entre los ambientes técnicos: No cuenta con ducha manual o lavaojos. 8.4. Ambiente para la toma de muestras especiales (cuando las realice), que cumple con los criterios definidos para el servicio de toma de muestras de laboratorio clínico: No cuenta con ambiente para la toma de muestras especiales. 8.5. Cubiculo para toma de muestras, (cuando se realice), quecumple con los criterios definidos para el servicio de toma de muestras de laboratorio clínico: No cuenta con cubículo para toma de muestras.",,Visitas de verificación de la Secretaría de Salud Departamental del Cauca - Santa Rosa - Santa Rosa,Administrador,,,,,,,,30/Jun/2025,0 %,-150,,
No Conformidad,1952,Gestión de Recursos,calidad,12/Mar/2025,Vencida,,"12. Cumple con los criterios que le sean aplicables de todos los servicios y adicionalmente, cuenta con: Revisar estándar transversal.",,Visitas de verificación de la Secretaría de Salud Departamental del Cauca - Santa Rosa - Santa Rosa,Administrador,,,,,,,,30/Jun/2025,0 %,-150,,
No Conformidad,1953,Gestión de Recursos,calidad,12/Mar/2025,Vencida,,"14. Cumple con los criterios que le sean aplicables de todos los servicios y adicionalmente cuenta con: Medicamentos, dispositivos médicos e insumos requeridos para el procesamiento de las muestras, de acuerdo con las pruebas que realice: No Cumple con los criterios que le sean aplicables de todos los servicios, cuenta con Medicamentos, dispositivos médicos e insumos requeridos para el procesamiento de las muestras.",,Visitas de verificación de la Secretaría de Salud Departamental del Cauca - Santa Rosa - Santa Rosa,Administrador,,,,,,,,30/Jun/2025,0 %,-150,,
No Conformidad,1954,Gestión de Calidad,calidad,12/Mar/2025,Vencida,,"Modalidades intramural, extramural unidad móvil, jornada de salud, telemedicina - prestador remisor: 16. Cumple con los criterios que le sean aplicables de todos los servicios y adicionalmente cuenta con la siguiente información documentada: Nota: No registra observación. 16.1. Programa de control de calidad interno y externo, que contemple las pruebas realizadas: El prestador para la vigencia 2024 no ha participado en el control externo de calidad, presenta soporte de contratación desde el mes de octubre 2024, para la participación en el año 2023 se observa que el analito de bilirrubinas presenta un mal desempeño, se encuentra con rangos que deben ser intervenidos. Los controles internos se diligencian software Medlab con buen comportamiento. 16.2. Validación secundaria o verificación: No se cuenta con la información solicitada en el momento de la visita. 16.3. Análisis de los reportes del control de calidad y toma de medidas preventivas y correctivas: Se observan registro de análisis a los reportes. No se evidencia toma de medidas correctivas para solucionar el mal desempeño de las blirubinas, lo que afecta la oferta de esta pruebanecesaria para los pacientes que la requieran. 16.4. Toma, identificación, transporte, conservación, embalaje y: El prestador cuenta con documento MA-MI-LA 13 Manual de toma, transporte, conservación y. 16.8. Control de calidad de las “pruebas en el punto de atención del paciente - (point of care testing -POCT)”, cuando aplique: El prestador no cuenta con controles de calidad para las pruebas de VIH, Sifilis, Dengue, Hepatitis B.",,Visitas de verificación de la Secretaría de Salud Departamental del Cauca - Santa Rosa - Santa Rosa,Administrador,,,,,,,,30/Jun/2025,0 %,-150,,
No Conformidad,1955,Misionales,calidad,12/Mar/2025,Vencida,,"Modalidades intramural, extramural unidad móvil, jornada de salud, telemedicina - prestador remisor 18. Cumple con los criterios que le sean aplicables de todos los servicios y adicionalmente cuenta con: No cumple con los criterios que le son aplicables a todos los servicios. 18.3. Registro de validación secundaria o verificación: El prestador no presenta la información solicitada. 18.6. Registro de control de calidad interno y externo: Cuenta con registros y analisis del control interno, para el control externo en el año 2024 no tiene ninguna participación en el programa. 18.7. Registro de control de calidad de las “pruebas en el punto de atención del paciente - (point of care testing - POCT)"", cuando aplique: El prestador no cuenta con controles de calidad para las pruebas de VIH, Sifilis, Dengue, Hepatitis.",,Visitas de verificación de la Secretaría de Salud Departamental del Cauca - Santa Rosa - Santa Rosa,Administrador,,,,,,,,30/Jun/2025,0 %,-150,,
No Conformidad,1956,Gestión de Talento Humano,calidad,12/Mar/2025,Vencida,,1. Cumple con los criterios que le sean aplicables de todos los servicios y adicionalmente cuenta con: Ver Estándar transversal Talento Humano.,,Visitas de verificación de la Secretaría de Salud Departamental del Cauca - Santa Rosa - Santa Rosa,Administrador,,,,,,,,30/Jun/2025,0 %,-150,,
No Conformidad,1957,Gestión de Recursos,calidad,12/Mar/2025,Vencida,,3. Cumple con los criterios que le sean aplicables de todos los servicios y adicionalmente: No cumple con todos los criterios aplicable a los servicios.,,Visitas de verificación de la Secretaría de Salud Departamental del Cauca - Santa Rosa - Santa Rosa,Administrador,,,,,,,,30/Jun/2025,0 %,-150,,
No Conformidad,1958,Gestión de Recursos,calidad,12/Mar/2025,Vencida,,"4. Cuenta con: 4.2. Cubiculo para la toma de muestras: No cuenta con cubículo para la toma de muestras. 4.3. Ambiente para la toma de muestras especiales cuando lo oferte, cuenta con unidad sanitaria y perchero (si el procedimiento lo indica): No cuenta con ambiente para la toma de muestras especiales. 4.4. Lavamanos: No cuenta con lavamanos. 4.5. Area de preparación, embalaje y remisión de las muestras que cuenta con: No cuenta con área de preparación, embalaje y remisión de las muestas. 4.5.1. Mesón de trabajo, con poceta cuando ésta se requiera: No cuenta con meson de trabajo con poceta. 4.5.1. Mesón de trabajo, con poceta cuando ésta se requiera: No cuenta con meson de trabajo con poceta.",,Visitas de verificación de la Secretaría de Salud Departamental del Cauca - Santa Rosa - Santa Rosa,Administrador,,,,,,,,30/Jun/2025,0 %,-150,,
No Conformidad,1959,Gestión de Recursos,calidad,12/Mar/2025,Vencida,,"Modalidades intramural, extramural unidad móvil, jornada de salud y domiciliaria: 7. Cumple con los criterios que le sean aplicables de todos los servicios y adicionalmente cuenta con: Revisar estándar transversal. 7.1 Equipos biomédicos necesarios, según las muestras que se tomen, de acuerdo con lo documentado en el estándar de procesos prioritarios. No cuenta con la documentación donde se describan los equipos necesarios para la prestación del servicio en las modalidades.",,Visitas de verificación de la Secretaría de Salud Departamental del Cauca - Santa Rosa - Santa Rosa,Administrador,,,,,,,,30/Jun/2025,0 %,-150,,
No Conformidad,1960,Misionales,calidad,12/Mar/2025,Vencida,,"Modalidades intramural, extramural unidad móvil, jornada de dsalud y domiciliaria: 8. Cumple con los criterios que le sean aplicables de todos los servicios y adicionalmente cuenta con: No cumple con los criterios que le sean aplicables de todos los servicios.",,Visitas de verificación de la Secretaría de Salud Departamental del Cauca - Santa Rosa - Santa Rosa,Administrador,,,,,,,,30/Jun/2025,0 %,-150,,
No Conformidad,1961,Misionales,calidad,12/Mar/2025,Vencida,,"Modalidades intramural, extramural unidad móvil, jornada de salud y domiciliaria: 9. Cumple con los criterios que le sean aplicables de todos los Servicios y adicionalmente, cuenta con la siguiente información documentada: No cumple con los criterios que le son aplicables a todos los servicios. 9.4. Procedimiento y condiciones para la toma de muestras en la modalidad extramural cuando se realicen: El prestador cuenta con documento MA-MI-LA 13 Manual de toma, transporte, conservación y remisión de muestras de laboratorio clínico, la modalidad extramural no se encuentra documentada.",,Visitas de verificación de la Secretaría de Salud Departamental del Cauca - Santa Rosa - Santa Rosa,Administrador,,,,,,,,30/Jun/2025,0 %,-150,,
No Conformidad,1962,Misionales,calidad,12/Mar/2025,Vencida,,10. Cumple con los criterios que le sean aplicables de todos los servicios y adicionalmente cuenta con: No cumple con los criterios que le son aplicables a todos los servicios.,,Visitas de verificación de la Secretaría de Salud Departamental del Cauca - Santa Rosa - Santa Rosa,Administrador,,,,,,,,30/Jun/2025,0 %,-150,,
No Conformidad,1963,Gestión de Talento Humano,calidad,12/Mar/2025,Vencida,,"1. Cumple con los criterios que le sean aplicables de todos los: No cuentan con Tecnologo en Regencia de Farmacia, se evidencia que la auxiliar NUBIA JANTEH.",,Visitas de verificación de la Secretaría de Salud Departamental del Cauca - Santa Rosa - Santa Rosa,Administrador,,,,,,,,30/Jun/2025,0 %,-150,,
No Conformidad,1964,Gestión de Recursos,calidad,12/Mar/2025,Vencida,,4. Cumple con los criterios que le sean aplicables de todos los servicios: No cumple con los criterios que le sean aplicables de todos los servicios.,,Visitas de verificación de la Secretaría de Salud Departamental del Cauca - Santa Rosa - Santa Rosa,Administrador,,,,,,,,30/Jun/2025,0 %,-150,,
No Conformidad,1965,Misionales,calidad,12/Mar/2025,Vencida,,11. Cumple con los criterios que le sean aplicables de todos los servicios: No cumple con los criterios que le sean aplicables de todos los servicios.,,Visitas de verificación de la Secretaría de Salud Departamental del Cauca - Santa Rosa - Santa Rosa,Administrador,,,,,,,,30/Jun/2025,0 %,-150,,
No Conformidad,1966,Misionales,calidad,12/Mar/2025,Vencida,,11. Cumple con los criterios que le sean aplicables de todos los servicios: No cumple con los criterios que le sean aplicables de todos los servicios.,,Visitas de verificación de la Secretaría de Salud Departamental del Cauca - Santa Rosa - Santa Rosa,Administrador,,,,,,,,30/Jun/2025,0 %,-150,,
No Conformidad,1967,Misionales,calidad,12/Mar/2025,Vencida,,15. Cumple con los criterios que le sean aplicables de todos los servicios y adicionalmente cuenta con la siguiente información documentada: No cumple con los criterios que le sean aplicables de todos los servicios.,,Visitas de verificación de la Secretaría de Salud Departamental del Cauca - Santa Rosa - Santa Rosa,Administrador,,,,,,,,30/Jun/2025,0 %,-150,,
No Conformidad,1968,Misionales,calidad,12/Mar/2025,Vencida,,19. Cumple con los criterios que le sean aplicables de todos los servicios: No Cumple con los criterios que le sean aplicables de todos los servicios.,,Visitas de verificación de la Secretaría de Salud Departamental del Cauca - Santa Rosa - Santa Rosa,Administrador,,,,,,,,30/Jun/2025,0 %,-150,,
No Conformidad,1969,Gestión de Talento Humano,calidad,12/Mar/2025,Vencida,,1. Cumple con los criterios que le sean aplicables de todos los servicios y adicionalmente cuenta con: Estandar transversal Talento Humano.,,Visitas de verificación de la Secretaría de Salud Departamental del Cauca - Santa Rosa - Santa Rosa,Administrador,,,,,,,,30/Jun/2025,0 %,-150,,
No Conformidad,1970,Gestión de Recursos,calidad,12/Mar/2025,Vencida,,"Modalidad intramural: 3. Cumple con los criterios que le sean aplicables de todos los servicios y adicionalmente cuenta con: No cumple con todos los criterios aplicable a los servicios. 3.1. Ambiente para la toma de muestras especiales, con unidad sanitaria y perchero: No cuenta con ambiente para la toma de muestras especiales, con unidad sanitaria y perchero. 3.3. Área o ambiente de preparación, embalaje y remisión de las muestras con mesón de trabajo: No dispone de área de preparación, embalaje y remisión de las muestras con mesón de trabajo.",,Visitas de verificación de la Secretaría de Salud Departamental del Cauca - Santa Rosa - Santa Rosa,Administrador,,,,,,,,30/Jun/2025,0 %,-150,,
No Conformidad,1971,Gestión de Recursos,calidad,12/Mar/2025,Vencida,,6. Cumple con los criterios que le sean aplicables de todos los servicios y adicionalmente cuenta con: Revisar estándar transversal.,,Visitas de verificación de la Secretaría de Salud Departamental del Cauca - Santa Rosa - Santa Rosa,Administrador,,,,,,,,30/Jun/2025,0 %,-150,,
No Conformidad,1972,Misionales,calidad,12/Mar/2025,Vencida,,7. Cumple con los criterios que le sean aplicables de todos los servicios y adicionalmente cuenta con: No cumple con los criterios que le sean aplicables de todos los servicios.,,Visitas de verificación de la Secretaría de Salud Departamental del Cauca - Santa Rosa - Santa Rosa,Administrador,,,,,,,,30/Jun/2025,0 %,-150,,
No Conformidad,1973,Misionales,calidad,12/Mar/2025,Vencida,,"odalidades intramural, extramural unidad móvil y jornada de salud: 8. Cumple con los criterios que le sean aplicables de todos los servicios y adicionalmente, cuenta con la siguiente información documentada: No cumplen con los criterios que le son aplicables de todos los servicios. 8.4. Control de calidad: No cuenta con la información documentada. 8.5. Entrega de resultados: El prestador en el momento de la visita se observan resultados pendientes desde el día 29 de agosto hasta la fecha, el seguimiento refieren realizarlo con el seguimiento a la entrega de resultados con la base CCU de la dimensión 5 de la Secretaria de Salud Departamental, Toda citologias positivas son reportadas a las EAPB pero al observar la base se observa que la oportunidad de entrega esta hasta de 30 días.",,Visitas de verificación de la Secretaría de Salud Departamental del Cauca - Santa Rosa - Santa Rosa,Administrador,,,,,,,,30/Jun/2025,0 %,-150,,
No Conformidad,1974,Misionales,calidad,12/Mar/2025,Vencida,,"Modalidades intramural, extramural unidad móvil y jornada de salud: 9. Cumple con los criterios que le sean aplicables de todos los servicios y adicionalmente cuenta con los siguientes registros: No cumplen con los criterios que le son aplicables de todos los servicios. 9.4. Análisis del control de calidad y de las medidas preventivas y correctivas: No cuenta con la información documentada.",,Visitas de verificación de la Secretaría de Salud Departamental del Cauca - Santa Rosa - Santa Rosa,Administrador,,,,,,,,30/Jun/2025,0 %,-150,,
No Conformidad,1975,Gestión de Talento Humano,calidad,12/Mar/2025,Vencida,,"1. Cumple con los criterios que le sean aplicables de todos los servicios y adicionalmente, cuenta con: Ver Estándar transversal Talento Humano.",,Visitas de verificación de la Secretaría de Salud Departamental del Cauca - Santa Rosa - Santa Rosa,Administrador,,,,,,,,30/Jun/2025,0 %,-150,,
No Conformidad,1976,Gestión de Recursos,calidad,12/Mar/2025,Vencida,,"Modalidades intramural, telemedicina - prestador remisor: 9. Cumple con los criterios que le sean aplicables de todos los servicios y adicionalmente cuenta con: No cumple con todos los criterios aplicable a los servicios. 9.2. Area de recepción y entrega de pacientes: No cuenta con área de recepción y entrega de pacientes. 9.3. Vestidor para pacientes que funciona como filtro: No cuenta con vestidor para pacientes que funciona como filtro. 9.4. Vestidor para talento humano que funciona como filtro y área para casilleros: No cuenta con vestidor para talento humano que funciona como filtro y área de casilleros. 9.5. Estación de enfermeria: No cuenta con estación de enfermería.",,Visitas de verificación de la Secretaría de Salud Departamental del Cauca - Santa Rosa - Santa Rosa,Administrador,,,,,,,,30/Jun/2025,0 %,-150,,
No Conformidad,1977,Gestión de Recursos,calidad,12/Mar/2025,Vencida,,"11. Ambiente de trabajo de parto cuenta con: No cuenta con ambiente de trabajo de partos. 11.1. Ambiente para dos camillas por cada mesa de parto: No cuenta con ambiente para dos camillas por cada mesa de parto. 11.2. Sistema de vacío: No cuenta con sistema de vacio, pero la red no se encuentran funcionamiento. Barrera física móvil o fija entre camillas que permite fácil limpieza y desinfección y la privacidad del paciente, cuando exista más de una camilla: No cuenta con barrera fisica móvil ni fija entre camillas.",,Visitas de verificación de la Secretaría de Salud Departamental del Cauca - Santa Rosa - Santa Rosa,Administrador,,,,,,,,30/Jun/2025,0 %,-150,,
No Conformidad,1978,Gestión de Recursos,calidad,12/Mar/2025,Vencida,,"Barrera física móvil o fija entre camillas que permite fácil limpieza y desinfección y la privacidad del paciente, cuando exista más de una camilla: 12.2. Sistema de vacío: No cuenta con sistema de vacio, pero la red no se encuentran funcionamiento. 12.3. Lavamanos quirúrgico en cantidad igual al número de partos, ubicado antes del ingreso a cada sala de partos: No cuenta con dos lavamanos quirúrgico. 12.4 La puerta de la sala permite la visualización entre el interior y el exterior o cuenta con un visor y su ancho permite el paso de las camillas: No cumple con el criterio descripto en este item.",,Visitas de verificación de la Secretaría de Salud Departamental del Cauca - Santa Rosa - Santa Rosa,Administrador,,,,,,,,30/Jun/2025,0 %,-150,,
No Conformidad,1979,Gestión de Recursos,calidad,12/Mar/2025,Vencida,,15. Ambiente de recuperación que cuenta con: No cuenta con ambiente de recuperación. 15.1 Puesto de enfermería: No cuenta con peusto de enfermeria. 15.2. Área para dos camillas por cada mesa de parto: No cuenta con dos camillas para la sala de partos.,,Visitas de verificación de la Secretaría de Salud Departamental del Cauca - Santa Rosa - Santa Rosa,Administrador,,,,,,,,30/Jun/2025,0 %,-150,,
No Conformidad,1980,Gestión de Recursos,calidad,12/Mar/2025,Vencida,,"Modalidades Intramural, telemedicina - prestador remisor: 19. Cumple con los criterios que le sean aplicables de todos los servicios y adicionalmente: Revisar estándar transversal.",,Visitas de verificación de la Secretaría de Salud Departamental del Cauca - Santa Rosa - Santa Rosa,Administrador,,,,,,,,30/Jun/2025,0 %,-150,,
No Conformidad,1981,Gestión de Recursos,calidad,12/Mar/2025,Vencida,,19.2. La sala de partos cuenta con: 19.2.1 Lámpara pielftica o cielltica: No cuenta con lámpara pielitica. 19.2.3. Equipo para atención de partos: El equipo para la atención de partos se encuentra con óxido. 19.2.4. Equipo de episiotomla y episiorrafia: El equipo de episiotomía y episorrafia se encuentra con óxido.,,Visitas de verificación de la Secretaría de Salud Departamental del Cauca - Santa Rosa - Santa Rosa,Administrador,,,,,,,,30/Jun/2025,0 %,-150,,
No Conformidad,1982,Gestión de Recursos,calidad,12/Mar/2025,Vencida,,"19.3.7. Laringoscopio con hoja neonatal: Cuenta con laringoscopio con hojas rectas y curvas para adultos, se evidencia una hoja de paciente neonatal, no se encuentran esteriles.",,Visitas de verificación de la Secretaría de Salud Departamental del Cauca - Santa Rosa - Santa Rosa,Administrador,,,,,,,,30/Jun/2025,0 %,-150,,
No Conformidad,1983,Misionales,calidad,12/Mar/2025,Vencida,,"Modalidades intramural, telemedicina - prestador remisor: 24. Cumple con los criterios que le sean aplicables de todos los servicios y adicionalmente cuenta con: No cumple con los criterios que le sean aplicables de todos los servicios. 24.1. Catéteres para vena umbilical: No cuenta con Catéteres para vena umbilical.",,Visitas de verificación de la Secretaría de Salud Departamental del Cauca - Santa Rosa - Santa Rosa,Administrador,,,,,,,,30/Jun/2025,0 %,-150,,
No Conformidad,1984,Misionales,calidad,12/Mar/2025,Vencida,,25.1. Catéteres para vena umbilical: No cuenta con Catéteres para vena umbilical.,,Visitas de verificación de la Secretaría de Salud Departamental del Cauca - Santa Rosa - Santa Rosa,Administrador,,,,,,,,30/Jun/2025,0 %,-150,,
No Conformidad,1985,Misionales,calidad,12/Mar/2025,Vencida,,"Modalidades intramural, telemedicina - prestador remisor: 27. Cumple con los criterios que le sean aplicables de todos los servicios y adicionalmente cuenta con la siguiente información documentada: Ver transversal de procesos prioritarios. 27.1. Atención del parto: La ESE cuenta con documento disminuir los riegos de enfermedad y muerte de la mujer y el recién nacido y optimizar el pronóstico de los mismo durante todas las etapas del parto, iniciando con la admisión de la paciente en el triage de urgencias adulto en el cual se realiza un valoración completa de la gestante, al momento de la verificación se constató que el personal encargado de realizar el triage obstétrico y de atención del parto no cuenta con capacitaciones en manejo de eventos obstétricos, no tienen acceso a herramientas como listas de chequeo, criterios de traige obstetrico, escala de alerta temprana, lo descrito evidencia un riesgo latente en la prestación en la seguridad materna, por lo que se deben tomar acciones inmediatas de mejora. 27.3. Manejo de complicaciones intraparto e instrumentación: La ESE cuenta con documento protocolo parto instrumentado y protocolo de código rojo de los cuales se cuenta con soporte de socialización de protocolo de código rojo, pese a eso al momento de la verificación médico de turno del día 30 de septiembre y medica del 1 de octubre manifestaron que no han recibido capacitación relacionada con los eventos obstétricos en la institución. 27.4. Atención al recién nacido que incluya: No cuenta con todos los criterios. 27.4.4. Criterios de remisión: No se cuenta con la informacion documentada. 27.4.5. Vacunación: La ESE cuenta con documento PT-MI-PP-07 vacunación del recién nacido el cual tiene como objetivo garantizar el inicio del esquema vacunal del recién nacido, mediante la aplicación de las vacunas antihepatitis b y BCG no se cuenta con soporte de socialización de dicho documento.",,Visitas de verificación de la Secretaría de Salud Departamental del Cauca - Santa Rosa - Santa Rosa,Administrador,,,,,,,,30/Jun/2025,0 %,-150,,
No Conformidad,1986,Misionales,calidad,12/Mar/2025,Vencida,,"30. Cumple con los criterios que le sean aplicables de todos los servicios y adicionalmente cuenta con partograma para toda materna en trabajo de parto: Ver transversal de historia clinica, cuenta con historia clinica digital que incluye partograma.",,Visitas de verificación de la Secretaría de Salud Departamental del Cauca - Santa Rosa - Santa Rosa,Administrador,,,,,,,,30/Jun/2025,0 %,-150,,
No Conformidad,1987,Gestión de Talento Humano,calidad,12/Mar/2025,Vencida,,"16. El servicio de urgencias cuenta con: No cumple con todos los criterios aplicable a los servicios. 16.1. Acceso directo desde el exterior de la edificación, localizado en el mismo piso o nivel donde funciona el servicio: No se evidencia acceso directo desde el exterior de la edificación, localizado en el mismo piso. 16.2. Ambientes y áreas definidas para la prestación del servicio, ubicadas en el mismo piso o nivel: No cumple con el criterio descrito en este item. 16.3. Circulación al interior del servicio que permite el flujo y desplazamiento expedito del personal y pacientes, facilitando los procesos de atención inmediata, oportunidad en la atención y las relaciones funcionales e interdependencia con los otros servicios: No cumple con el criterio descrito en este item.",,Visitas de verificación de la Secretaría de Salud Departamental del Cauca - Santa Rosa - Santa Rosa,Administrador,,,,,,,,30/Jun/2025,0 %,-150,,
No Conformidad,1988,Gestión de Recursos,calidad,12/Mar/2025,Vencida,,"Modalidades intramura/, telemedicina - prestador remisor: 18. Cumple con los criterios que le sean aplicables de todos los servicios y adicionalmente cuenta con: No cumple con todos los criterios aplicable a los servicios. 18.1. Sala de espera: No cuenta con sala de espera. 18.2. Unidades sanitarias discriminadas por sexo. De las cuales mínimo una (1) unidad sanitaria discriminada por sexo, es apta para personas con movilidad reducida: No cuenta con unidades sanitarias discriminadas por sexo para movilidad reducidad. 18.3. Área para estacionamiento de camillas y sillas de ruedas: No cuenta con área para estacionamiento de camillas y sillas de ruedas. 18.4. Ambiente para descontaminación de pacientes, con ducha teléfono y sistema de drenaje: No cuenta con ambiente para descontaminación de pacientes, con ducha teléfono y sistema de drenaje. 18.5. Consultorios con lavamanos., Al menos uno de los consultorios cuenta con unidad sanitaria el cual no requiere lavamanos adicional: No cuenta con consultorios con unidad sanitaria. 18.7. Estación de enfermería: No cuenta con estación de enfermeria. 18.13. Ambiente de aislamiento: No cuenta con ambiente para aislamiento.",,Visitas de verificación de la Secretaría de Salud Departamental del Cauca - Santa Rosa - Santa Rosa,Administrador,,,,,,,,30/Jun/2025,0 %,-150,,
No Conformidad,1989,Gestión de Recursos,calidad,12/Mar/2025,Vencida,,18.14. Sala de reanimación (12 m2) que cuenta con: No cuenta con sala de reanimación. 18.14.1 Mesón de trabajo con poceta: No cuenta con meson de trabajo con poceta. 18.14.2. Lavamanos: No cuenta con lavamanos.,,Visitas de verificación de la Secretaría de Salud Departamental del Cauca - Santa Rosa - Santa Rosa,Administrador,,,,,,,,30/Jun/2025,0 %,-150,,
No Conformidad,1990,Gestión de Recursos,calidad,12/Mar/2025,Vencida,,"18.15. Sala de observación adultos (6 m2 por camilla) independiente por sexo, que cuenta con: No cuenta con sala de observación adultos de seis (6) camillas. 18.15.1. Estación de enfermería que puede compartirse con la sala de observación pediátrica: No cuenta con estación de enfermeria. 18.15.2. Baño discriminado por sexo con ducha teléfono: No cuenta con baño discriminado por sexo. 18.15.3. Barrera física móvil o fija entre camillas: No cuenta con barrera física móvil entre camillas. 18.15.4. Sistema de llamado de enfermería por camilla de observación y en los baños: No cuenta con sistema de llamado de enfermeria.",,Visitas de verificación de la Secretaría de Salud Departamental del Cauca - Santa Rosa - Santa Rosa,Administrador,,,,,,,,30/Jun/2025,0 %,-150,,
No Conformidad,1991,Gestión de Recursos,calidad,12/Mar/2025,Vencida,,"18.16. Sala de observación pediátrica (6 m2 por camilla), que cuenta con: No cuenta con sala de observación pediatrica para dos (2) camillas. 18.16.1. Estación de enfermería que (puede compartirse con la sala de observación adultos: No cuenta cone estación de enfermeria que se comparte con observación adultos. 18.16.2. Baño con ducha teléfono y área acondicionada para batiar y vestir los lactantes: No cuenta con baño con ducha telefono. 18.16.3. Barrera física móvil o fija entre camillas: No cuenta con barrera física móvil entre camillas. 18.16.4. Sistema de llamado de enfermería por camilla de observación y en los baños: No cuenta con sistema de llamado de enfermeria.",,Visitas de verificación de la Secretaría de Salud Departamental del Cauca - Santa Rosa - Santa Rosa,Administrador,,,,,,,,30/Jun/2025,0 %,-150,,
No Conformidad,1992,Gestión de Recursos,calidad,12/Mar/2025,Vencida,,"22. Cumple con los criterios que le sean aplicables de todos los servicios y adicionalmente cuenta con: Revisar estándar transversal. 22.3. Elementos para sujeción física para pacientes adultos y pediátricos: No cuenta con elementos para sujeción física para pacientes adultos y pediátricos. 22.4. Equipo de toracostomia: No cuenta con equipo de toracostomia. 22.5. Carro de paro para paciente adulto y pediátrico: No cuenta con dotacion a paciente pediatrico, laringoscopio sin esterilizar.",,Visitas de verificación de la Secretaría de Salud Departamental del Cauca - Santa Rosa - Santa Rosa,Administrador,,,,,,,,30/Jun/2025,0 %,-150,,
No Conformidad,1993,Gestión de Recursos,calidad,12/Mar/2025,Vencida,,"23. Consultorio de urgencias, que cuenta con: No cuenta con consultorio de urgencias. 23.2. Tensiómetro adulto y pediátrico: No cuenta con tensiómetro adulto, no cuenta con tensiometro pediátrico, en el area adaptada. 23.3. Fonendoscopio adulto y pediátrico: No cuenta con fonendoscopio adulto, no cuenta con fonendoscopio pediátrico, en el area. 23.4. Termómetro: No cuenta con termometro, en el area adaptada. 23.8. Martillo de reflejos: No cuenta con martillo de reflejos, en el area adaptada.",,Visitas de verificación de la Secretaría de Salud Departamental del Cauca - Santa Rosa - Santa Rosa,Administrador,,,,,,,,30/Jun/2025,0 %,-150,,
No Conformidad,1994,Gestión de Recursos,calidad,12/Mar/2025,Vencida,,"24. Sala de procedimientos, que cuenta con: 24.3. Equipo de pequeña cirugía: No cuenta con equipo de pequeña cirugía. 24.4. Dotación requerida conforme con lo documentado en el estándar de procesos prioritarios: En el estándar de procesos prioritarios no describe la dotación requerida para el servicio. 24.5. Oxigeno medicinal que puede ser suministrado mediantesalida de oxigeno medicinal o mediante oxigeno medicinal portátil: No cuenta con oxigeno medicinal. 24.6. Succión. Puede ser suministrado mediante sistema de vacio o mediante aspirador: No cuenta con succión.",,Visitas de verificación de la Secretaría de Salud Departamental del Cauca - Santa Rosa - Santa Rosa,Administrador,,,,,,,,30/Jun/2025,0 %,-150,,
No Conformidad,1995,Gestión de Recursos,calidad,12/Mar/2025,Vencida,,"26. Sala de observación, que cuenta con: 26.2. Dotación requerida conforme con lo documentado en el estándar de procesos prioritarios: En el estándar de procesos prioritarios no describe la dotación requerida para el servicio. 26.3. Oxigeno medicinal que puede ser suministrado mediante salida de oxigeno medicinal o mediante oxigeno medicinal portátil por camilla: No cuenta con oxigeno medicinal. 26.4. Succión. Puede ser suministrado mediante sistema devacio o mediante aspirador: No cuenta con succión por medio de aspirador.",,Visitas de verificación de la Secretaría de Salud Departamental del Cauca - Santa Rosa - Santa Rosa,Administrador,,,,,,,,30/Jun/2025,0 %,-150,,
No Conformidad,1996,Gestión de Recursos,calidad,12/Mar/2025,Vencida,,27. Ambiente de transición que cuenta con: No cuenta con ambiente de transición. 27.1. Silla reclinable escualizable: No Cuenta con silla reclinable.,,Visitas de verificación de la Secretaría de Salud Departamental del Cauca - Santa Rosa - Santa Rosa,Administrador,,,,,,,,30/Jun/2025,0 %,-150,,
No Conformidad,1997,Gestión de Recursos,calidad,12/Mar/2025,Vencida,,"28. Sala de reanimación, que cuenta con: 28.2. Mesa auxiliar rodante: No cuenta con mesa auxilixar rodante. 28.3. Aspirador para cada camilla: No cuenta con aspirador para cada camilla.",,Visitas de verificación de la Secretaría de Salud Departamental del Cauca - Santa Rosa - Santa Rosa,Administrador,,,,,,,,30/Jun/2025,0 %,-150,,
No Conformidad,1998,Gestión de Recursos,calidad,12/Mar/2025,Vencida,,28.4. Monitor de signos vitales con accesorios adultos o pediátricos que cuenta como mínimo con: No cuenta con monitor. 28.4.1. Trazado electrocardiográfico: No cuenta con monitor. 28.4.2. Presión no invasiva: No cuenta con monitor. 28.4.3. Saturación de oxigeno: No cuenta con monitor. 28.4.4. Temperatura: No cuenta con monitor. 28.6. Lámpara o fuente de iluminación móvil o fija: No cuenta con lámpara. 28.7. Carro de paro: No cuenta con carro de paro.,,Visitas de verificación de la Secretaría de Salud Departamental del Cauca - Santa Rosa - Santa Rosa,Administrador,,,,,,,,30/Jun/2025,0 %,-150,,
No Conformidad,1999,Misionales,calidad,12/Mar/2025,Vencida,,34. Cumple con los Criterios que le sean aplicables de todos los servicios y adicionalmente cuenta con: No cumple con los criterios que le sean aplicables de todos los servicios.,,Visitas de verificación de la Secretaría de Salud Departamental del Cauca - Santa Rosa - Santa Rosa,Administrador,,,,,,,,30/Jun/2025,0 %,-150,,
No Conformidad,2000,Misionales,calidad,12/Mar/2025,Vencida,,"36. Cumple con los criterios definidos en todos los servicios y adicionalmente cuenta con la siguiente información documentada: Ver transversal procesos prioritarios. 36.1. Ronda médica de evolución diaria de pacientes: La ESE presenta PR-MI-HO-01 ronda de seguridad del paciente lo cual no es alugar a lo solicitado en el presente criterio. 36.3. Entrega de turno por parte de enfermería y de medicina: La ESE presenta documento PT-MI-CE-29 protocolo de recibo y entrega de turno el cual tiene como objetivo establecer las actividades necesarias para la correcta entrega y recibo de turno que garanticen la continuidad en la prestación de los servicios dicha entrega y recibo de turno se registra en la historia clínica del paciente, no se cuenta con soporte de socialización de dicho documento, por lo tanto no se puede garantizar que dicho documento este en ejecucion. 36.4. Control de líquidos: La ESE presenta documento PT-MI-HO-22 protocolo control de líquidos administrados y eliminados en el cual se relaciona los elementos e insumos necesarios, los elementos de protección personal, no se cuenta con soporte de socialización de dicho documento por lo tanto no se puede garantizar que estén en ejecución. 36.5. Plan de cuidados de enfermeria: La ESE presenta formato de plan de cuidados de enfermería el cual ya está estandarizado por patología, no se cuenta con documento macro del plan de cuidados al igual que no se cuentacon soporte de socialización de dicho documento por lo que no se puede garantizar que dicho plan de enfermeria se este ejecutando. 36.7. Sujeción de pacientes: La ESE presenta documento PT-MI-UR-55 protocolo de inmovilización paciente inconsciente y psiquiátrico el cual tiene como objetivo establecer las actividades que garanticen la correcta inmovilización del paciente, al momento de la verificación no se cuenta con soporte de socialización. 36.9. Cateterismo vesical: La ESE presenta documento PT-MI-UR-14 protocolo prevención y paso de sonda vesical el cualtiene como objetivo disminuir el riesgo de infección en el tracto urinario mediante una correcta técnica aséptica, al momento de la verificación no se cuenta con soporte de socialización nimedición de adherencia por lo que no se puede garantizar que dicho documento se encuentre ejecutado por lo anterior el prestador no cumple con el criterio verificado. 36.10. Preparación para la toma de imágenes diagnósticas: No cuenta con la informacion solicitada. 36.11. Información a familiares o responsables sobre el estado de salud del paciente: No cuenta con la informacion solicitada. 36.13. Selección y clasificación de pacientes - TRIAGE: La ESE cuenta con documento PT-MI-UR-29 protocolo de triage el cual tiene como objetivo definir las pautas que permitan priorizar la atención de los pacientes a su llegada a urgencias atreves de una evaluación rápida de enfermería, al momento de la verificación no se cuenta socialización ni medición de adherencia por lo que no se puede garantizar que el documento se encuentre en ejecución.",,Visitas de verificación de la Secretaría de Salud Departamental del Cauca - Santa Rosa - Santa Rosa,Administrador,,,,,,,,30/Jun/2025,0 %,-150,,
No Conformidad,2001,Misionales,calidad,12/Mar/2025,Vencida,,36.15. Criterios clinicos para la ubicación y atención de pacientes en el ambiente de transición: No cuenta con la informacion solicitada.,,Visitas de verificación de la Secretaría de Salud Departamental del Cauca - Santa Rosa - Santa Rosa,Administrador,,,,,,,,30/Jun/2025,0 %,-150,,
No Conformidad,2002,Misionales,calidad,12/Mar/2025,Vencida,,"36.16. Criterios clínicos para referir y recibir a un usuario a servicios de consulta externa, hospitalización u otros servicios de cualquier complejidad: No cuenta con la informacion solicitada.",,Visitas de verificación de la Secretaría de Salud Departamental del Cauca - Santa Rosa - Santa Rosa,Administrador,,,,,,,,30/Jun/2025,0 %,-150,,
No Conformidad,2003,Misionales,calidad,12/Mar/2025,Vencida,,36.17. Identificación de pacientes que por su condición clinica pueden ser tratados en su domicilio: No cuenta con la informacion solicitada.,,Visitas de verificación de la Secretaría de Salud Departamental del Cauca - Santa Rosa - Santa Rosa,Administrador,,,,,,,,30/Jun/2025,0 %,-150,,
No Conformidad,2004,Misionales,calidad,12/Mar/2025,Vencida,,36.18. Identificación de pacientes que por su condición clínica pueden ser derivados a servicios de consulta externa que cuenten con la estrategia de consulta prioritaria: No cuenta con la informacion solicitada.,,Visitas de verificación de la Secretaría de Salud Departamental del Cauca - Santa Rosa - Santa Rosa,Administrador,,,,,,,,30/Jun/2025,0 %,-150,,
No Conformidad,2005,Misionales,calidad,12/Mar/2025,Vencida,,"36.19. Manejo de urgencias que incluya: No cuenta con toda la informacion documentada. 36.19.2. Agitación psicomotora, conducta suicida y agresión a terceros: La ESE cuenta con documento PT-MI-UR-47 paciente agitado en el servicio de urgencia el cual dicta los lineamientos y estrategias para el manejo del paciente agitado, conducta suicida y agresión a terceros, el cual no se encuentra socializado. 36.19.3. Agudización de síntomas psiquiátricos e intervención en crisis: La ESE cuenta con documento PT-MI-UR-47 paciente agitado en el servicio de urgencia el cual dicta los lineamientos y estrategias para el manejo del paciente agitado, conducta suicida y agresión a terceros, el cual no se encuentra socializado.",,Visitas de verificación de la Secretaría de Salud Departamental del Cauca - Santa Rosa - Santa Rosa,Administrador,,,,,,,,30/Jun/2025,0 %,-150,,
No Conformidad,2006,Misionales,calidad,12/Mar/2025,Vencida,,"36.21. Información al paciente sobre recomendaciones al egreso, criterios de reingreso, controles y posibles complicaciones: No cuenta con la informacion solicitada.",,Visitas de verificación de la Secretaría de Salud Departamental del Cauca - Santa Rosa - Santa Rosa,Administrador,,,,,,,,30/Jun/2025,0 %,-150,,
No Conformidad,2007,Misionales,calidad,12/Mar/2025,Vencida,,"36.23. Atención en salud a víctimas de violencia sexual segun normatividad vigente: La ESE cuenta con documento protocolo de atención a víctimas de violencia sexual el cual tiene como objetivo garantizar la atención integral a toda víctima de violencia sexual de acorde a los criterios básicos e indispensables para el abordaje integral de las víctimas de violencia sexual, no se cuenta con soporte de socialización.",,Visitas de verificación de la Secretaría de Salud Departamental del Cauca - Santa Rosa - Santa Rosa,Administrador,,,,,,,,30/Jun/2025,0 %,-150,,
No Conformidad,2008,Misionales,calidad,12/Mar/2025,Vencida,,"36.24. Aislamiento de pacientes que por su condición clínica lo requieran: La ESE cuenta con documento PT-MI-HO-64 aislamiento de paciente el cual define los lineamientos para los diferentes tipos de aislamiento bajo las precauciones universales, no se cuenta con soporte de medición de adherencia ni de socialización.",,Visitas de verificación de la Secretaría de Salud Departamental del Cauca - Santa Rosa - Santa Rosa,Administrador,,,,,,,,30/Jun/2025,0 %,-150,,
No Conformidad,2009,Misionales,calidad,12/Mar/2025,Vencida,,"36.25. Documento que orienta la atención en salud de pacientes con problemas y trastornos en salud mental o consumo de sustancias psicoactivas: La ESE cuenta con documento guía clinica para la atención y manejo de la depresión en salud mental la cual tiene como objetivo establecer pautas de manejo de la depresión que permita un diagnóstico oportuno y manejo de los paciente con problemas de salud mental, al momento de la verificación no se cuenta con soporte de socialización con el personal de urgencias.",,Visitas de verificación de la Secretaría de Salud Departamental del Cauca - Santa Rosa - Santa Rosa,Administrador,,,,,,,,30/Jun/2025,0 %,-150,,
No Conformidad,2010,Misionales,calidad,12/Mar/2025,Vencida,,39. Cumple con los criterios que le sean aplicables de todos los servicios: ver transversal de historia clinica.,,Visitas de verificación de la Secretaría de Salud Departamental del Cauca - Santa Rosa - Santa Rosa,Administrador,,,,,,,,30/Jun/2025,0 %,-150,,
No Conformidad,2011,Misionales,calidad,12/Mar/2025,Vencida,,"1. Cumple con los criterios que le sean aplicables de todos los servicios y adicionalmente, cuenta con: Ver Estándar transversal Talento Humano. 1.1. Tecnólogo en atención prehospitalaria o técnico profesional en atención prehospitalaria o auxiliar en enfermerla, en cualquier caso, cuenta con constancia de asistencia en las acciones de formación continua en soporte vital básico: Disponibilidad de auxiliares de enfermería constancia de asistencia en las acciones de formación continua en soporte vital básico.",,Visitas de verificación de la Secretaría de Salud Departamental del Cauca - Santa Rosa - Santa Rosa,Administrador,,,,,,,,30/Jun/2025,0 %,-150,,
No Conformidad,2012,Gestión de Recursos,calidad,12/Mar/2025,Vencida,,"12.1.3. Área o ambiente para realizar procesos de limpieza y desinfección, que cuenta con mesón de trabajo con poceta: No cuenta con área para realizar procesos de limpieza y desinfección.",,Visitas de verificación de la Secretaría de Salud Departamental del Cauca - Santa Rosa - Santa Rosa,Administrador,,,,,,,,30/Jun/2025,0 %,-150,,
No Conformidad,2013,Gestión de Recursos,calidad,12/Mar/2025,Vencida,,"12.2. Disponibilidad de área o ambiente para realizar el proceso de aseo, limpieza y desinfección de los vehrculos. Cuando el prestador de servicios de salud contrate el proceso de aseo, limpieza y desinfección de los vehículos con un tercero, cuenta con un contrato, o convenio o acuerdo escrito entre las partes. Para este caso el tercero cuenta con los permisos correspondientes expedidos por la autoridad sanitaria y ambiental para tal fin: No cuenta con área para el lavado de las ambulacias.",,Visitas de verificación de la Secretaría de Salud Departamental del Cauca - Santa Rosa - Santa Rosa,Administrador,,,,,,,,30/Jun/2025,0 %,-150,,
No Conformidad,2014,Gestión de Recursos,calidad,12/Mar/2025,Vencida,,16.3. Sistema de georreferenciación y comunicación que permita el monitoreo y contacto con la entidad territorial en salud a través del CRUE. No cuenta con sistema de comunicaciones de uso exclusivo de la ambulancia realiza la comunicación por medio del celular personal.,,Visitas de verificación de la Secretaría de Salud Departamental del Cauca - Santa Rosa - Santa Rosa,Administrador,,,,,,,,30/Jun/2025,0 %,-150,,
No Conformidad,2015,Gestión de Recursos,calidad,12/Mar/2025,Vencida,,"31. Cumplen con los criterios definidos para todos los servicios y adicionalmente, cuentan con: Revisar estandar trasversal. 31.1. Desfibrilador externo automático, incluyendo electrodos adhesivos para adultos y pediátricos, con fecha de vencimiento vigente. Cuenta con DEA, se le informa al prestador que lo debe incoroporar de manera inmediata al vehiculo. 31.5. Aspirador nasal manual: No cuenta con aspirador nasal manual. 31.8. Camma principal con sistema de anclaje y cinturones de seguridad o correas para asegurar el paciente: No cuenta con cama principal con sistema de anclaje. 31.13. Pinzas de Magill: No cuenta con pinzas de magil aptas para prestar el servicio. 31.14. Tijeras de material o cortatodo: No cuenta con tijeras de material corta todo.",,Visitas de verificación de la Secretaría de Salud Departamental del Cauca - Santa Rosa - Santa Rosa,Administrador,,,,,,,,30/Jun/2025,0 %,-150,,
No Conformidad,2016,Gestión de Recursos,calidad,12/Mar/2025,Vencida,,"31.22. Conjunto para inmovilización que cuenta con inmovilizadores cervicales graduables, adulto (2) y pediátrico (2), inmovilizadores laterales de cabeza, inmovilizadores para extremidades superiores e inferiores: Cuenta con inmovilizadores cervicales graduables, adulto y pediátrico (2), inmovilizadores laterales de cabeza, no cuenta con inmovilizadores para extremidades superiores e inferiores.",,Visitas de verificación de la Secretaría de Salud Departamental del Cauca - Santa Rosa - Santa Rosa,Administrador,,,,,,,,30/Jun/2025,0 %,-150,,
No Conformidad,2017,Gestión de Recursos,calidad,12/Mar/2025,Vencida,,31.25. Monitor de signos vitales con accesorios adultos y pediátricos que cuenta como mínimo con: 31.25.2. Presión no invasiva: No cuenta con accesorio de presión no invasiva. 31.25.3. Saturación de oxigeno que puede estar integrado en el monitor o externo: No cuenta con accesorio de saturación de oxigeno.,,Visitas de verificación de la Secretaría de Salud Departamental del Cauca - Santa Rosa - Santa Rosa,Administrador,,,,,,,,30/Jun/2025,0 %,-150,,
No Conformidad,2018,Gestión de Recursos,calidad,12/Mar/2025,Vencida,,"36. Cumple con los criterios que le sean aplicables de todos los servicios y adicionalmente el prestador define los medicamentos, dispositivos médicos e insumas requeridos de acuerdo con lo documentado en el estándar de procesos prioritarios: No Cumple con los criterios que le sean aplicables de todos los servicios.",,Visitas de verificación de la Secretaría de Salud Departamental del Cauca - Santa Rosa - Santa Rosa,Administrador,,,,,,,,30/Jun/2025,0 %,-150,,
No Conformidad,2019,Gestión de Recursos,calidad,12/Mar/2025,Vencida,,37.2. Aditamento supraglótico de varias tallas adulto y pediátrico: No cuenta con aditamento supraglótico.,,Visitas de verificación de la Secretaría de Salud Departamental del Cauca - Santa Rosa - Santa Rosa,Administrador,,,,,,,,30/Jun/2025,0 %,-150,,
No Conformidad,2020,Misionales,calidad,12/Mar/2025,Vencida,,41. Cumple con los criterios que le sean aplicables de todos los servy iadciciionaolmsent e cuenta con la siguiente información documentada: El prestador no cumple con los criterios que le sean aplicables de todos los servicios.,,Visitas de verificación de la Secretaría de Salud Departamental del Cauca - Santa Rosa - Santa Rosa,Administrador,,,,,,,,30/Jun/2025,0 %,-150,,
No Conformidad,2021,Misionales,calidad,12/Mar/2025,Vencida,,43. Cumple con los criterios que le sean aplicables de todos los servicios y adicionalmente cuenta con: El prestador no cumple cpn los criterios que sean aplicables a todos los servicios.,,Visitas de verificación de la Secretaría de Salud Departamental del Cauca - Santa Rosa - Santa Rosa,Administrador,,,,,,,,30/Jun/2025,0 %,-150,,
No Conformidad,18,Gestión de Recursos,calidad,10/Mar/2025,Vencida,,La rampa ubicada al ingreso de la institución no cuenta con cinta antideslizante ni pasamanos.,,Auditoría de Calidad - AIC - San Sebastián,Administrador,,Realizar instalacion de cinta antideslizante y pasamanos,Administrador,10/Mar/2025,-,,,30/Jun/2025,0 %,-150,,
No Conformidad,19,Gestión de Recursos,calidad,10/Mar/2025,Vencida,,*Los baños no cuentan con señalética tipo braille;,,Auditoría de Calidad - AIC - San Sebastián,Administrador,,"Realizar cotizacion, diseño y contratación para la instalacion de señaletica tipo braille",Administrador,10/Mar/2025,-,,,30/Jun/2025,0 %,-150,,
No Conformidad,20,Gestión de Recursos,calidad,10/Mar/2025,Vencida,,*La señalética tipo braille no se encuentra ubicada a una altura adecuada para ser utilizada por los usuarios que la requieran.,,Auditoría de Calidad - AIC - San Sebastián,Administrador,,Reubicar señaletica a la altura indicada,Administrador,10/Mar/2025,-,,,30/Jun/2025,0 %,-150,,
No Conformidad,21,Gestión de Recursos,calidad,10/Mar/2025,Vencida,,*Los baños ubicados en la sala de espera no cuentan con aditamentos para personas en situación de discapacidad o movilidad reducida.,,Auditoría de Calidad - AIC - San Sebastián,Administrador,,Realizar instalación de aditamentos en los baños para las personas de movilidad reducida,Administrador,10/Mar/2025,-,,,30/Jun/2025,0 %,-150,,
No Conformidad,22,SIAU,calidad,10/Mar/2025,Vencida,,*Se evidencia que no coincide la información descrita en el manual de atención al usuario describen que cumplen con los tiempos de respuesta de las PQRS; de acuerdo a la circular 05 de 2023 pero manifiestan que realizan la apertura del buzón cada 8 días; se sugiere que la apertura se realice día de promedio y creen un formato para describir lo que se encuentre y se realice solo un acta de manera mensual.,,Auditoría de Calidad - AIC - San Sebastián,Administrador,,Realizar actualización del manual de atencion al usuario,Administrador,10/Mar/2025,-,,,30/Jun/2025,0 %,-150,,
No Conformidad,23,Gestión de Recursos,calidad,10/Mar/2025,Vencida,,*Se sugiere instalar señalética para atención preferencias visible en donde se visualicen las imágenes de atención preferencial.,,Auditoría de Calidad - AIC - San Sebastián,Administrador,,"Reubicar señaletica de atención preferencial, en un lugar visible.",Administrador,10/Mar/2025,-,,,30/Jun/2025,0 %,-150,,
No Conformidad,24,Gestión de Recursos,calidad,10/Mar/2025,Vencida,,Se evidencia que de acuerdo a la capacidad instalada hay habilitados 5 consultorios y tienen en funcionamiento 4 se debe realizar la novedad de cierre de un consultorio el cual fue adecuado para el servicio de farmacia.,,Auditoría de Calidad - AIC - San Sebastián,Administrador,,Realizar revisión de necesidad para la modificacion de capacidad instalada.,calidad,10/Mar/2025,-,,,30/Jun/2025,0 %,-150,,
No Conformidad,25,Gestión de Talento Humano,calidad,10/Mar/2025,Vencida,,"*Se evidencia que la enfermera Tatiana Córdoba y Auxiliar de Enfermería: Yaneri Santiago Anacona No cuenta con el certificado ""pruebas en punto de atención del paciente - (point of care testing - POCT)""",,Auditoría de Calidad - AIC - San Sebastián,Administrador,,"Realizar revisión de hojas de vida del personal, con el fin de identificar los cursos de formacion pendientes",calidad,10/Mar/2025,-,,,30/Jun/2025,0 %,-150,,
,,,,,,,,,,,,Gestionar cursos de formación continua pertinente para el personal.,calidad,10/Mar/2025,-,,,,,,,
No Conformidad,26,Gestión de Talento Humano,calidad,10/Mar/2025,Vencida,,*Odontólogo: Sebastián Acosta; no cuenta con el curso en soporte vital básico.,,Auditoría de Calidad - AIC - San Sebastián,Administrador,,Realizar gestion para la capacitacion continua del personal.,calidad,10/Mar/2025,-,,,30/Jun/2025,0 %,-150,,
No Conformidad,27,Gestión de Recursos,calidad,10/Mar/2025,Vencida,,*En el recorrido realizado por la institución se evidencia que no cuentan con ambiente de aseo de uso exclusivo para el proceso de esterilización.,,Auditoría de Calidad - AIC - San Sebastián,Administrador,,Gestionar ambiente de aseo de uso exclusivo para el proceso de esterilización.,Administrador,30/Jun/2025,-,,,30/Jun/2025,0 %,-150,,
No Conformidad,28,Gestión Ambiental,calidad,10/Mar/2025,Vencida,,*No soportan certificado de mantenimiento de los tanques de agua.,,Auditoría de Calidad - AIC - San Sebastián,Administrador,,Gestionar el certificado al lavado de los tanques.,Administrador,10/Mar/2025,-,,,30/Jun/2025,0 %,-150,,
No Conformidad,29,Gestión de Recursos,calidad,10/Mar/2025,Vencida,,*Se evidencia que la rampa ubicada al ingreso de la institución no cuenta con pasamanos ni piso antideslizante.,,Auditoría de Calidad - AIC - San Sebastián,Administrador,,,,,,,,30/Jun/2025,0 %,-150,,
No Conformidad,30,Gestión Ambiental,calidad,10/Mar/2025,Vencida,,*No aportan concepto de inspección y vigilancia sanitaria por ente departamental o municipal.,,Auditoría de Calidad - AIC - San Sebastián,Administrador,,solicitud de concepto de inspección y vigilancia dirigido a la Secretaría de Salud Departamental,Administrador,31/Mar/2025,-,,,30/Jun/2025,0 %,-150,,
,,,,,,,,,,,,hacer seguimiento a la solicitud realizada,Administrador,30/Jun/2025,-,,,,,,,
,,,,,,,,,,,,atender visita de inspección por parte de la SSDC,Administrador,31/Dic/2025,-,,,,,,,
No Conformidad,31,Gestión de Recursos,calidad,10/Mar/2025,Vencida,,*No soportan certificado RETIE;,,Auditoría de Calidad - AIC - San Sebastián,Administrador,,Gestionar revision y certificado de redes electricas del punto de atención.,calidad,30/Jun/2025,-,,,30/Jun/2025,0 %,-150,,
No Conformidad,32,Gestión Ambiental,calidad,10/Mar/2025,Vencida,,*No se evidencia señalización ni demarcación de la ruta de recolección de residuos hospitalario; el área de segregación de residuos no cuenta con señalización de acuerdo a los colores normativos.,,Auditoría de Calidad - AIC - San Sebastián,Administrador,,Realizar la señalizacion de ruta y segregacion de residuos.,calidad,30/Jun/2025,-,,,30/Jun/2025,0 %,-150,,
No Conformidad,33,Gestión de Recursos,calidad,10/Mar/2025,Vencida,,"*La sala de procedimientos del servicio de urgencias no cuenta con mesón de trabajo, poceta o lavamanos. * La sala de procedimiento no cuenta con una medida de 8m2. *La sala de procedimientos tiene mesón de trabajo. *La sala de procedimientos no cuenta con poceta. *La sala de procedimientos no cuenta con lavamanos.",,Auditoría de Calidad - AIC - San Sebastián,Administrador,,,,,,,,30/Jun/2025,0 %,-150,,
No Conformidad,38,Gestión de Recursos,calidad,10/Mar/2025,Vencida,,*La estación de enfermería no cuenta con monitorización permanente de los pacientes o sistemas alternativos para su visualización.,,Auditoría de Calidad - AIC - San Sebastián,Administrador,,,,,,,,30/Jun/2025,0 %,-150,,
No Conformidad,39,Gestión de Recursos,calidad,10/Mar/2025,Vencida,,*La estación de enfermería no cuenta con mesón de trabajo,,Auditoría de Calidad - AIC - San Sebastián,Administrador,,,,,,,,30/Jun/2025,0 %,-150,,
No Conformidad,40,Gestión de Recursos,calidad,10/Mar/2025,Vencida,,*El servicio de urgencias no cuenta con ambiente de trabajo sucio,,Auditoría de Calidad - AIC - San Sebastián,Administrador,,,,,,,,30/Jun/2025,0 %,-150,,
No Conformidad,41,Gestión de Recursos,calidad,10/Mar/2025,Vencida,,*La estación de enfermería no cuenta con ambiente o área de trabajo limpio y sucio.,,Auditoría de Calidad - AIC - San Sebastián,Administrador,,,,,,,,30/Jun/2025,0 %,-150,,
No Conformidad,42,Gestión de Recursos,calidad,10/Mar/2025,Vencida,,*No se evidencia el servicio de urgencia Área o ambiente para depósito de ropa limpia de dimensión,,Auditoría de Calidad - AIC - San Sebastián,Administrador,,,,,,,,30/Jun/2025,0 %,-150,,
No Conformidad,43,Gestión de Recursos,calidad,10/Mar/2025,Vencida,,"*No se evidencia el servicio de urgencia Área o Ambiente para depósito de ropa sucia, con dimensión variable de acuerdo con las necesidades del servicio.",,Auditoría de Calidad - AIC - San Sebastián,Administrador,,,,,,,,30/Jun/2025,0 %,-150,,
No Conformidad,44,Gestión de Recursos,calidad,10/Mar/2025,Vencida,,* El baño para usuarios en situación de discapacidad y movilidad reducida no cuenta con alarma de llamado.,,Auditoría de Calidad - AIC - San Sebastián,Administrador,,,,,,,,30/Jun/2025,0 %,-150,,
No Conformidad,45,Gestión de Recursos,calidad,10/Mar/2025,Vencida,,* El piso del consultorio de procedimiento de citologías no cuenta con estándares de calidad se evidencian dilataciones debajo de la camilla hay un puro el cual es foco de infección.,,Auditoría de Calidad - AIC - San Sebastián,Administrador,,,,,,,,30/Jun/2025,0 %,-150,,
No Conformidad,46,Gestión de Recursos,calidad,10/Mar/2025,Vencida,,"*Se evidencia que la sala parto, sala de procedimientos, consultorio de citologías, laboratorio clínico, central de esterilización no cuenta con media caña en la unión entre la pared y el piso.",,Auditoría de Calidad - AIC - San Sebastián,Administrador,,,,,,,,30/Jun/2025,0 %,-150,,
No Conformidad,47,Gestión de Recursos,calidad,10/Mar/2025,Vencida,,* El archivo de historias clínicas físicas no se encuentra adecuadamente se observan cajas abiertas no cuenta con ubicación de en estantes; se evidencia en un área abierta lo cual no garantiza la seguridad de las mismas.,,Auditoría de Calidad - AIC - San Sebastián,Administrador,,,,,,,,30/Jun/2025,0 %,-150,,
No Conformidad,48,Gestión de Recursos,calidad,10/Mar/2025,Vencida,,* No soporta concepto sanitario de la entidad competente.,,Auditoría de Calidad - AIC - San Sebastián,Administrador,,,,,,,,30/Jun/2025,0 %,-150,,
No Conformidad,50,Gestión de Recursos,calidad,10/Mar/2025,Vencida,,DOPLER FETAL ubicado en sala de procedimientos 2 Serie m19606510018; MARCA: EDAM - No soportan certificado de Calibración de acuerdo al número de serie verificada en el inventario de equipos biomédicos.,,Auditoría de Calidad - AIC - San Sebastián,Administrador,,,,,,,,30/Jun/2025,0 %,-150,,
No Conformidad,51,Gestión de Recursos,calidad,10/Mar/2025,Vencida,,ENCUBADORA DE TRANSPORTE: Ubicación Sala partos SERIE 2013 MARCA MEDICALL; No soportan certificado de calibración.,,Auditoría de Calidad - AIC - San Sebastián,Administrador,,,,,,,,30/Jun/2025,0 %,-150,,
No Conformidad,52,Gestión de Recursos,calidad,10/Mar/2025,Vencida,,Se solicita actualizar el inventario de equipos biomédicos ya que se evidencian equipos que no se encuentran registrados en dicho documento,,Auditoría de Calidad - AIC - San Sebastián,Administrador,,,,,,,,30/Jun/2025,0 %,-150,,
No Conformidad,53,Gestión de Recursos,calidad,10/Mar/2025,Vencida,,*No soporta concepto sanitario de la entidad competente,,Auditoría de Calidad - AIC - San Sebastián,Administrador,,,,,,,,30/Jun/2025,0 %,-150,,
No Conformidad,54,Gestión de Recursos,calidad,10/Mar/2025,Vencida,,*El Kardex de dispositivos médicos no cuenta con el ítem Serie,,Auditoría de Calidad - AIC - San Sebastián,Administrador,,,,,,,,30/Jun/2025,0 %,-150,,
No Conformidad,55,Gestión de Recursos,calidad,10/Mar/2025,Vencida,,*El Kardex de dispositivos médicos no cuenta con el ítem Clasificación por riesgo,,Auditoría de Calidad - AIC - San Sebastián,Administrador,,,,,,,,30/Jun/2025,0 %,-150,,
No Conformidad,56,Gestión de Recursos,calidad,10/Mar/2025,Vencida,,*El Kardex de dispositivos médicos no cuenta con el ítem Vida Útil.,,Auditoría de Calidad - AIC - San Sebastián,Administrador,,,,,,,,30/Jun/2025,0 %,-150,,
No Conformidad,57,Gestión de Recursos,calidad,10/Mar/2025,Vencida,,*El Kardex de reactivos no cuenta con ítem de vida Útil,,Auditoría de Calidad - AIC - San Sebastián,Administrador,,,,,,,,30/Jun/2025,0 %,-150,,
No Conformidad,58,Gestión de Recursos,calidad,10/Mar/2025,Vencida,,*No cuentan con kit de derrames de medicamentos en el servicio de urgencias.,,Auditoría de Calidad - AIC - San Sebastián,Administrador,,,,,,,,30/Jun/2025,0 %,-150,,
No Conformidad,59,Gestión Ambulatoria,calidad,10/Mar/2025,Vencida,,*No soportan lista de chequeo para medir adherencia de la guía de infección de vías urinarias,,Auditoría de Calidad - AIC - San Sebastián,Administrador,,,,,,,,30/Jun/2025,0 %,-150,,
No Conformidad,60,Gestión Ambulatoria,calidad,10/Mar/2025,Vencida,,*No soportan socialización de guía de practica clínica de parasitosis intestinal,,Auditoría de Calidad - AIC - San Sebastián,Administrador,,,,,,,,30/Jun/2025,0 %,-150,,
No Conformidad,61,Misionales,calidad,10/Mar/2025,Vencida,,No soportan socialización del MANUAL DE BUENAS PRACTICAS DE ESTERILIZACION DE LA CENTRAL DE ESTERILIZACION código MA-ES-SA-02,,Auditoría de Calidad - AIC - San Sebastián,Administrador,,,,,,,,30/Jun/2025,0 %,-150,,
No Conformidad,62,Misionales,calidad,10/Mar/2025,Vencida,,*Se evidencia que no hay un adecuado control de calidad y toma de medidas preventivas en el área de esterilización en el recorrido se evidencia la central de esterilización abierta; la funcionaria que realiza el procedimiento no cuenta con ningún elemento de bioseguridad para manipular material en dicha área.,,Auditoría de Calidad - AIC - San Sebastián,Administrador,,,,,,,,30/Jun/2025,0 %,-150,,
No Conformidad,63,Misionales,calidad,10/Mar/2025,Vencida,,*No se evidencia socializcion actualizada de la politica de reuso de dispositivos de odontología y no reusó de dispositivos médicos.,,Auditoría de Calidad - AIC - San Sebastián,Administrador,,,,,,,,30/Jun/2025,0 %,-150,,
No Conformidad,64,Misionales,calidad,10/Mar/2025,Vencida,,"*No cuentan con manual de proceso, control de calidad y entrega de resultados de pruebas rápidas point of care POCT.",,Auditoría de Calidad - AIC - San Sebastián,Administrador,,,,,,,,30/Jun/2025,0 %,-150,,
No Conformidad,65,Misionales,calidad,10/Mar/2025,Vencida,,"*No soportan protocolo de muerte digna que garantice, en el ámbito de sus competencias, la atención y orientación al paciente que manifieste su derecho a morir dignamente en el que incluya los aspectos de las áreas administrativas; Interacción y acompañamiento a la familia o acudientes.; Articulación con la EAPB; Etapas, elementos, responsables y plazos para dar cumplimiento a las obligaciones a su cargo, incorporando el reporte de información; Actividades e intervenciones de seguimiento y control que identifiquen los riesgos y permitan adoptar las acciones preventivas y correctivas que se requieran, entre otros. """,,Auditoría de Calidad - AIC - San Sebastián,Administrador,,,,,,,,30/Jun/2025,0 %,-150,,
No Conformidad,66,Sistema de Información y Comunicación,calidad,10/Mar/2025,Vencida,,"*De acuerdo a la resolución 1995 Por la cual se establecen normas para el manejo de la Historia Clínica en el ARTÍCULO 9 IDENTIFICACIÓN DEL USUARIO. describe que la historia clínica debe contener ocupación del usuario, nombre y teléfono del acompañante; nombre, teléfono y parentesco LO CUAL NO SE EVIDENCIA EN EL FORMATO DE HC SOPORTADO POR EL PRESTADOR DEL SERVICIO DE URGENCIAS.""",,Auditoría de Calidad - AIC - San Sebastián,Administrador,,,,,,,,30/Jun/2025,0 %,-150,,
No Conformidad,67,Sistema de Información y Comunicación,calidad,10/Mar/2025,Vencida,,*Se evidencia utilización de siglas en algunas de las historias clínicas soportadas por el prestador.,,Auditoría de Calidad - AIC - San Sebastián,Administrador,,,,,,,,30/Jun/2025,0 %,-150,,
No Conformidad,68,Sistema de Información y Comunicación,calidad,10/Mar/2025,Vencida,,"*Se verifica la siguiente Historia clínica CC 4756555 no es coherente en el ítem revisión por sistemas se registra que las extremidades se encuentran es estado normal y el usuario ingresa por una herida en la mano izquierda.""",,Auditoría de Calidad - AIC - San Sebastián,Administrador,,,,,,,,30/Jun/2025,0 %,-150,,
No Conformidad,69,Sistema de Información y Comunicación,calidad,10/Mar/2025,Vencida,,*Se verifica la siguiente historia clínica CC 1065097838; en diferentes atenciones la cual no se evidencia la firma del profesional que atendió la usuaria se observa un recuadro negro,,Auditoría de Calidad - AIC - San Sebastián,Administrador,,,,,,,,30/Jun/2025,0 %,-150,,
No Conformidad,70,Sistema de Información y Comunicación,calidad,10/Mar/2025,Vencida,,*Se evidencia un archivo de historias clínicas manuales las cuales no se encentran organizadas adecuadamente se observan en cajas algunas abiertas no garantizan la custodia y confidencialidad ya que la puerta se encuentra abierta.,,Auditoría de Calidad - AIC - San Sebastián,Administrador,,,,,,,,30/Jun/2025,0 %,-150,,
No Conformidad,71,Sistema de Información y Comunicación,calidad,10/Mar/2025,Vencida,,*Se evidencia que en el área de esterilización no llevan un adecuado registro de control de calidad.,,Auditoría de Calidad - AIC - San Sebastián,Administrador,,,,,,,,30/Jun/2025,0 %,-150,,
No Conformidad,72,Asesoría Jurídica,calidad,10/Mar/2025,Vencida,,*No soporta contratos celebrados por interdependencia; soportan documento aceptación de la oferta al contrato 013-2025 cuyo objeto es (prestación de servicios como gestor de residuos peligrosos para la disposición final del respell; con la empresa GESTIONES AMBIENTALES LTDA el cual no tiene firmas entre las partes que demuestre la legalización;,,Auditoría de Calidad - AIC - San Sebastián,Administrador,,,,,,,,30/Jun/2025,0 %,-150,,
No Conformidad,73,Asesoría Jurídica,calidad,10/Mar/2025,Vencida,,*No soporta contrato de alimentación de pacientes para el servicio de hospitalización.,,Auditoría de Calidad - AIC - San Sebastián,Administrador,,,,,,,,30/Jun/2025,0 %,-150,,
No Conformidad,74,Asesoría Jurídica,calidad,10/Mar/2025,Vencida,,*Soportan Acta de supervisión del contrato de ASHERI sin firma de supervisión.,,Auditoría de Calidad - AIC - San Sebastián,Administrador,,,,,,,,30/Jun/2025,0 %,-150,,
No Conformidad,75,Asesoría Jurídica,calidad,10/Mar/2025,Vencida,,*No soportan acta de supervisión del contrato de alimentación; no es posible verificar si se está cumpliendo con los tiempos de entrega del alimento a los usuarios.,,Auditoría de Calidad - AIC - San Sebastián,Administrador,,,,,,,,30/Jun/2025,0 %,-150,,
No Conformidad,76,Gestión de Recursos,calidad,10/Mar/2025,Vencida,,*El servicio de hospitalización no cuenta con guarda ropa,,Auditoría de Calidad - AIC - San Sebastián,Administrador,,,,,,,,30/Jun/2025,0 %,-150,,
No Conformidad,77,Gestión de Recursos,calidad,10/Mar/2025,Vencida,,*El area de hospitalización las camas de adulto y pediátricas están en el mismo espacio,,Auditoría de Calidad - AIC - San Sebastián,Administrador,,,,,,,,30/Jun/2025,0 %,-150,,
No Conformidad,78,Gestión de Recursos,calidad,10/Mar/2025,Vencida,,*El servicio de hospitalización no cuenta con habitación de aislamiento.,,Auditoría de Calidad - AIC - San Sebastián,Administrador,,,,,,,,30/Jun/2025,0 %,-150,,
No Conformidad,79,Gestión de Recursos,calidad,10/Mar/2025,Vencida,,*Las habitaciones no cuentan con área de guarda ropa,,Auditoría de Calidad - AIC - San Sebastián,Administrador,,,,,,,,30/Jun/2025,0 %,-150,,
No Conformidad,80,Gestión de Recursos,calidad,10/Mar/2025,Vencida,,*En el servicio de hospitalización no se evidencia ambiente para almacenamiento y distribución de alimentos,,Auditoría de Calidad - AIC - San Sebastián,Administrador,,,,,,,,30/Jun/2025,0 %,-150,,
No Conformidad,81,Gestión de Calidad,calidad,10/Mar/2025,Vencida,,*No soportan protocolo de ronda medica de pacientes,,Auditoría de Calidad - AIC - San Sebastián,Administrador,,,,,,,,30/Jun/2025,0 %,-150,,
No Conformidad,82,Gestión de Calidad,calidad,10/Mar/2025,Vencida,,*No soportan protocolo de sujeción o inmovilización terapéutica de pacientes,,Auditoría de Calidad - AIC - San Sebastián,Administrador,,,,,,,,30/Jun/2025,0 %,-150,,
No Conformidad,83,Asesoría Jurídica,calidad,10/Mar/2025,Vencida,,*No soportan el contrato de alimentación.,,Auditoría de Calidad - AIC - San Sebastián,Administrador,,,,,,,,30/Jun/2025,0 %,-150,,
No Conformidad,84,Gestión de Recursos,calidad,10/Mar/2025,Vencida,,"*Cuentan con baños discriminados por sexo, pero no cuentan con aditamentos para población discapacitada",,Auditoría de Calidad - AIC - San Sebastián,Administrador,,,,,,,,30/Jun/2025,0 %,-150,,
No Conformidad,85,Gestión de Recursos,calidad,10/Mar/2025,Vencida,,"*No cuenta con Ambiente para descontaminación de pacientes, con ducha teléfono y sistema de drenaje.",,Auditoría de Calidad - AIC - San Sebastián,Administrador,,,,,,,,30/Jun/2025,0 %,-150,,
No Conformidad,86,Gestión de Recursos,calidad,10/Mar/2025,Vencida,,"*No cuenta con ambiente para atención de la Enfermedad Respiratoria Aguda, cuando se requiera",,Auditoría de Calidad - AIC - San Sebastián,Administrador,,,,,,,,30/Jun/2025,0 %,-150,,
No Conformidad,87,Gestión de Recursos,calidad,10/Mar/2025,Vencida,,"*No cuentan con Ambiente para rehidratación oral,",,Auditoría de Calidad - AIC - San Sebastián,Administrador,,,,,,,,30/Jun/2025,0 %,-150,,
No Conformidad,88,Gestión de Recursos,calidad,10/Mar/2025,Vencida,,*No cuenta con Ambiente de aislamiento.,,Auditoría de Calidad - AIC - San Sebastián,Administrador,,,,,,,,30/Jun/2025,0 %,-150,,
No Conformidad,89,Gestión de Recursos,calidad,10/Mar/2025,Vencida,,*La Sala de reanimación no cuenta con Mesón de trabajo con poceta,,Auditoría de Calidad - AIC - San Sebastián,Administrador,,,,,,,,30/Jun/2025,0 %,-150,,
No Conformidad,90,Gestión de Recursos,calidad,10/Mar/2025,Vencida,,* No se evidencia equipo de nebulización en el servicio de urgencias de acuerdo al inventario suministrado por el prestador.,,Auditoría de Calidad - AIC - San Sebastián,Administrador,,,,,,,,30/Jun/2025,0 %,-150,,
No Conformidad,91,Gestión de Recursos,calidad,10/Mar/2025,Vencida,,* El servicio de urgencias no cuenta con sala de reanimación se realiza en el área de procedimientos,,Auditoría de Calidad - AIC - San Sebastián,Administrador,,,,,,,,30/Jun/2025,0 %,-150,,
No Conformidad,92,Gestión de Recursos,calidad,10/Mar/2025,Vencida,,* Los kits de violencia sexual y atención a víctimas de ataques con agentes químicos que se evidencian en el servicio de urgencias no cuentan con lista de chequeo de verificación.,,Auditoría de Calidad - AIC - San Sebastián,Administrador,,,,,,,,30/Jun/2025,0 %,-150,,
No Conformidad,93,Gestión de Recursos,calidad,10/Mar/2025,Vencida,,*No soporta contrato de alimentación de pacientes para el servicio de hospitalización.,,Auditoría de Calidad - AIC - San Sebastián,Administrador,,,,,,,,30/Jun/2025,0 %,-150,,
No Conformidad,3,Gestión de Hospitalización y Sala Partos,calidad,09/Mar/2025,Vencida,,"Criterio 6. El talento humano en salud de los servicios de atención del parto, cuidado intensivo y cuidado intermedio neonatal, pediátrico y adultos, cuentan con constancia de asistencia en las acciones de formación continua para la gestión del duelo. Observación: No todo el talento humano del servicio de atención del parto cuenta con constancia de asistencia en las acciones de formación continua para la gestión del duelo",,Visitas de verificación de la Secretaría de Salud Departamental del Cauca - La Vega - La Vega,Administrador,,,,,,,,30/Jun/2025,0 %,-150,,
No Conformidad,4,Gestión de Hospitalización y Sala Partos,calidad,09/Mar/2025,Vencida,,"Criterio 8. Los profesionales de la medicina de los servicios de hospitalización de baja, mediana y alta complejidad, hospitalización paciente crónico con y sin ventilador, cuidados intensivos neonatales, pediátricos y adultos; urgencias y servicios del grupo quirúrgico en modalidad intramural, cuentan con certificación vigente de aprobación de la evaluación de competencias esenciales para el cuidado de la donante expedida por el Instituto Nacional de Salud. Observación: No todo el talento humano cuenta con certificación vigente de aprobación de la evaluación de competencias esenciales para el cuidado de la donante expedida por el Instituto Nacional de Salud.",,Visitas de verificación de la Secretaría de Salud Departamental del Cauca - La Vega - La Vega,Administrador,,,,,,,,30/Jun/2025,0 %,-150,,
No Conformidad,5,Gestión de Urgencias,calidad,09/Mar/2025,Vencida,,"Criterio 11. El talento humano en salud de los servicios de transporte asistencial, atención prehospitalaria y urgencias, cuentan con constancia de asistencia en las acciones de formación continua en la atención a personas víctimas de ataques con agentes químicos. Observación: No todo el talento humano de los servicios de transporte asistencial, atención prehospitalaria y urgencias, cuentan con constancia de asistencia en las acciones de formación continua en la atención a personas víctimas de ataques con agentes químicos.",,Visitas de verificación de la Secretaría de Salud Departamental del Cauca - La Vega - La Vega,Administrador,,,,,,,,30/Jun/2025,0 %,-150,,
No Conformidad,6,Gestión Ambiental,calidad,09/Mar/2025,Vencida,,"Criterio 17. Cada prestador de servicios de salud debe contar con el respectivo concepto sanitario que dé cumplimiento a lo establecido en la normatividad sanitaria vigente en aspectos tales como: agua para consumo humano, gestión de residuos, control de vectores, orden y aseo, condiciones locativas, entre otros. Este concepto será emitido por las autoridades sanitarias correspondientes, en el marco de sus competencias, y debe considerar los servicios de apoyo como lavandería y servicio de alimentación. Cuando estos servicios de apoyo son contratados con terceros, dichos proveedores deben contar con el concepto sanitario correspondiente a la actividad de bienes y servicios que presta. Observación: Se evidencia solicitud de concepto sanitario por parte de la Unidad de Atención en Salud la Vega a la alcaldía municipal de la Vega el día 28 de septiembre del 2024.",,Visitas de verificación de la Secretaría de Salud Departamental del Cauca - La Vega - La Vega,Administrador,,,,,,,,30/Jun/2025,0 %,-150,,
No Conformidad,7,Gestión de Recursos,calidad,09/Mar/2025,Vencida,,"Criterio 43. Los cielo rasos o techos y paredes o muros deben ser impermeables, lavables, sólidos, resistentes a factores ambientales e incombustibles y de superficie lisa y continua. Observación: Se evidencian paredes en el servicio de laboratorio clínico que presentan humedades.",,Visitas de verificación de la Secretaría de Salud Departamental del Cauca - La Vega - La Vega,Administrador,,,,,,,,30/Jun/2025,0 %,-150,,
No Conformidad,8,Gestión de Recursos,calidad,09/Mar/2025,Vencida,,"Criterio 2.2. Hoja(s) de vida del(los) equipo(s) biomédicos(s), con los registros de los mantenimientos preventivos y correctivos, según corresponda. Observación: Cuenta con hojas de vida en las cuales se evidencia que no se cuenta con los datos de adquisición e instalación, se evidencia que para el dopler, marca: Edan y bombas de infusión el formato de mantenimiento preventivo realizados en 2023 no corresponde a las actividades relacionadas con el equipo, en este se mencionan actividades relacionadas a una autoclave. Se evidencia reporte de mantenimiento preventivo de marzo y julio 2024 pero en estos no se mencionan las recomendaciones establecidas por el fabricante. los equipos de la ambulancia ORO272 no cuenta con hojas de vida ni reportes de mantenimiento preventivo. El prestador cuenta con equipos biomédicos controlados es importante tener en cuenta y realizar las actividades mencionadas en los manuales.",,Visitas de verificación de la Secretaría de Salud Departamental del Cauca - La Vega - La Vega,Administrador,,,,,,,,30/Jun/2025,0 %,-150,,
No Conformidad,9,Gestión de Talento Humano,calidad,09/Mar/2025,Vencida,,"Criterio 3. El prestador de servicios de salud cuenta con un programa de capacitación en el uso de dispositivos médicos cuando éstos lo requieran, el cual puede ser desarrollado por el fabricante, importador o por el mismo prestador. Observación: Cuenta con “plan de capacitaciones” donde se evidencia el cronograma de capacitaciones para el año presente se realizara en noviembre. Se evidencia capacitación en noviembre de 2023 sobre equipos biomédicos y odontológicos. No se evidencia adherencia al personal.",,Visitas de verificación de la Secretaría de Salud Departamental del Cauca - La Vega - La Vega,Administrador,,,,,,,,30/Jun/2025,0 %,-150,,
No Conformidad,10,Gestión de Recursos,calidad,09/Mar/2025,Vencida,,Criterio 4. La dotación de los servicios de salud está en concordancia con lo definido por el prestador en el estándar de procesos prioritarios. Observación: No se evidencia concordancia con la dotación según lo definido por el prestador en el estándar de procesos prioritarios.,,Visitas de verificación de la Secretaría de Salud Departamental del Cauca - La Vega - La Vega,Administrador,,,,,,,,30/Jun/2025,0 %,-150,,
No Conformidad,11,Gestión de Recursos,calidad,09/Mar/2025,Vencida,,"Criterio 5. La suficiencia de equipos biomédicos está relacionada con la frecuencia de uso de los mismos, incluyendo los tiempos del proceso de esterilización, cuando aplique. Observación: Cuenta con “protocolo de suficiencia de equipos” en este no se describe el tiempo de esterilización, ni el instrumental requerido para los servicios, se recomienda ajustar el programa donde se mencione las variables correspondientes.",,Visitas de verificación de la Secretaría de Salud Departamental del Cauca - La Vega - La Vega,Administrador,,,,,,,,30/Jun/2025,0 %,-150,,
No Conformidad,12,Gestión de Recursos,calidad,09/Mar/2025,Vencida,,"Criterio 8.4.1. Trazado electrocardiográfico si no está incorporado en el desfibrilador. Observación: Cuenta con carro de paro en sala de reanimación monitor de signos: marca: comen, modelo: star8000E serie: e7210512150, el equipo no funciona, la pantalla se queda desde el inicio. Se le sugiere al restador la dotación de este equipo de manera inmediata. Cuenta con carro de paro en sala de partos monitor de signos: marca: comen, modelo: star8000E serie: e7210512191.",,Visitas de verificación de la Secretaría de Salud Departamental del Cauca - La Vega - La Vega,Administrador,,,,,,,,30/Jun/2025,0 %,-150,,
No Conformidad,13,Gestión de Recursos,calidad,09/Mar/2025,Vencida,,"Criterio 8.4.2. Presión no invasiva. Observación: El monitor de sala de reanimación cuenta con accesorio de presión no invasiva, pero el equipo no funciona, e le sugiere al prestador la dotación de este equipo de manera inmediata. El monitor de sala de partos cuenta con accesorio de presión no invasiva.",,Visitas de verificación de la Secretaría de Salud Departamental del Cauca - La Vega - La Vega,Administrador,,,,,,,,30/Jun/2025,0 %,-150,,
No Conformidad,14,Gestión de Recursos,calidad,09/Mar/2025,Vencida,,"8.4.3. Saturación de oxigeno que puede estar integrado en el monitor o externo. Observación: El monitor de sala de reanimación cuenta con accesorio de saturación de oxígeno, pero el equipo no funciona, se le sugiere al prestador la dotación de este equipo de manera inmediata. El de sala de partos cuenta con accesorio.",,Visitas de verificación de la Secretaría de Salud Departamental del Cauca - La Vega - La Vega,Administrador,,,,,,,,30/Jun/2025,0 %,-150,,
No Conformidad,15,Gestión de Recursos,calidad,09/Mar/2025,Vencida,,"Criterio 8.4.4. Batería. Observación: Cuenta con batería, pero el equipo no funciona, Se le sugiere al prestador la dotación de este equipo de manera inmediata. El monitor de sala de partos cuenta con batería",,Visitas de verificación de la Secretaría de Salud Departamental del Cauca - La Vega - La Vega,Administrador,,,,,,,,30/Jun/2025,0 %,-150,,
No Conformidad,16,Gestión de Recursos,calidad,09/Mar/2025,Vencida,,"Criterio 11. En los sistemas centralizados de gases medicinales, se realiza el mantenimiento a los componentes del sistema por el personal capacitado por el fabricante. Observación: El prestador cuenta con punto de gases medicinales, informa que no se han utilizado, por tal motivo no han realizado mantenimiento preventivo.",,Visitas de verificación de la Secretaría de Salud Departamental del Cauca - La Vega - La Vega,Administrador,,,,,,,,30/Jun/2025,0 %,-150,,
No Conformidad,17,Gestión de Recursos,calidad,09/Mar/2025,Vencida,,Criterio 16.1. Sistemas de telecomunicaciones de doble vía. Observación: No cuenta con sistemas de telecomunicación de doble vía.,,Visitas de verificación de la Secretaría de Salud Departamental del Cauca - La Vega - La Vega,Administrador,,,,,,,,30/Jun/2025,0 %,-150,,
No Conformidad,1324,Misionales,calidad,09/Mar/2025,Vencida,,"13.1.6. Esterilización: Cuenta con un manual de buenas practicas de esterilización MA-ES-CA-02 Versión 01 fecha abril del 2023 aplicable a todas las unidades de atención, el cual cumple con la especificaciones . Sin embargo el documento no se encuentra socialización ni cuenta con medición de adherencias.",,Visitas de verificación de la Secretaría de Salud Departamental del Cauca - La Vega - La Vega,Administrador,,,,,,,,30/Jun/2025,0 %,-150,,
No Conformidad,1325,Misionales,calidad,09/Mar/2025,Vencida,,"13.1.7. Almacenamiento: Cuenta con un manual de buenas practicas de esterilización MA-ES-CA-02 Versión 01 fecha abril del 2023 aplicable a todas las unidades de atención, el cual cumple con la especificaciones . Sin embargo el documento no se encuentra socialización ni cuenta con medición de adherencias.",,Visitas de verificación de la Secretaría de Salud Departamental del Cauca - La Vega - La Vega,Administrador,,,,,,,,30/Jun/2025,0 %,-150,,
No Conformidad,1326,Misionales,calidad,09/Mar/2025,Vencida,,"13.1.8. Verificación de la integridad del material estéril: Cuenta con un manual de buenas practicas de esterilización MA-ES-CA-02 Versión 01 fecha abril del 2023 aplicable a todas las unidades de atención, el cual cumple con la especificaciones . Sin embargo el documento no se encuentra socialización ni cuenta con medición de adherencias.",,Visitas de verificación de la Secretaría de Salud Departamental del Cauca - La Vega - La Vega,Administrador,,,,,,,,30/Jun/2025,0 %,-150,,
No Conformidad,1327,Misionales,calidad,09/Mar/2025,Vencida,,"13.1.9. Control de calidad que incluya el análisis de los reportes de dicho control, para la toma de medidas preventivas y correctivas: Cuenta con un manual de buenas practicas de esterilización MA-ES-CA-02 Versión 01 fecha abril del 2023 aplicable a todas las unidades de atención, el cual cumple con la especificaciones . Sin embargo el documento no se encuentra socialización ni cuenta con medición de adherencias.",,Visitas de verificación de la Secretaría de Salud Departamental del Cauca - La Vega - La Vega,Administrador,,,,,,,,30/Jun/2025,0 %,-150,,
No Conformidad,1328,Misionales,calidad,09/Mar/2025,Vencida,,"15. Los prestadores de servicios de salud tienen definidos procedimientos que garanticen el cumplimiento del no reúso de dispositivos médicos cuando el fabricante así lo haya establecido: Al momento de la verificación se evidenica que cuenta documentada la politica de uso y no reúso de dispositivos medicos vigencia 2019 y con un Manual de uso y reúso de dispositivos médicos MA -ES- CA-01 versión 01 abril del 2023, en el cual se identifica que cuenta definido con un listado de dispositivos de reúso, sin embargo se evidencia que no corresponde la ficha tecnica del nombre del dispositivo con la descripción del dispositivo, asi mismo se evidencia que no corresponde lo definido en las fichas tecnicas con los descritos en la totalidad de reúso.",,Visitas de verificación de la Secretaría de Salud Departamental del Cauca - La Vega - La Vega,Administrador,,,,,,,,30/Jun/2025,0 %,-150,,
No Conformidad,1329,Misionales,calidad,09/Mar/2025,Vencida,,"16.1. Los procedimientos, siguiendo las recomendaciones del fabricante, para el reprocesamiento y control de calidad que demuestren la eficacia, desempeño y esterilidad del producto: Al momento de la verificación se evidenica Manual de uso y reuso de dispositivos médicos MA -ES- CA-01 versión 01 abril del 2023, en el cual se identifica que cuenta definido con un listado de dispositivos de reúso, sin embargo se evidencia que no corresponde la ficha tecnica del nombre del dispositivo con la descripción del dispositivo, asi mismo se evidencia que no corresponde lo definido en las fichas tecnicas con los descritos en la totalidad de reúso.",,Visitas de verificación de la Secretaría de Salud Departamental del Cauca - La Vega - La Vega,Administrador,,,,,,,,30/Jun/2025,0 %,-150,,
No Conformidad,1330,Misionales,calidad,09/Mar/2025,Vencida,,"16.2. Acciones de seguimiento a través de los comités de infecciones, de seguridad del paciente y del programa de tecnovigilancia, que garanticen que el dispositivo no ha perdido la eficacia y desempeño para el cual fue diseñado, ni exponga al riesgo de infecciones o complicaciones al usuario: Al momento de la verificación se evidencia el acto administratico donde implementan los comites institucionales mediante la resolución 128 de 2018 la cual se encuentra firmada, sin embargo los comite se encuentran conformados para este año y no cuenta con la soporte de acta de reuniones anteriores en el cual se pueda evidenciar la operativización.",,Visitas de verificación de la Secretaría de Salud Departamental del Cauca - La Vega - La Vega,Administrador,,,,,,,,30/Jun/2025,0 %,-150,,
No Conformidad,1331,Misionales,calidad,09/Mar/2025,Vencida,,"17.1. Estabilización del paciente antes del traslado: Al momento de la verificación se verifica documento PR-MI-HU 52 VERSIÓN 1 Febrero del 2024. No se evidencia socialización de documento, no cuenta con medición de adherencia, no se evidencia dentro del plan de capacitación del año 2024.",,Visitas de verificación de la Secretaría de Salud Departamental del Cauca - La Vega - La Vega,Administrador,,,,,,,,30/Jun/2025,0 %,-150,,
No Conformidad,1332,Misionales,calidad,09/Mar/2025,Vencida,,"17.2. Medidas para el traslado: Al momento de la verificación se verifica documento PR-MI-HU 52 VERSIÓN 1 Febrero del 2024. No se evidencia socialización de documento, no cuenta con medición de adherencia, no se evidencia dentro del plan de capacitación del año 2024.",,Visitas de verificación de la Secretaría de Salud Departamental del Cauca - La Vega - La Vega,Administrador,,,,,,,,30/Jun/2025,0 %,-150,,
No Conformidad,1333,Misionales,calidad,09/Mar/2025,Vencida,,17.3.1. Diligenciamiento del formato de referencia de pacientes: No presentan documentación.,,Visitas de verificación de la Secretaría de Salud Departamental del Cauca - La Vega - La Vega,Administrador,,,,,,,,30/Jun/2025,0 %,-150,,
No Conformidad,1334,Misionales,calidad,09/Mar/2025,Vencida,,17.3.2. Resultados de apoyos diagnósticos realizados al paciente: No presentan documentación.,,Visitas de verificación de la Secretaría de Salud Departamental del Cauca - La Vega - La Vega,Administrador,,,,,,,,30/Jun/2025,0 %,-150,,
No Conformidad,1335,Misionales,calidad,09/Mar/2025,Vencida,,17.3.3. Resumen de historia clínica: No presentan documentacion.,,Visitas de verificación de la Secretaría de Salud Departamental del Cauca - La Vega - La Vega,Administrador,,,,,,,,30/Jun/2025,0 %,-150,,
No Conformidad,1336,Misionales,calidad,09/Mar/2025,Vencida,,"17.3.4. Mecanismos tecnológicos que le permitan realizar el proceso (software, correo, entre otros): No presentan documentación.",,Visitas de verificación de la Secretaría de Salud Departamental del Cauca - La Vega - La Vega,Administrador,,,,,,,,30/Jun/2025,0 %,-150,,
No Conformidad,1337,Misionales,calidad,09/Mar/2025,Vencida,,17.3.5. Talento humano que debe responsabilizarse de cada una de las etapas del proceso: No presentan documentación.,,Visitas de verificación de la Secretaría de Salud Departamental del Cauca - La Vega - La Vega,Administrador,,,,,,,,30/Jun/2025,0 %,-150,,
No Conformidad,1338,Misionales,calidad,09/Mar/2025,Vencida,,17.3.6. La referencia de pacientes que se detecten como víctimas de violencia sexual debe hacerse a un servicio de urgencias: No presentan documentación.,,Visitas de verificación de la Secretaría de Salud Departamental del Cauca - La Vega - La Vega,Administrador,,,,,,,,30/Jun/2025,0 %,-150,,
No Conformidad,1339,Misionales,calidad,09/Mar/2025,Vencida,,"20.1. Documento del proceso institucional que orienta la atención en salud de las víctimas de violencias sexuales: Al momento de la verificación se evidencia documento de protocolo de atención a victimas de violencia sexual Código MI-PP-VS Versión 2. febrero del 2023. Se evidencia que solo esta contextualizado para el punto de atención de almaguer y no se contemplan la totalidad de las sedes, documento que es trasversal a todas la sedes adscritas al prestador. Se verifica acta de socialización del día 12 de febrero del 2024 donde se evidencia que participan los 4 puntos de atención.",,Visitas de verificación de la Secretaría de Salud Departamental del Cauca - La Vega - La Vega,Administrador,,,,,,,,30/Jun/2025,0 %,-150,,
No Conformidad,1340,Misionales,calidad,09/Mar/2025,Vencida,,"22. En los servicios de transporte asistencial, atención prehospitalaria y urgencias, se cuenta con documento del proceso que orienta la atención en salud a víctimas de ataques con agentes guímicos: Cuenta con protocolo quemaduras por acidos Código: PT-MI-UR-53 Versión 0 Fecha julio 2020. Al momento de la verificación no se tiene programado dentro del plan institucional de capacitación 2024.",,Visitas de verificación de la Secretaría de Salud Departamental del Cauca - La Vega - La Vega,Administrador,,,,,,,,30/Jun/2025,0 %,-150,,
No Conformidad,1341,Misionales,calidad,09/Mar/2025,Vencida,,"23. Los prestadores de servicios de salud cuentan con información documentada de las condiciones de almacenamiento, conservación, control de fechas de vencimiento, uso y custodia de los medicamentos, dispositivos médicos e insumos contenidos en los kits de derrames de medicamentos, ataque con agentes químicos y de violencias: No se cuenta documentado las condiciones de almacenamiento, conservación, control de fechas de vencimiento, uso y custodia de los medicamentos, dispositivos médicos e insumos contenidos en los kits de derrames de medicamentos, ataque con agentes químicos y de violencias sexuales.",,Visitas de verificación de la Secretaría de Salud Departamental del Cauca - La Vega - La Vega,Administrador,,,,,,,,30/Jun/2025,0 %,-150,,
No Conformidad,1342,Misionales,calidad,09/Mar/2025,Vencida,,"24.1. Manejo de la enfermedad cerebro vascular: Al momento de la verificación se evidencia documento denominado PROTOCOLO ACCIDENTE CEREBROVASCULAR (ACV), versión O fecha 2022, se evidencia definido medicamentos. Sin embargo no tiene definido el talento humano definido , no tiene definido dispositivos medicos, ni equipos biomedicos requeridos para la atención para la prestación del servicio, no se cuenta incluido la atención con enfoque diferencial. Dentro del plan de capacitación 2024, no se encuentran programado.",,Visitas de verificación de la Secretaría de Salud Departamental del Cauca - La Vega - La Vega,Administrador,,,,,,,,30/Jun/2025,0 %,-150,,
No Conformidad,1343,Misionales,calidad,09/Mar/2025,Vencida,,"24.2. Manejo del Trauma Craneoencefálico: Se verifica documento PROTOCOLO DE TRAUMA CRANEONCEFALICO ( TEC) Codigo: FR-MI-HO Versión O fecha julio 2022. se evidencia definido el talento humano necesario para la prestación del servicio. Sin embargo no se tiene definido medicamentos y dispositivos medicos, ni equipos biomedicos requeridos para la atención para la prestación del servicio, no se cuenta incluido la atención con enfoque diferencial. Dentro del plan de capacitación 2024, no se encuentran programado.",,Visitas de verificación de la Secretaría de Salud Departamental del Cauca - La Vega - La Vega,Administrador,,,,,,,,30/Jun/2025,0 %,-150,,
No Conformidad,1344,Misionales,calidad,09/Mar/2025,Vencida,,"24.3. Detección de donantes de componentes anatómicos: Se verifica documento PROTOCOLO DE DONACIÓN DEIGRANOS Código PT-MI-UR-06 Versión O fecha: julio 2022. Se recomienda contextualizar el documento segun los servicios que se prestan y las condiciones del prestador frente a la detección de donantes de componentes anatómicos. Dentro del plan de capacitación 2024, no se encuentran programado.",,Visitas de verificación de la Secretaría de Salud Departamental del Cauca - La Vega - La Vega,Administrador,,,,,,,,30/Jun/2025,0 %,-150,,
No Conformidad,1345,Misionales,calidad,09/Mar/2025,Vencida,,"24.4. Mantenimiento del donante de componentes anatómicos: Se verifica documento PROTOCOLO DE DONACIÓN DE ORGANOS Código PT-MI-UR-06 Versión O fecha: julio 2022. Se recomienda contextualizar el documento segun los servicios que se prestan y las condiciones del prestador frente a la detección de donantes de componentes anatómicos. Dentro del plan de capacitación 2024, no se encuentran programado.",,Visitas de verificación de la Secretaría de Salud Departamental del Cauca - La Vega - La Vega,Administrador,,,,,,,,30/Jun/2025,0 %,-150,,
No Conformidad,1346,Misionales,calidad,09/Mar/2025,Vencida,,"27.1. Información documentada sobre la toma, procesamiento, control de calidad y entrega de resultados: En el momento de la verificación no se evidencia documentado.",,Visitas de verificación de la Secretaría de Salud Departamental del Cauca - La Vega - La Vega,Administrador,,,,,,,,30/Jun/2025,0 %,-150,,
No Conformidad,1347,Misionales,calidad,09/Mar/2025,Vencida,,"27.2. Controles de calidad realizados por un servicio de laboratorio clínico que puede ser propio o contratado para tal fin, cuando aplique, de acuerdo a las especificaciones del fabricante: En el momento de la verificación no se evidencia documentado.",,Visitas de verificación de la Secretaría de Salud Departamental del Cauca - La Vega - La Vega,Administrador,,,,,,,,30/Jun/2025,0 %,-150,,
No Conformidad,1348,Misionales,calidad,09/Mar/2025,Vencida,,27.3. Análisis de los reportes del control de calidad y toma de medidas preventivas y correctivas: En el momento de la verificación no se evidencia documentado.,,Visitas de verificación de la Secretaría de Salud Departamental del Cauca - La Vega - La Vega,Administrador,,,,,,,,30/Jun/2025,0 %,-150,,
No Conformidad,1349,Misionales,calidad,09/Mar/2025,Vencida,,"28, Orientación a los usuarios sobre las condiciones, requisitos y restricciones de acceso, permanencia y salida del vehículo, en condiciones de rutina o en condiciones de emergencia, a cargo del conductor del vehículo y el talento humano en salud: En el momento de la verificación no se evidencia documentado.",,Visitas de verificación de la Secretaría de Salud Departamental del Cauca - La Vega - La Vega,Administrador,,,,,,,,30/Jun/2025,0 %,-150,,
No Conformidad,1350,Misionales,calidad,09/Mar/2025,Vencida,,29. Mecanismos que garanticen comunicación para el seguimiento de los pacientes que lo requieran: En el momento de la verificación no se evidencia documentado.,,Visitas de verificación de la Secretaría de Salud Departamental del Cauca - La Vega - La Vega,Administrador,,,,,,,,30/Jun/2025,0 %,-150,,
No Conformidad,1351,Misionales,calidad,09/Mar/2025,Vencida,,"30. Mecanismos de supervisión de las actividades realizadas en el marco de los eventos de interés en salud pública, cuando aplique: En el momento de la verificación no se evidencia documentado.",,Visitas de verificación de la Secretaría de Salud Departamental del Cauca - La Vega - La Vega,Administrador,,,,,,,,30/Jun/2025,0 %,-150,,
No Conformidad,1352,Misionales,calidad,09/Mar/2025,Vencida,,Las historias clinicas cuentan con los componentes y los contenidos mínimos definidos en la normatividad que regula la materia: La historia clínica digital CADUCEOS SITIS tiene pendiente parametrizar el teléfono y parentesco del responsable.,,Visitas de verificación de la Secretaría de Salud Departamental del Cauca - La Vega - La Vega,Administrador,,,,,,,,30/Jun/2025,0 %,-150,,
No Conformidad,1353,Misionales,calidad,09/Mar/2025,Vencida,,"5. La historia clínica y los registros asistenciales se diligencian en forma clara, legible, sin tachones, enmendaduras, intercalaciones, sin dejar espacios en blanco y sin utilizar siglas: La historia clínica digital CADUCEOS SITIS realiza registros asistenciales n forma clara, legible, sin tachones, enmendaduras, intercalaciones, con utilizar siglas y s espacios en blanco en lo datos básicos.",,Visitas de verificación de la Secretaría de Salud Departamental del Cauca - La Vega - La Vega,Administrador,,,,,,,,30/Jun/2025,0 %,-150,,
No Conformidad,1354,Misionales,calidad,09/Mar/2025,Vencida,,"7. El diligenciamiento de los registros de atención de la historia clínica se realiza simultánea o inmediatamente después de la atención en salud: Se evidencia historia cínica digital CADUCEOS SITIS — el diligenciamiento de los registros de atención de la historia clínica verificadas se realiza simultánea o inmediatamente después de la atención en salud del servicio de medicina ,enfermería pero la psicóloga , fisioterapeuta no tienen computador para el diligenciamiento después de la atención lo cual genera riesgo en la atención por la privacidad.",,Visitas de verificación de la Secretaría de Salud Departamental del Cauca - La Vega - La Vega,Administrador,,,,,,,,30/Jun/2025,0 %,-150,,
No Conformidad,1355,Misionales,calidad,09/Mar/2025,Vencida,,"9. El prestador de servicios de salud cuenta con un procedimiento de consentimiento informado que incluye mecanismos para verificar su aplicación, para que el paciente o usuario o su responsable aprueben o no documentalmente el procedimiento e intervención en salud a que va a ser sometido, previa información de los beneficios, riesgos, alternativas e implicaciones del acto asistencial: Se evidencia que el prestador de servicios de salud cuenta con un MANUAL DE CONSENTIMIENTO INFORMADO que incluye mecanismos para verificar su aplicación, para que el paciente o usuario o su responsable aprueben o no documentalmente el procedimiento e intervención en salud a que va a ser sometido, previa información de los beneficios, riesgos, alternativas e implicaciones del acto asistencial, se debe de realizar seguimiento a la implementación de consentimiento informado para los procedimientos ajustar de acuerdo a los servicios ofetados e incluir a PSICOLOGIA.",,Visitas de verificación de la Secretaría de Salud Departamental del Cauca - La Vega - La Vega,Administrador,,,,,,,,30/Jun/2025,0 %,-150,,
No Conformidad,1356,Misionales,calidad,09/Mar/2025,Vencida,,"11.1. Actividades documentadas y realizadas en el procedimiento de reúso de dispositivos médicos acorde con las recomendaciones del fabricante, incluyendo el número de reúsos por cada dispositivo esterilizado: No se evidencia registro de de reúsos por cada dispositivo esterilizado.",,Visitas de verificación de la Secretaría de Salud Departamental del Cauca - La Vega - La Vega,Administrador,,,,,,,,30/Jun/2025,0 %,-150,,
No Conformidad,1357,Misionales,calidad,09/Mar/2025,Vencida,,11.2. Registro de cargas: No se evidencia descrito registro de que se esteriliza en cada carga.,,Visitas de verificación de la Secretaría de Salud Departamental del Cauca - La Vega - La Vega,Administrador,,,,,,,,30/Jun/2025,0 %,-150,,
No Conformidad,1358,Misionales,calidad,09/Mar/2025,Vencida,,11.3. Resultados del control de calidad: No se evidencian resultados del control de calidad.,,Visitas de verificación de la Secretaría de Salud Departamental del Cauca - La Vega - La Vega,Administrador,,,,,,,,30/Jun/2025,0 %,-150,,
No Conformidad,1359,Misionales,calidad,09/Mar/2025,Vencida,,11.4. Listas del contenido de los paquetes que se esterilizan: No se evidencia descrito listas del contenido de los paquetes que se esterilizan.,,Visitas de verificación de la Secretaría de Salud Departamental del Cauca - La Vega - La Vega,Administrador,,,,,,,,30/Jun/2025,0 %,-150,,
No Conformidad,1360,Misionales,calidad,09/Mar/2025,Vencida,,11.5. Etiquetado de cada paquete que permita la trazabilidad de la esterilización: No se evidencia etiquetado de cada paquete que permita la trazabilidad de la esterilización.,,Visitas de verificación de la Secretaría de Salud Departamental del Cauca - La Vega - La Vega,Administrador,,,,,,,,30/Jun/2025,0 %,-150,,
No Conformidad,1361,Misionales,calidad,09/Mar/2025,Vencida,,14.7. Nombre de los pacientes atendidos: No se evidencia registro.,,Visitas de verificación de la Secretaría de Salud Departamental del Cauca - La Vega - La Vega,Administrador,,,,,,,,30/Jun/2025,0 %,-150,,
No Conformidad,1362,Misionales,calidad,09/Mar/2025,Vencida,,14.8. Nombre de los pacientes trasladados: No se evidencia registro.,,Visitas de verificación de la Secretaría de Salud Departamental del Cauca - La Vega - La Vega,Administrador,,,,,,,,30/Jun/2025,0 %,-150,,
No Conformidad,1363,Misionales,calidad,09/Mar/2025,Vencida,,14.9. Fecha y hora de ingreso al servicio: No se evidencia registro.,,Visitas de verificación de la Secretaría de Salud Departamental del Cauca - La Vega - La Vega,Administrador,,,,,,,,30/Jun/2025,0 %,-150,,
No Conformidad,1364,Misionales,calidad,09/Mar/2025,Vencida,,14.10. Cuidados por parte del personal de salud: No aporta información el prestador.,,Visitas de verificación de la Secretaría de Salud Departamental del Cauca - La Vega - La Vega,Administrador,,,,,,,,30/Jun/2025,0 %,-150,,
No Conformidad,1365,Misionales,calidad,09/Mar/2025,Vencida,,"14.12. Registros de las fechas de llegada y de salida, cuando aplique: No aporta información el prestador.",,Visitas de verificación de la Secretaría de Salud Departamental del Cauca - La Vega - La Vega,Administrador,,,,,,,,30/Jun/2025,0 %,-150,,
No Conformidad,1366,Misionales,calidad,09/Mar/2025,Vencida,,14.13. Registros de las actividades realizadas: No aporta informacion el prestador.,,Visitas de verificación de la Secretaría de Salud Departamental del Cauca - La Vega - La Vega,Administrador,,,,,,,,30/Jun/2025,0 %,-150,,
No Conformidad,1367,Gestión de Talento Humano,calidad,09/Mar/2025,Vencida,,"1. Cumple servicios y con los criterios que le sean aplicables de todos los adicionalmente, disponibilidad de: Ver Estándar transversal Talento Humano.",,Visitas de verificación de la Secretaría de Salud Departamental del Cauca - La Vega - La Vega,Administrador,,,,,,,,30/Jun/2025,0 %,-150,,
No Conformidad,1368,Gestión de Recursos,calidad,09/Mar/2025,Vencida,,20. Cumple con los criterios que le sean aplicables de todos los servicios y adicionalmente cuenta con: No cumple con los criterios que le sean aplicables de todos los servicios.,,Visitas de verificación de la Secretaría de Salud Departamental del Cauca - La Vega - La Vega,Administrador,,,,,,,,30/Jun/2025,0 %,-150,,
No Conformidad,1369,Gestión de Recursos,calidad,09/Mar/2025,Vencida,,"20.4.3. La habitación múltiple para pacientes adultos debe tener una capacidad máxima de 4 camas, con área libre mínima de 7m2 por cama, separadas con barrera física flja o móvil: Cuenta con habitaciones para dos camas, perono estan separadas por barrera fisica fija ni movil.",,Visitas de verificación de la Secretaría de Salud Departamental del Cauca - La Vega - La Vega,Administrador,,,,,,,,30/Jun/2025,0 %,-150,,
No Conformidad,1370,Gestión de Recursos,calidad,09/Mar/2025,Vencida,,25. Cumple con los criterios que le sean aplicables de todos los servicios y adicionalmente cuenta con: Revisar estándar transversal.,,Visitas de verificación de la Secretaría de Salud Departamental del Cauca - La Vega - La Vega,Administrador,,,,,,,,30/Jun/2025,0 %,-150,,
No Conformidad,1371,Gestión de Recursos,calidad,09/Mar/2025,Vencida,,"25.2. Carro de paro. Si el servicio de hospitalización está en varios pisos o niveles, cada piso o nivel, cuenta con mínimo un carro de paro, asegurando que se encuentren en permanente disposición y fácil localización para brindar una atención oportuna sin poner en riesgo la vida del paciente: En el carro de paro se encuentra que el monitor no funciona, se le sugiera al prestador la dotación de este equipo de manera inmediata.",,Visitas de verificación de la Secretaría de Salud Departamental del Cauca - La Vega - La Vega,Administrador,,,,,,,,30/Jun/2025,0 %,-150,,
No Conformidad,1372,Gestión de Recursos,calidad,09/Mar/2025,Vencida,,26.3. Silla de ruedas: No cuenta con silla de ruedas.,,Visitas de verificación de la Secretaría de Salud Departamental del Cauca - La Vega - La Vega,Administrador,,,,,,,,30/Jun/2025,0 %,-150,,
No Conformidad,1373,Gestión de Recursos,calidad,09/Mar/2025,Vencida,,26.4. Tensiómetro para adulto o pediátrico de acuerdo con la oferta del servicio: No cuenta con tensiómetro adulto y pediátrico.,,Visitas de verificación de la Secretaría de Salud Departamental del Cauca - La Vega - La Vega,Administrador,,,,,,,,30/Jun/2025,0 %,-150,,
No Conformidad,1374,Gestión de Recursos,calidad,09/Mar/2025,Vencida,,26.5. Fonendoscopio adulto o pediátrico de acuerdo con la oferta del servicio: No cuenta con fonendoscopio adulto y pediátrico.,,Visitas de verificación de la Secretaría de Salud Departamental del Cauca - La Vega - La Vega,Administrador,,,,,,,,30/Jun/2025,0 %,-150,,
No Conformidad,1375,Gestión de Recursos,calidad,09/Mar/2025,Vencida,,26.6. Equipo de órganos de los sentidos: No cuenta con equipo de órganos de los sentidos.,,Visitas de verificación de la Secretaría de Salud Departamental del Cauca - La Vega - La Vega,Administrador,,,,,,,,30/Jun/2025,0 %,-150,,
No Conformidad,1376,Gestión de Recursos,calidad,09/Mar/2025,Vencida,,26.7. Electrocardiógrafo: No cuenta con electrocardiógrafo.,,Visitas de verificación de la Secretaría de Salud Departamental del Cauca - La Vega - La Vega,Administrador,,,,,,,,30/Jun/2025,0 %,-150,,
No Conformidad,1377,Gestión de Recursos,calidad,09/Mar/2025,Vencida,,26.8. Oxigeno medicinal que puede ser suministrado mediante salida de oxígeno medicinal o mediante oxígeno medicinal portátil: No cuenta con oxigeno medicinal.,,Visitas de verificación de la Secretaría de Salud Departamental del Cauca - La Vega - La Vega,Administrador,,,,,,,,30/Jun/2025,0 %,-150,,
No Conformidad,1378,Misionales,calidad,09/Mar/2025,Vencida,,"35. Cumple con los criterios que le sean aplicables de todos los servicios y adicionalmente, cuenta con: No cumple con los criterios que le sean aplicables de todos los servicios.",,Visitas de verificación de la Secretaría de Salud Departamental del Cauca - La Vega - La Vega,Administrador,,,,,,,,30/Jun/2025,0 %,-150,,
No Conformidad,1379,Misionales,calidad,09/Mar/2025,Vencida,,42. Cumple con los criterios que le sean aplicables de todos los servicios y adicionalmente cuenta con la siguiente información documentada: Se verifico en el estándar transversal.,,Visitas de verificación de la Secretaría de Salud Departamental del Cauca - La Vega - La Vega,Administrador,,,,,,,,30/Jun/2025,0 %,-150,,
No Conformidad,1380,Misionales,calidad,09/Mar/2025,Vencida,,42.1. Criterios de ingreso y egreso al servicio: Prestador no presenta documentación.,,Visitas de verificación de la Secretaría de Salud Departamental del Cauca - La Vega - La Vega,Administrador,,,,,,,,30/Jun/2025,0 %,-150,,
No Conformidad,1381,Misionales,calidad,09/Mar/2025,Vencida,,"42.2. Manejo de las principales causas de hospitalización, según oferta: Se verifica las causas principales de atención mediante el principio es pareto y se verifica soporte donde adaptan guia de manejo del ministerio de salud, sin embargo guias de manejo clinico para el servicio especifico no se encuentran documentadas en su totalidad.",,Visitas de verificación de la Secretaría de Salud Departamental del Cauca - La Vega - La Vega,Administrador,,,,,,,,30/Jun/2025,0 %,-150,,
No Conformidad,1382,Misionales,calidad,09/Mar/2025,Vencida,,42.3. Ronda médica diaria de evolución de pacientes: Prestador no presenta documentación.,,Visitas de verificación de la Secretaría de Salud Departamental del Cauca - La Vega - La Vega,Administrador,,,,,,,,30/Jun/2025,0 %,-150,,
No Conformidad,1383,Misionales,calidad,09/Mar/2025,Vencida,,"42.5. Entrega de turno por parte de enfermería y de medicina: La ESE Cuenta con PROTOCOLO DE RECIBO Y ENTREGA DE TURNO Cádigo: PT-MI-CE-21, se verifica que no se encuentran dentro del plan de capacitación institucional del 2024, ni cuenta con medición de adherencia.",,Visitas de verificación de la Secretaría de Salud Departamental del Cauca - La Vega - La Vega,Administrador,,,,,,,,30/Jun/2025,0 %,-150,,
No Conformidad,1384,Misionales,calidad,09/Mar/2025,Vencida,,"42.6. Control de líquidos: La ESE presenta documento CONTROL DE LÍQUIDOS ADQUIRIDOS Y ELIMINADOS Código: PT-MIHO- 22, se verifica que no se encuentran dentro del plan de capacitación institucional del 2024, ni cuenta con medición de adherencia.",,Visitas de verificación de la Secretaría de Salud Departamental del Cauca - La Vega - La Vega,Administrador,,,,,,,,30/Jun/2025,0 %,-150,,
No Conformidad,1385,Misionales,calidad,09/Mar/2025,Vencida,,"42.7. Plan de cuidados de enfermería: La ESE presenta documento en Excel de plan de cuidados establecidos por patologías más frecuentes sin embargo no cuenta con un documento donde se defina los cuidados según las necesidades del paciente, no se cuenta con la socialización, ni medición de adherencia.",,Visitas de verificación de la Secretaría de Salud Departamental del Cauca - La Vega - La Vega,Administrador,,,,,,,,30/Jun/2025,0 %,-150,,
No Conformidad,1386,Misionales,calidad,09/Mar/2025,Vencida,,"42.9. Sujeción de pacientes: La ESE presenta documento PT-MI-UR-55 protocolo de inmovilización paciente inconsciente y psiquiátrico el cual tiene como objetivo establecer las actividades que garanticen la correcta inmovilización del paciente, al momento de la verificación no se cuenta con soporte de socialización.",,Visitas de verificación de la Secretaría de Salud Departamental del Cauca - La Vega - La Vega,Administrador,,,,,,,,30/Jun/2025,0 %,-150,,
No Conformidad,1387,Misionales,calidad,09/Mar/2025,Vencida,,"42.11. Cateterismo vesical: La ESE presenta documento PT-MI-UR-14 Versión 1 fecha agosto del 2020-en el cual no se especifica que elementos son necesarios para la inmovilización de pacientes, no se evidencia el alcance de aplicación del documento.",,Visitas de verificación de la Secretaría de Salud Departamental del Cauca - La Vega - La Vega,Administrador,,,,,,,,30/Jun/2025,0 %,-150,,
No Conformidad,1388,Misionales,calidad,09/Mar/2025,Vencida,,"42.13. llustrar al paciente en el auto cuidado de la salud y la preservación de la seguridad de su atención: El prestador cuenta con documento definido como PROTOCOLO AUTOCUIDADO PACIENTE Y SUS CUIDADORES PT-MI-HO 01- Versión 2 fecha junio 20204, no se encuentra socializado para el año 2024.",,Visitas de verificación de la Secretaría de Salud Departamental del Cauca - La Vega - La Vega,Administrador,,,,,,,,30/Jun/2025,0 %,-150,,
No Conformidad,1389,Misionales,calidad,09/Mar/2025,Vencida,,42.14. Información a usuarios: prestador no presenta documento solicitado.,,Visitas de verificación de la Secretaría de Salud Departamental del Cauca - La Vega - La Vega,Administrador,,,,,,,,30/Jun/2025,0 %,-150,,
No Conformidad,1390,Misionales,calidad,09/Mar/2025,Vencida,,"42.15. Revisión del carro de paro: Cuenta con el documento CHEQUEO DEL DESFIBIYR LVERAIFDICOACRIÓ N DEL CARRO DE PARO,sin codigo Versión 2 Fecha Junio 2022. No se encuentra dentro de la tematica a socializar para el año 2024.",,Visitas de verificación de la Secretaría de Salud Departamental del Cauca - La Vega - La Vega,Administrador,,,,,,,,30/Jun/2025,0 %,-150,,
No Conformidad,1391,Misionales,calidad,09/Mar/2025,Vencida,,"42.16. Actividades de rehabilitación: fisioterapia, terapia ocupacional y terapia del lenguaje, que incluya los tipos de elementos e insumas requeridos para cada tipo de actividad, según se requiera: El prestador presenta PROTOCOLO DE ATENCIÓN EN FISIOTERAPIA Códgio PT-MI- CE-53Versión O del 2023, cuenta con documentos definidos respecto a la terapia respiratoria y física con los insumos requeridos para la prestación del servicio . Sin embargo no presentan documento, no se evidencia socialización para el año 2024.",,Visitas de verificación de la Secretaría de Salud Departamental del Cauca - La Vega - La Vega,Administrador,,,,,,,,30/Jun/2025,0 %,-150,,
No Conformidad,1392,Misionales,calidad,09/Mar/2025,Vencida,,"48. Cumple con los criterios que le sean aplicables de todos los servicios: Ver transversal de historia clinica, cuenta con historia clinica digital.",,Visitas de verificación de la Secretaría de Salud Departamental del Cauca - La Vega - La Vega,Administrador,,,,,,,,30/Jun/2025,0 %,-150,,
No Conformidad,1393,Gestión de Talento Humano,calidad,09/Mar/2025,Vencida,,1. Cumple con los criterios que le sean aplicables de todos los: Ver Estándar transversal Talento Humano.,,Visitas de verificación de la Secretaría de Salud Departamental del Cauca - La Vega - La Vega,Administrador,,,,,,,,30/Jun/2025,0 %,-150,,
No Conformidad,1394,Gestión de Recursos,calidad,09/Mar/2025,Vencida,,20. Cumple con los criterios que le sean aplicables de todos los servicios y adicionalmente cuenta con: No cumple con los criterios que le sean aplicables de todos los servicios.,,Visitas de verificación de la Secretaría de Salud Departamental del Cauca - La Vega - La Vega,Administrador,,,,,,,,30/Jun/2025,0 %,-150,,
No Conformidad,1395,Gestión de Recursos,calidad,09/Mar/2025,Vencida,,"20.4.3. La habitación múltiple para pacientes adultos debe tener una capacidad máxima de 4 camas, con área libre mínima de 7 m2 por cama, separadas con barrera física flja o móvil: Cuenta con habitaciones para dos camas, perono estan separadas por barrera fisica fija ni movil.",,Visitas de verificación de la Secretaría de Salud Departamental del Cauca - La Vega - La Vega,Administrador,,,,,,,,30/Jun/2025,0 %,-150,,
No Conformidad,1396,Gestión de Recursos,calidad,09/Mar/2025,Vencida,,25. Cumple con los criterios que le sean aplicables de todos los servicios y adicionalmente cuenta con: Revisar estándar transversal.,,Visitas de verificación de la Secretaría de Salud Departamental del Cauca - La Vega - La Vega,Administrador,,,,,,,,30/Jun/2025,0 %,-150,,
No Conformidad,1397,Gestión de Recursos,calidad,09/Mar/2025,Vencida,,"25.2. Carro de paro. Si el servicio de hospitalización está en varios pisos o niveles, cada piso o nivel, cuenta con mínimo un carro de paro, asegurando que se encuentren en permanente disposición y fácil localización para brindar una atención oportuna sin poner en riesgo la vida del paciente: En el carro de paro se encuentra que el monitor no funciona, se le sugiera al prestador la dotación de este equipo de manera inmediata.",,Visitas de verificación de la Secretaría de Salud Departamental del Cauca - La Vega - La Vega,Administrador,,,,,,,,30/Jun/2025,0 %,-150,,
No Conformidad,1398,Gestión de Recursos,calidad,09/Mar/2025,Vencida,,26.3. Silla de ruedas: No cuenta con silla de ruedas.,,Visitas de verificación de la Secretaría de Salud Departamental del Cauca - La Vega - La Vega,Administrador,,,,,,,,30/Jun/2025,0 %,-150,,
No Conformidad,1399,Gestión de Recursos,calidad,09/Mar/2025,Vencida,,26.4. Tensiómetro para adulto o pediátrico de acuerdo con la oferta del servicio: No cuenta con tensiómetro adulto y pediátrico.,,Visitas de verificación de la Secretaría de Salud Departamental del Cauca - La Vega - La Vega,Administrador,,,,,,,,30/Jun/2025,0 %,-150,,
No Conformidad,1400,Gestión de Recursos,calidad,09/Mar/2025,Vencida,,26.5. Fonendoscopio adulto o pediátrico de acuerdo con la oferta del servicio: No cuenta con fonendoscopio adulto y pediátrico.,,Visitas de verificación de la Secretaría de Salud Departamental del Cauca - La Vega - La Vega,Administrador,,,,,,,,30/Jun/2025,0 %,-150,,
No Conformidad,1401,Gestión de Recursos,calidad,09/Mar/2025,Vencida,,26.6. Equipo de órganos de los sentidos: No cuenta con equipo de órganos de los sentidos.,,Visitas de verificación de la Secretaría de Salud Departamental del Cauca - La Vega - La Vega,Administrador,,,,,,,,30/Jun/2025,0 %,-150,,
No Conformidad,1402,Gestión de Recursos,calidad,09/Mar/2025,Vencida,,26.7. Electrocardiógrafo: No cuenta con electrocardiógrafo.,,Visitas de verificación de la Secretaría de Salud Departamental del Cauca - La Vega - La Vega,Administrador,,,,,,,,30/Jun/2025,0 %,-150,,
No Conformidad,1403,Gestión de Recursos,calidad,09/Mar/2025,Vencida,,26.8. Oxigeno medicinal que puede ser suministrado mediante salida de oxígeno medicinal o mediante oxígeno medicinal portátil: No cuenta con oxígeno medicinal.,,Visitas de verificación de la Secretaría de Salud Departamental del Cauca - La Vega - La Vega,Administrador,,,,,,,,30/Jun/2025,0 %,-150,,
No Conformidad,1404,Gestión de Recursos,calidad,09/Mar/2025,Vencida,,"35. Cumple con los criterios que le sean aplicables de todos los servicios y adicionalmente, cuenta con: No cumple con los criterios que le sean aplicables de todos los servicios.",,Visitas de verificación de la Secretaría de Salud Departamental del Cauca - La Vega - La Vega,Administrador,,,,,,,,30/Jun/2025,0 %,-150,,
No Conformidad,1405,Misionales,calidad,09/Mar/2025,Vencida,,42. Cumple con los criterios que le sean aplicables de todos los servicios y adicionalmente cuenta con la siguiente información documentada: Se verifico en el estándar transversal.,,Visitas de verificación de la Secretaría de Salud Departamental del Cauca - La Vega - La Vega,Administrador,,,,,,,,30/Jun/2025,0 %,-150,,
No Conformidad,1406,Misionales,calidad,09/Mar/2025,Vencida,,42.1. Criterios de ingreso y egreso al servicio: No presentan documentación.,,Visitas de verificación de la Secretaría de Salud Departamental del Cauca - La Vega - La Vega,Administrador,,,,,,,,30/Jun/2025,0 %,-150,,
No Conformidad,1407,Misionales,calidad,09/Mar/2025,Vencida,,"42.2. Manejo de las principales causas de hospitalización, según oferta: Se verifica las causas principales de atención mediante el principio es pareto y se verifica soporte donde adaptan guia de manejo del ministerio de salud, sin embargo guias de manejo clinico para el servicio especifico no se encuentran documentadas en su totalidad.",,Visitas de verificación de la Secretaría de Salud Departamental del Cauca - La Vega - La Vega,Administrador,,,,,,,,30/Jun/2025,0 %,-150,,
No Conformidad,1408,Misionales,calidad,09/Mar/2025,Vencida,,42.3. Ronda médica diaria de evolución de pacientes: Prestador no presenta documentación.,,Visitas de verificación de la Secretaría de Salud Departamental del Cauca - La Vega - La Vega,Administrador,,,,,,,,30/Jun/2025,0 %,-150,,
No Conformidad,1409,Misionales,calidad,09/Mar/2025,Vencida,,"42.5. Entrega de turno por parte de enfermería y de medicina: La ESE Cuenta con PROTOCOLO DE RECIBO Y ENTREGA DE TURNO Código: PT-MI-CE-21, se verifica que no se encuentran dentro del plan de capacitación institucional del 2024, ni cuenta con medición de adherencia.",,Visitas de verificación de la Secretaría de Salud Departamental del Cauca - La Vega - La Vega,Administrador,,,,,,,,30/Jun/2025,0 %,-150,,
No Conformidad,1410,Misionales,calidad,09/Mar/2025,Vencida,,"42.6. Control de líquidos: La ESE presenta documento CONTROL DE LIQUIDOS ADQUIRIDOS Y ELIMINADOS Código: PT-MIHO- 22, se verifica que no se encuentran dentro del plan de capacitación institucional del 2024, ni cuenta con medición de adherencia.",,Visitas de verificación de la Secretaría de Salud Departamental del Cauca - La Vega - La Vega,Administrador,,,,,,,,30/Jun/2025,0 %,-150,,
No Conformidad,1411,Misionales,calidad,09/Mar/2025,Vencida,,"42.7. Plan de cuidados de enfermería: La ESE presenta documento en Excel de plan de cuidados establecidos por patologías más frecuentes sin embargo no cuenta con un documento donde se defina los cuidados según las necesidades del paciente, no se cuenta con la socialización, ni medición de adherencia.",,Visitas de verificación de la Secretaría de Salud Departamental del Cauca - La Vega - La Vega,Administrador,,,,,,,,30/Jun/2025,0 %,-150,,
No Conformidad,1412,Misionales,calidad,09/Mar/2025,Vencida,,"42.9. Sujeción de pacientes: La ESE presenta documento PT-MI-UR-55 protocolo de inmovilización paciente inconsciente y psiquiátrico el cual tiene como objetivo establecer las actividades que garanticen la correcta inmovilización del paciente, al momento de la verificación no se cuenta con soporte de socialización.",,Visitas de verificación de la Secretaría de Salud Departamental del Cauca - La Vega - La Vega,Administrador,,,,,,,,30/Jun/2025,0 %,-150,,
No Conformidad,1413,Misionales,calidad,09/Mar/2025,Vencida,,"42.11. Cateterismo vesical: La ESE presenta documento PT-MI-UR-14 Versión 1 fecha agosto del 2020-en el cual no se especifica que elementos son necesarios para la inmovilización de pacientes, no se evidencia el alcance de aplicación del documento.",,Visitas de verificación de la Secretaría de Salud Departamental del Cauca - La Vega - La Vega,Administrador,,,,,,,,30/Jun/2025,0 %,-150,,
No Conformidad,1414,Misionales,calidad,09/Mar/2025,Vencida,,"42.13. llustrar al paciente en el auto cuidado de la salud y la preservación de la seguridad de su atención: El prestador cuenta con documento definido como PROTOCOLO AUTOCUIDADO PACIENTE Y SUS CUIDADORES PT-MI-HO 01- Versión 2 fecha junio 20204, no se encuentra socializado para el año 2024.",,Visitas de verificación de la Secretaría de Salud Departamental del Cauca - La Vega - La Vega,Administrador,,,,,,,,30/Jun/2025,0 %,-150,,
No Conformidad,1415,Misionales,calidad,09/Mar/2025,Vencida,,42.14. Informacién a usuarios: El prestador no presenta documento solicitado:,,Visitas de verificación de la Secretaría de Salud Departamental del Cauca - La Vega - La Vega,Administrador,,,,,,,,30/Jun/2025,0 %,-150,,
No Conformidad,1416,Misionales,calidad,09/Mar/2025,Vencida,,"42.15. Revisión del carro de paro: Cuenta con el documento CHEQUEO DEL DESFIBIRLADOR Y VERIFICACIÓN DEL CARRO DE PARO, sin codigo Versión 2 Fecha Junio 2022. No se encuentra dentro de la tematica a socializar para el año 2024.",,Visitas de verificación de la Secretaría de Salud Departamental del Cauca - La Vega - La Vega,Administrador,,,,,,,,30/Jun/2025,0 %,-150,,
No Conformidad,1417,Misionales,calidad,09/Mar/2025,Vencida,,"42.16. Actividades de rehabilitación: fisioterapia, terapia ocupacional y terapia del lenguaje, que incluya los tipos de elementos e insumas requeridos para cada tipo de actividad, según se requiera: El prestador presenta PROTOCOLO DE ATENCIÓN EN FISIOTERAPIA Códgio PT-MI- CE-53Versión 0 del 2023, cuenta con documentos definidos respecto a la terapia respiratoria y física con los insumos requeridos para la prestación del servicio . Sin embargo no presentan documento, no se evidencia socialización para el año 2024.",,Visitas de verificación de la Secretaría de Salud Departamental del Cauca - La Vega - La Vega,Administrador,,,,,,,,30/Jun/2025,0 %,-150,,
No Conformidad,1418,Misionales,calidad,09/Mar/2025,Vencida,,"48. Cumple con los criterios que le sean aplicables de todos los servicios: Ver transversal de historia clinica, cuenta con historia clinica digital.",,Visitas de verificación de la Secretaría de Salud Departamental del Cauca - La Vega - La Vega,Administrador,,,,,,,,30/Jun/2025,0 %,-150,,
No Conformidad,1419,Gestión de Recursos,calidad,09/Mar/2025,Vencida,,24.1. Fonendoscopio para adulto o pediátrico según la oferta del servicio: No cuenta con el equipo de este item correspondiente.,,Visitas de verificación de la Secretaría de Salud Departamental del Cauca - La Vega - La Vega,Administrador,,,,,,,,30/Jun/2025,0 %,-150,,
No Conformidad,1420,Gestión de Recursos,calidad,09/Mar/2025,Vencida,,24.2. Tensiómetro para adulto o pediátrico según la oferta del servicio: No cuenta con el equipo de este item correspondiente.,,Visitas de verificación de la Secretaría de Salud Departamental del Cauca - La Vega - La Vega,Administrador,,,,,,,,30/Jun/2025,0 %,-150,,
No Conformidad,1421,Gestión de Recursos,calidad,09/Mar/2025,Vencida,,24.3. Equipo de órganos de los sentidos: No cuenta con el equipo de este item correspondiente.,,Visitas de verificación de la Secretaría de Salud Departamental del Cauca - La Vega - La Vega,Administrador,,,,,,,,30/Jun/2025,0 %,-150,,
No Conformidad,1422,Gestión de Recursos,calidad,09/Mar/2025,Vencida,,24.4 Oximetro: No cuenta con el equipo de este item correspondiente.,,Visitas de verificación de la Secretaría de Salud Departamental del Cauca - La Vega - La Vega,Administrador,,,,,,,,30/Jun/2025,0 %,-150,,
No Conformidad,1423,Gestión de Recursos,calidad,09/Mar/2025,Vencida,,24.5. Glucómetro: No cuenta con el equipo de este item correspondiente.,,Visitas de verificación de la Secretaría de Salud Departamental del Cauca - La Vega - La Vega,Administrador,,,,,,,,30/Jun/2025,0 %,-150,,
No Conformidad,1424,Gestión de Recursos,calidad,09/Mar/2025,Vencida,,24.6. Martillo de reflejos: No cuenta con el equipo de este ítem correspondiente.,,Visitas de verificación de la Secretaría de Salud Departamental del Cauca - La Vega - La Vega,Administrador,,,,,,,,30/Jun/2025,0 %,-150,,
No Conformidad,1425,Gestión de Recursos,calidad,09/Mar/2025,Vencida,,"24.7. Termómetro, cuanto lo requiera: No cuenta con el equipo de este item correspondiente.",,Visitas de verificación de la Secretaría de Salud Departamental del Cauca - La Vega - La Vega,Administrador,,,,,,,,30/Jun/2025,0 %,-150,,
No Conformidad,1426,Gestión de Recursos,calidad,09/Mar/2025,Vencida,,24.8. Cinta métrica: No cuenta con el equipo de este item correspondiente.,,Visitas de verificación de la Secretaría de Salud Departamental del Cauca - La Vega - La Vega,Administrador,,,,,,,,30/Jun/2025,0 %,-150,,
No Conformidad,1427,Gestión de Recursos,calidad,09/Mar/2025,Vencida,,"24.9. Báscula grado médico o pesa bebé, según la oferta del servicio: No cuenta con el equipo de este item correspondiente.",,Visitas de verificación de la Secretaría de Salud Departamental del Cauca - La Vega - La Vega,Administrador,,,,,,,,30/Jun/2025,0 %,-150,,
No Conformidad,1428,Gestión de Recursos,calidad,09/Mar/2025,Vencida,,"25. El prestador de servicios de salud cuenta con la dotación necesaria para realizar los procedimientos documentados en el estándar de procesos prioritarios: El prestador informa de forma verbal que para las salidas extramurales solo utilizan tensiómetro, fonendoscopio, bascula y tallimetro, pero esto no se encuentra documentando desde el estándar de procesos prioritarios.",,Visitas de verificación de la Secretaría de Salud Departamental del Cauca - La Vega - La Vega,Administrador,,,,,,,,30/Jun/2025,0 %,-150,,
No Conformidad,1429,Gestión de Recursos,calidad,09/Mar/2025,Vencida,,32. Cumple con los criterios que le sean aplicables de todos los servicios: No Cumple con los criterios que le sean aplicables de todos los servicios.,,Visitas de verificación de la Secretaría de Salud Departamental del Cauca - La Vega - La Vega,Administrador,,,,,,,,30/Jun/2025,0 %,-150,,
No Conformidad,1430,Misionales,calidad,09/Mar/2025,Vencida,,"35.1. Procedimientos que se pueden realizar, incluyendo aquellos que requieran anestesia local y no impliquen anestesia regional ni general: Presenta el listado de procedimiento que se ejecutan dentro de la parte asistencial por parte de los profesionales de enfermeria para los servicios intramurales, para la prestación extramural no cuenta con documentado.",,Visitas de verificación de la Secretaría de Salud Departamental del Cauca - La Vega - La Vega,Administrador,,,,,,,,30/Jun/2025,0 %,-150,,
No Conformidad,1431,Misionales,calidad,09/Mar/2025,Vencida,,35.2.1. Preparación: Los documentos presentados por el prestador no cuentan con todas la especificaciones solicitadas.,,Visitas de verificación de la Secretaría de Salud Departamental del Cauca - La Vega - La Vega,Administrador,,,,,,,,30/Jun/2025,0 %,-150,,
No Conformidad,1432,Misionales,calidad,09/Mar/2025,Vencida,,35.2.2. Recomendaciones post procedimiento: Los documentos presentados por el prestador no cuentan con todas la especificaciones solicitadas,,Visitas de verificación de la Secretaría de Salud Departamental del Cauca - La Vega - La Vega,Administrador,,,,,,,,30/Jun/2025,0 %,-150,,
No Conformidad,1433,Misionales,calidad,09/Mar/2025,Vencida,,35.2.3. Controles: Los documentos presentados por el prestador no cuentan con todas la especificaciones solicitadas.,,Visitas de verificación de la Secretaría de Salud Departamental del Cauca - La Vega - La Vega,Administrador,,,,,,,,30/Jun/2025,0 %,-150,,
No Conformidad,1434,Misionales,calidad,09/Mar/2025,Vencida,,35.2.4. Posibles complicaciones: Los documentos presentados por el prestador no cuentan con todas la especificaciones solicitadas.,,Visitas de verificación de la Secretaría de Salud Departamental del Cauca - La Vega - La Vega,Administrador,,,,,,,,30/Jun/2025,0 %,-150,,
No Conformidad,1435,Misionales,calidad,09/Mar/2025,Vencida,,"36.1. Manejo de pacientes con enfermedad respiratoria alta y baja, que incluya ingreso, valoración y seguimiento del estado critico: El prestador presenta documento MANEJO ENFERMEDAD RESPIRATORIA AGUDA EN LA SALA DE ERA Código PR-MI-UR-78 Versión 1 Fecha: febrero del 2024, el objetivo es mantener vigilancia continua en pacientes ingresados en el servicios de urgencias con problemas respiratorios sea alta o baja para difundir medidas de prevención, se tiene definido criterios de ingreso, no se evidencia definido que se acciones se realizan en valoración, no se tiene definidos responsable a cargo de la prestación del servicio según el perfil profesional y no se tiene definido el seguimiento del paciente crítico, no se tiene definido equipos biomédicos requeridos para la atención, no se encuentra socializados, ni programado dentro del plan de capacitación anual 2024.",,Visitas de verificación de la Secretaría de Salud Departamental del Cauca - La Vega - La Vega,Administrador,,,,,,,,30/Jun/2025,0 %,-150,,
No Conformidad,1436,Misionales,calidad,09/Mar/2025,Vencida,,"41. Cumple con los criterios que le sean aplicables de todos los servicios: Ver transversal de historia clinica, cuenta con historia clinica digital.",,Visitas de verificación de la Secretaría de Salud Departamental del Cauca - La Vega - La Vega,Administrador,,,,,,,,30/Jun/2025,0 %,-150,,
No Conformidad,1437,Gestión de Recursos,calidad,09/Mar/2025,Vencida,,24.1. Fonendoscopio para adulto o pediátrico según la oferta del servicio: No cuenta con el equipo de este item correspondiente.,,Visitas de verificación de la Secretaría de Salud Departamental del Cauca - La Vega - La Vega,Administrador,,,,,,,,30/Jun/2025,0 %,-150,,
No Conformidad,1438,Gestión de Recursos,calidad,09/Mar/2025,Vencida,,24.2. Tensiómetro para adulto o pediátrico según la oferta del servicio: No cuenta con el equipo de este item correspondiente.,,Visitas de verificación de la Secretaría de Salud Departamental del Cauca - La Vega - La Vega,Administrador,,,,,,,,30/Jun/2025,0 %,-150,,
No Conformidad,1439,Gestión de Recursos,calidad,09/Mar/2025,Vencida,,24.3. Equipo de órganos de los sentidos: No cuenta con el equipo de este item correspondiente.,,Visitas de verificación de la Secretaría de Salud Departamental del Cauca - La Vega - La Vega,Administrador,,,,,,,,30/Jun/2025,0 %,-150,,
No Conformidad,1440,Gestión de Recursos,calidad,09/Mar/2025,Vencida,,24.4. Oximetro: No cuenta con el equipo de este item correspondiente.,,Visitas de verificación de la Secretaría de Salud Departamental del Cauca - La Vega - La Vega,Administrador,,,,,,,,30/Jun/2025,0 %,-150,,
No Conformidad,1441,Gestión de Recursos,calidad,09/Mar/2025,Vencida,,24.5. Glucómetro: No cuenta con el equipo de este item correspondiente.,,Visitas de verificación de la Secretaría de Salud Departamental del Cauca - La Vega - La Vega,Administrador,,,,,,,,30/Jun/2025,0 %,-150,,
No Conformidad,1442,Gestión de Recursos,calidad,09/Mar/2025,Vencida,,24.6. Martillo de reflejos: No cuenta con el equipo de este ítem correspondiente.,,Visitas de verificación de la Secretaría de Salud Departamental del Cauca - La Vega - La Vega,Administrador,,,,,,,,30/Jun/2025,0 %,-150,,
No Conformidad,1443,Gestión de Recursos,calidad,09/Mar/2025,Vencida,,"24.7. Termómetro, cuanto lo requiera: No cuenta con el equipo de este item correspondiente.",,Visitas de verificación de la Secretaría de Salud Departamental del Cauca - La Vega - La Vega,Administrador,,,,,,,,30/Jun/2025,0 %,-150,,
No Conformidad,1444,Gestión de Recursos,calidad,09/Mar/2025,Vencida,,24.8. Cinta métrica: No cuenta con el equipo de este item correspondiente.,,Visitas de verificación de la Secretaría de Salud Departamental del Cauca - La Vega - La Vega,Administrador,,,,,,,,30/Jun/2025,0 %,-150,,
No Conformidad,1445,Gestión de Recursos,calidad,09/Mar/2025,Vencida,,"24.9. Báscula grado médico o pesa bebé, según la oferta del servicio: No cuenta con el equipo de este item correspondiente.",,Visitas de verificación de la Secretaría de Salud Departamental del Cauca - La Vega - La Vega,Administrador,,,,,,,,30/Jun/2025,0 %,-150,,
No Conformidad,1446,Gestión de Recursos,calidad,09/Mar/2025,Vencida,,"25. El prestador de servicios de salud cuenta con la dotación necesaria para realizar los procedimientos documentados en el estándar de procesos prioritarios: El prestador informa de forma verbal que para las salidas extramurales solo utilizan tensiómetro, fonendoscopio, bascula y tallimetro, pero esto no se encuentra documentando desde el estándar de procesos prioritarios.",,Visitas de verificación de la Secretaría de Salud Departamental del Cauca - La Vega - La Vega,Administrador,,,,,,,,30/Jun/2025,0 %,-150,,
No Conformidad,1447,Gestión de Recursos,calidad,09/Mar/2025,Vencida,,32. Cumple con los criterios que le sean aplicables de todos los servicios: No Cumple con los criterios que le sean aplicables de todos los servicios.,,Visitas de verificación de la Secretaría de Salud Departamental del Cauca - La Vega - La Vega,Administrador,,,,,,,,30/Jun/2025,0 %,-150,,
No Conformidad,1448,Misionales,calidad,09/Mar/2025,Vencida,,"35.1. Procedimientos que se pueden realizar, incluyendo aquellos que requieran anestesia local y no impliquen anestesia regional ni general: Presenta el listado de procedimiento que se ejecutan dentro de la parte asistencial por parte de los profesionales de medicina general para los servicios intramurales, para la prestación extramural no cuenta con documentado.",,Visitas de verificación de la Secretaría de Salud Departamental del Cauca - La Vega - La Vega,Administrador,,,,,,,,30/Jun/2025,0 %,-150,,
No Conformidad,1449,Misionales,calidad,09/Mar/2025,Vencida,,35.2.1. Preparación: Los documentos presentados por el prestador no cuentan con todas la especificaciones solicitadas.,,Visitas de verificación de la Secretaría de Salud Departamental del Cauca - La Vega - La Vega,Administrador,,,,,,,,30/Jun/2025,0 %,-150,,
No Conformidad,1450,Misionales,calidad,09/Mar/2025,Vencida,,35.2.2. Recomendaciones post procedimiento: Los documentos presentados por el prestador no cuentan con todas la especificaciones solicitadas.,,Visitas de verificación de la Secretaría de Salud Departamental del Cauca - La Vega - La Vega,Administrador,,,,,,,,30/Jun/2025,0 %,-150,,
No Conformidad,1451,Misionales,calidad,09/Mar/2025,Vencida,,35.2.3. Controles: Los documentos presentados por el prestador no cuentan con todas la especificaciones solicitadas.,,Visitas de verificación de la Secretaría de Salud Departamental del Cauca - La Vega - La Vega,Administrador,,,,,,,,30/Jun/2025,0 %,-150,,
No Conformidad,1452,Misionales,calidad,09/Mar/2025,Vencida,,35.2.4. Posibles complicaciones: Los documentos presentados por el prestador no cuentan con todas la especificaciones solicitadas.,,Visitas de verificación de la Secretaría de Salud Departamental del Cauca - La Vega - La Vega,Administrador,,,,,,,,30/Jun/2025,0 %,-150,,
No Conformidad,1453,Misionales,calidad,09/Mar/2025,Vencida,,"36.1. Manejo de pacientes con enfermedad respiratoria alta y baja, que incluya ingreso, valoración y seguimiento del estado crítico: El prestador presenta documento MANEJO ENFERMEDAD RESPIRATORIA AGUDA EN LA SALA DE ERA Código PR-MI-UR-78 Versión 1 Fecha: febrero del 2024, el objetivo es mantener vigilancia continua en pacientes ingresados en el servicios de urgencias con problemas respiratorios sea alta o baja para difundir medidas de prevención, se tiene definido criterios de ingreso, no se evidencia definido que se acciones se realizan en valoración, no se tiene definidos responsable a cargo de la prestación del servicio según el perfil profesional y no se tiene definido el seguimiento del paciente crítico, no se tiene definido equipos biomédicos requeridos para la atención, no se encuentra socializados ni programado dentro del plan de capacitación anual 2024.",,Visitas de verificación de la Secretaría de Salud Departamental del Cauca - La Vega - La Vega,Administrador,,,,,,,,30/Jun/2025,0 %,-150,,
No Conformidad,1454,Misionales,calidad,09/Mar/2025,Vencida,,"41. Cumple con los criterios que le sean aplicables de todos los servicios: Ver transversal de historia clinica, cuenta con historia clinica digital.",,Visitas de verificación de la Secretaría de Salud Departamental del Cauca - La Vega - La Vega,Administrador,,,,,,,,30/Jun/2025,0 %,-150,,
No Conformidad,1455,Gestión de Recursos,calidad,09/Mar/2025,Vencida,,"23.6. Instrumental básico definido por el prestador de acuerdo con la oferta del servicio (adultos o pediatría), la capacidad instalada, los procedimientos documentados en el estándar de procesos prioritarios y la técnica de esterilización y numero de ciclos de esterilización al dia: En el estándar de procesos prioritarios no se evidencia documentado el instrumental de acuerdo a lo verificado, tampoco se evidencia la técnica de esterilización y numero de ciclos de esterilización al día.",,Visitas de verificación de la Secretaría de Salud Departamental del Cauca - La Vega - La Vega,Administrador,,,,,,,,30/Jun/2025,0 %,-150,,
No Conformidad,1456,Gestión de Recursos,calidad,09/Mar/2025,Vencida,,26.2. Lámpara de fotocurado o amalgamador según la oferta del servicio: No cuentan con lámpara de fotocurado para la modalidad.,,Visitas de verificación de la Secretaría de Salud Departamental del Cauca - La Vega - La Vega,Administrador,,,,,,,,30/Jun/2025,0 %,-150,,
No Conformidad,1457,Gestión de Recursos,calidad,09/Mar/2025,Vencida,,"26.6. Instrumental básico estéril definido por el prestador de acuerdo con la oferta del servicio (adultos o pediatria), la capacidad instalada y los procedimientos documentados en el estándar de procesos prioritarios: En el estándar de procesos prioritarios no se evidencia documentado el instrumental de acuerdo a lo verificado, tampoco se evidencia la técnica de esterilización y numero de ciclos de esterilización al día.",,Visitas de verificación de la Secretaría de Salud Departamental del Cauca - La Vega - La Vega,Administrador,,,,,,,,30/Jun/2025,0 %,-150,,
No Conformidad,1458,Gestión de Recursos,calidad,09/Mar/2025,Vencida,,27. Cumple con los criterios que le sean aplicables de todos los servicios: Revisar estándar transversal.,,Visitas de verificación de la Secretaría de Salud Departamental del Cauca - La Vega - La Vega,Administrador,,,,,,,,30/Jun/2025,0 %,-150,,
No Conformidad,1459,Gestión de Recursos,calidad,09/Mar/2025,Vencida,,32. Cumple con los criterios que le sean aplicables de todos los servicios: No Cumple con los criterios que le sean aplicables de todos los servicios.,,Visitas de verificación de la Secretaría de Salud Departamental del Cauca - La Vega - La Vega,Administrador,,,,,,,,30/Jun/2025,0 %,-150,,
No Conformidad,1460,Misionales,calidad,09/Mar/2025,Vencida,,"35.1. Procedimientos que se pueden realizar, incluyendo aquellos que requieran anestesia local y no impliquen anestesia regional ni general: El prestador no cuenta con documento donde se evidencia los requisitos para manejo de anestesia local, cuenta con anotaciones en los protocolos de procedimientos donde défine el manejo de la anestesia pero no describe las cantidades y riesgos posibles para el manejo y uso de los anestesico locales.",,Visitas de verificación de la Secretaría de Salud Departamental del Cauca - La Vega - La Vega,Administrador,,,,,,,,30/Jun/2025,0 %,-150,,
No Conformidad,1461,Misionales,calidad,09/Mar/2025,Vencida,,35.2.1. Preparación: No cuenta con la información solicitada.,,Visitas de verificación de la Secretaría de Salud Departamental del Cauca - La Vega - La Vega,Administrador,,,,,,,,30/Jun/2025,0 %,-150,,
No Conformidad,1462,Misionales,calidad,09/Mar/2025,Vencida,,35.2.2. Recomendaciones post procedimiento: No cuenta con la información solicitada.,,Visitas de verificación de la Secretaría de Salud Departamental del Cauca - La Vega - La Vega,Administrador,,,,,,,,30/Jun/2025,0 %,-150,,
No Conformidad,1463,Misionales,calidad,09/Mar/2025,Vencida,,35.2.3. Controles: No cuenta con la información solicitada.,,Visitas de verificación de la Secretaría de Salud Departamental del Cauca - La Vega - La Vega,Administrador,,,,,,,,30/Jun/2025,0 %,-150,,
No Conformidad,1464,Misionales,calidad,09/Mar/2025,Vencida,,35.2.4. Posibles complicaciones: No cuenta con la información solicitada.,,Visitas de verificación de la Secretaría de Salud Departamental del Cauca - La Vega - La Vega,Administrador,,,,,,,,30/Jun/2025,0 %,-150,,
No Conformidad,1465,Misionales,calidad,09/Mar/2025,Vencida,,"41. Cumple con los criterios que le sean aplicables de todos los servicios: El prestador no cuenta con registros de consentimientos firmados por el paciente ni por el profesional, se evidencia espacios vacios, en los registros de la historia clínica.",,Visitas de verificación de la Secretaría de Salud Departamental del Cauca - La Vega - La Vega,Administrador,,,,,,,,30/Jun/2025,0 %,-150,,
No Conformidad,1466,Misionales,calidad,09/Mar/2025,Vencida,,1.1. Profesional de la medicina o profesional de la enfermería: Se debe asignar un profesional de la Enfermeria o de la medicina para la supervisión del personal auxiliar.,,Visitas de verificación de la Secretaría de Salud Departamental del Cauca - La Vega - La Vega,Administrador,,,,,,,,30/Jun/2025,0 %,-150,,
No Conformidad,1467,Gestión de Recursos,calidad,09/Mar/2025,Vencida,,"Si se presenta interrupción de la cadena de frío, el prestador de servicios de salud realiza notificación segun el procedimiento establecido por el Invima: No cumplen con los criterios que sean aplicables de todos los servicio, cuenta con protocolo de notificacion si se presenta interrupción de la cadena de frio.",,Visitas de verificación de la Secretaría de Salud Departamental del Cauca - La Vega - La Vega,Administrador,,,,,,,,30/Jun/2025,0 %,-150,,
No Conformidad,1468,Misionales,calidad,09/Mar/2025,Vencida,,"10.1 Si el prestador de servicios de salud administra la vacuna en un ambiente diferente al consultorio de vacunación cuenta con información documentada para el alistamiento de los biológicos para uso diario, así como la conservación de la cadena de frío: El prestador presenta documento denominado SALIDA EXTRAMURAL PT-MI-CE-25 Versión 03 Fecha enero 2024, el cual se identifica que el documento no cuenta con la descripción de alistamiento del biologicos y se debera ampliar la conservación de la cadena frío ya que no se cuenta con la especificidad definida para la zona. El documento no se cuenta socializado ni programado dentro del plan de capacitación 2024.",,Visitas de verificación de la Secretaría de Salud Departamental del Cauca - La Vega - La Vega,Administrador,,,,,,,,30/Jun/2025,0 %,-150,,
No Conformidad,1469,Gestión de Recursos,calidad,09/Mar/2025,Vencida,,32. Cumple con los criterios que le sean aplicables de todos los servicios: No Cumple con los criterios que le sean aplicables de todos los servicios.,,Visitas de verificación de la Secretaría de Salud Departamental del Cauca - La Vega - La Vega,Administrador,,,,,,,,30/Jun/2025,0 %,-150,,
No Conformidad,1470,Misionales,calidad,09/Mar/2025,Vencida,,"41. Cumple con los criterios que le sean aplicables de todos los servicios: En visita de verificación no cumple con los criterios que le sean aplicables de todos los servicios, adicionalmente se evidencia que en el servicio la profesional no cuenta con computador para los registros de la historia clínica al momento de la atención , se evidencia que no todas las historias clínicas cuentan con consentimientos informados.",,Visitas de verificación de la Secretaría de Salud Departamental del Cauca - La Vega - La Vega,Administrador,,,,,,,,30/Jun/2025,0 %,-150,,
No Conformidad,1471,Gestión de Talento Humano,calidad,09/Mar/2025,Vencida,,"1. Cumple con los criterios que le sean aplicables de todos los servicios y adicionalmente, cuenta con: Ver Estándar transversal Talento Humano.",,Visitas de verificación de la Secretaría de Salud Departamental del Cauca - La Vega - La Vega,Administrador,,,,,,,,30/Jun/2025,0 %,-150,,
No Conformidad,1472,Gestión de Recursos,calidad,09/Mar/2025,Vencida,,7. Cumple con los criterios que le sean aplicables de todos los servicios: No cumple con todos los criterios aplicable a los servicios.,,Visitas de verificación de la Secretaría de Salud Departamental del Cauca - La Vega - La Vega,Administrador,,,,,,,,30/Jun/2025,0 %,-150,,
No Conformidad,1473,Gestión de Recursos,calidad,09/Mar/2025,Vencida,,"12. Cumple con los criterios que le sean aplicables de todos los servicios y adicionalmente, cuenta con: Revisar estándar transversal.",,Visitas de verificación de la Secretaría de Salud Departamental del Cauca - La Vega - La Vega,Administrador,,,,,,,,30/Jun/2025,0 %,-150,,
No Conformidad,1474,Gestión de Recursos,calidad,09/Mar/2025,Vencida,,"14. Cumple con los criterios que le sean aplicables de todos los servicios y adicionalmente cuenta con: Medicamentos, dispositivos médicos e insumos requeridos para el procesamiento de las Medicamentos, dispositivos médicos e insumos requeridos para el procesamiento de las muestras, de acuerdo con las pruebas que realice: 14. Cumple con los criterios que le sean aplicables de todos los Medicamentos, dispositivos médicos e insumos requeridos para el procesamiento de las muestras.",,Visitas de verificación de la Secretaría de Salud Departamental del Cauca - La Vega - La Vega,Administrador,,,,,,,,30/Jun/2025,0 %,-150,,
No Conformidad,1475,Misionales,calidad,09/Mar/2025,Vencida,,16. Cumple con los criterios que le sean aplicables de todos los servicios y adicionalmente cuenta con la siguiente información documentada: Verificar trasversal.,,Visitas de verificación de la Secretaría de Salud Departamental del Cauca - La Vega - La Vega,Administrador,,,,,,,,30/Jun/2025,0 %,-150,,
No Conformidad,1476,Misionales,calidad,09/Mar/2025,Vencida,,"16.1. Programa de control de calidad interno y externo, que contemple las pruebas realizadas: El prestador para la vigencia 2024 no ha participado en el control externo de calidad, presenta soporte de contratación desde el mes de octubre 2024, para la participación en el año 2023 se observa que el analito de bilirrubinas presenta un mal desempeño, se encuentra con rangos que deben ser intervenidos. Los controles internos se diligencian software Medlab con buen comportamiento.",,Visitas de verificación de la Secretaría de Salud Departamental del Cauca - La Vega - La Vega,Administrador,,,,,,,,30/Jun/2025,0 %,-150,,
No Conformidad,1477,Misionales,calidad,09/Mar/2025,Vencida,,16.2. Validación secundaria o verificación: No se cuenta con la información solicitada en el momento de la visita.,,Visitas de verificación de la Secretaría de Salud Departamental del Cauca - La Vega - La Vega,Administrador,,,,,,,,30/Jun/2025,0 %,-150,,
No Conformidad,1478,Misionales,calidad,09/Mar/2025,Vencida,,"16.3. Análisis de los reportes del control de calidad y toma de medidas preventivas y correctivas: Se observan registro de análisis a los reportes, el profesional indica no procesar Bilirrubinas por comportamiento del analito. No se evidencia toma de medidas correctivas para solucionar el mal desempeño de las blirubinas, lo que afecta la oferta de esta prueba necesaria para los pacientes que la requieran.",,Visitas de verificación de la Secretaría de Salud Departamental del Cauca - La Vega - La Vega,Administrador,,,,,,,,30/Jun/2025,0 %,-150,,
No Conformidad,1479,Misionales,calidad,09/Mar/2025,Vencida,,"16.4. Toma, identificación, transporte, conservación, embalaje y remisión de las muestras, cuando aplique: El prestador cuenta con documento MA-MI-LA 13 Manual de toma, transporte, conservación y remisión de muestras de laboratorio clínico, la modalidad extramural no se encuentra documentada, se diligencia el formato registro y transporte de muestras de laboratorio FT-MI-LA- 103 no se cuenta con el diligenciamiento de todos los campos que permiten realizar la trazabilidad de las muestras, no cuentan con la trazabilidad de la temperatura de las muestras en la modalidad extramural. Para los analitos no procesados en la sede se diligencia el formato LX-TMS-RC-002 Registro remisión de muestras puntos de atención perteneciente al laboratorio de referencia.",,Visitas de verificación de la Secretaría de Salud Departamental del Cauca - La Vega - La Vega,Administrador,,,,,,,,30/Jun/2025,0 %,-150,,
No Conformidad,1480,Misionales,calidad,09/Mar/2025,Vencida,,"16.6. Supervisión de la toma de muestras cuando sea realizada por los auxiliares, cuando aplique: El prestador no presenta la información solicitada, se indica que en los servicios de urgencias y hospitalización son tomadas por el personas de estos servicios.",,Visitas de verificación de la Secretaría de Salud Departamental del Cauca - La Vega - La Vega,Administrador,,,,,,,,30/Jun/2025,0 %,-150,,
No Conformidad,1481,Misionales,calidad,09/Mar/2025,Vencida,,"16.7. Limpieza y desinfección del material que se utilice en el procesamiento de las muestras, cuando aplique: El prestador cuenta con documento PT MI-5G-03 Manual de limpieza y desinfección se debe ajustar indicando como se debe preparar la solución del jabón neutro. En el momento de la visita se evidencia que la solucion preparada no se realiza de acuerdo a las indicaciones del fabricante.",,Visitas de verificación de la Secretaría de Salud Departamental del Cauca - La Vega - La Vega,Administrador,,,,,,,,30/Jun/2025,0 %,-150,,
No Conformidad,1482,Misionales,calidad,09/Mar/2025,Vencida,,"16.8. Control de calidad de las “pruebas en el punto de atención del paciente - (point of care testing -POCT)”, cuando aplique: El prestador no cuenta con controles de calidad para las pruebas de VIH, Sifilis, Dengue, Hepatitis B.",,Visitas de verificación de la Secretaría de Salud Departamental del Cauca - La Vega - La Vega,Administrador,,,,,,,,30/Jun/2025,0 %,-150,,
No Conformidad,1483,Misionales,calidad,09/Mar/2025,Vencida,,18. Cumple con los criterios que le sean aplicables de todos los servicios y adicionalmente cuenta con: No cumple con los criterios que le son aplicables a todos los servicios.,,Visitas de verificación de la Secretaría de Salud Departamental del Cauca - La Vega - La Vega,Administrador,,,,,,,,30/Jun/2025,0 %,-150,,
No Conformidad,1484,Misionales,calidad,09/Mar/2025,Vencida,,18.3. Registro de validación secundaria o verificación: El prestador no presenta la información solicitada.,,Visitas de verificación de la Secretaría de Salud Departamental del Cauca - La Vega - La Vega,Administrador,,,,,,,,30/Jun/2025,0 %,-150,,
No Conformidad,1485,Misionales,calidad,09/Mar/2025,Vencida,,"18.6. Registro de control de calidad interno y externo: Cuenta con registros y analisis del control interno, para el control externo en el año 2024 no tiene ninguna participación en el programa.",,Visitas de verificación de la Secretaría de Salud Departamental del Cauca - La Vega - La Vega,Administrador,,,,,,,,30/Jun/2025,0 %,-150,,
No Conformidad,1486,Misionales,calidad,09/Mar/2025,Vencida,,"18.7. Registro de control de calidad de las “pruebas en el punto de atención del paciente - (point of care testing - POCT)"", cuando aplique: El prestador no cuenta con controles de calidad para las pruebas de VIH, Sifilis, Dengue, Hepatitis.",,Visitas de verificación de la Secretaría de Salud Departamental del Cauca - La Vega - La Vega,Administrador,,,,,,,,30/Jun/2025,0 %,-150,,
No Conformidad,1487,Gestión de Talento Humano,calidad,09/Mar/2025,Vencida,,1. Cumple con los criterios que le sean aplicables de todos los servicios y adicionalmente cuenta con: Ver Estándar transversal Talento Humano,,Visitas de verificación de la Secretaría de Salud Departamental del Cauca - La Vega - La Vega,Administrador,,,,,,,,30/Jun/2025,0 %,-150,,
No Conformidad,1488,Gestión de Recursos,calidad,09/Mar/2025,Vencida,,"3. Cumple con los criterios que le sean aplicables de todos los servicios y adicionalmente,: No cumple con todos los criterios aplicable a los servicios.",,Visitas de verificación de la Secretaría de Salud Departamental del Cauca - La Vega - La Vega,Administrador,,,,,,,,30/Jun/2025,0 %,-150,,
No Conformidad,1489,Gestión de Recursos,calidad,09/Mar/2025,Vencida,,7. Cumple con los criterios que le sean aplicables de todos los Servicios y adicionalmente cuenta con: Revisar estándar transversal.,,Visitas de verificación de la Secretaría de Salud Departamental del Cauca - La Vega - La Vega,Administrador,,,,,,,,30/Jun/2025,0 %,-150,,
No Conformidad,1490,Gestión de Recursos,calidad,09/Mar/2025,Vencida,,"Equipos biomédicos necesarios, según las muestras que se tomen, de acuerdo con lo documentado en el estándar de Iprocesos prioritarios: No cuenta con la documentación donde se describan los equipos necesarios para la prestación del servicio en las modalidades.",,Visitas de verificación de la Secretaría de Salud Departamental del Cauca - La Vega - La Vega,Administrador,,,,,,,,30/Jun/2025,0 %,-150,,
No Conformidad,1491,Gestión de Recursos,calidad,09/Mar/2025,Vencida,,Cumple con los criterios que le sean aplicables de todos los servicios y adicionalmente cuenta con: No cumple con los criterios que le sean aplicables de todos los servicios.,,Visitas de verificación de la Secretaría de Salud Departamental del Cauca - La Vega - La Vega,Administrador,,,,,,,,30/Jun/2025,0 %,-150,,
No Conformidad,1492,Misionales,calidad,09/Mar/2025,Vencida,,"9. Cumple con los criterios que le sean aplicables de todos los servicios y adicionalmente, cuenta con la siguiente información documentada: No cumple con los criterios que le son aplicables a todos los servicios.",,Visitas de verificación de la Secretaría de Salud Departamental del Cauca - La Vega - La Vega,Administrador,,,,,,,,30/Jun/2025,0 %,-150,,
No Conformidad,1493,Misionales,calidad,09/Mar/2025,Vencida,,"9.3. Supervisión de la toma de muestras cuando sea realizada porlos auxiliares: El prestador no presenta la información solicitada, se indica que en los servicios de urgencias y hospitalización son tomadas por el personas de estos servicios.",,Visitas de verificación de la Secretaría de Salud Departamental del Cauca - La Vega - La Vega,Administrador,,,,,,,,30/Jun/2025,0 %,-150,,
No Conformidad,1494,Misionales,calidad,09/Mar/2025,Vencida,,"9.4. Procedimiento y condiciones para la toma de muestras en la modalidad extramural cuando se realicen: El prestador cuenta con documento MA-MI-LA 13 Manual de toma, transporte, conservación y remisión de muestras de laboratorio clínico, la modalidad extramural no se encuentra documentada, se diligencia el formato registro y transporte de muestras de laboratorio FT-MI-LA- 103 no se cuenta con el diligenciamiento de todos los campos que permiten realizar la trazabilidad de las muestras, no cuentan con la trazabilidad de la temperatura de las muestras en la modalidad extramural. Para los analitos no procesados en la sede se diligencia el formato LX-TMS-RC-002 Registro remisión de muestras puntos de atención perteneciente al laboratorio de referencia.",,Visitas de verificación de la Secretaría de Salud Departamental del Cauca - La Vega - La Vega,Administrador,,,,,,,,30/Jun/2025,0 %,-150,,
No Conformidad,1495,Misionales,calidad,09/Mar/2025,Vencida,,10. Cumple con los criterios que le sean aplicables de todos los servicios y adicionalmente cuenta con: No cumple con los criterios que le son aplicables a todos los servicios.,,Visitas de verificación de la Secretaría de Salud Departamental del Cauca - La Vega - La Vega,Administrador,,,,,,,,30/Jun/2025,0 %,-150,,
No Conformidad,1496,Gestión de Recursos,calidad,09/Mar/2025,Vencida,,4. Cumple con los criterios que le sean aplicables de todos los servicios: No cumple con los criterios que le sean aplicables de todos los servicios.,,Visitas de verificación de la Secretaría de Salud Departamental del Cauca - La Vega - La Vega,Administrador,,,,,,,,30/Jun/2025,0 %,-150,,
No Conformidad,1497,Gestión de Recursos,calidad,09/Mar/2025,Vencida,,11. Cumple con los criterios que le sean aplicables de todos los servicios: No cumple con los criterios que le sean aplicables de todos los servicios.,,Visitas de verificación de la Secretaría de Salud Departamental del Cauca - La Vega - La Vega,Administrador,,,,,,,,30/Jun/2025,0 %,-150,,
No Conformidad,1498,Misionales,calidad,09/Mar/2025,Vencida,,15. Cumple con los criterios que le sean aplicables de todos los servicios y adicionalmente cuenta con la siguiente información documentada: Verificar trasversal.,,Visitas de verificación de la Secretaría de Salud Departamental del Cauca - La Vega - La Vega,Administrador,,,,,,,,30/Jun/2025,0 %,-150,,
No Conformidad,1499,Misionales,calidad,09/Mar/2025,Vencida,,"15.1. Procesos generales que realice, elaborado por el responsable del servicio: No cuenta con los procesos acorde a los servicios prestados.",,Visitas de verificación de la Secretaría de Salud Departamental del Cauca - La Vega - La Vega,Administrador,,,,,,,,30/Jun/2025,0 %,-150,,
No Conformidad,1500,Misionales,calidad,09/Mar/2025,Vencida,,19. Cumple con los criterios que le sean aplicables de todos los servicios: No cumple con los criterios que le son aplicables a todos los servicios.,,Visitas de verificación de la Secretaría de Salud Departamental del Cauca - La Vega - La Vega,Administrador,,,,,,,,30/Jun/2025,0 %,-150,,
No Conformidad,1501,Gestión de Recursos,calidad,09/Mar/2025,Vencida,,"21. El consultorio donde se realicen procedimientos cuenta con la dotación mínima definida para el consultorio donde se realice examen físico y adicionalmente cuenta con la dotación necesaria para realizar los procedimientos documentados en el estándar de procesos prioritarios: Cuenta con protocolos para la atención, pero se evidencia que la dotación no está en concordancia según lo estipulado en el estándar de procesos prioritarios.",,Visitas de verificación de la Secretaría de Salud Departamental del Cauca - La Vega - La Vega,Administrador,,,,,,,,30/Jun/2025,0 %,-150,,
No Conformidad,1502,Gestión de Recursos,calidad,09/Mar/2025,Vencida,,32. Cumple con los criterios que le sean aplicables de todos los servicios: No cumple con los criterios que le sean aplicables de todos los servicios.,,Visitas de verificación de la Secretaría de Salud Departamental del Cauca - La Vega - La Vega,Administrador,,,,,,,,30/Jun/2025,0 %,-150,,
No Conformidad,1503,Misionales,calidad,09/Mar/2025,Vencida,,35.2.1. Preparación: El prestador no presenta soportes para dar cumplimiento a este criterio. Se debe realizar educación de manera fisica al paciente.,,Visitas de verificación de la Secretaría de Salud Departamental del Cauca - La Vega - La Vega,Administrador,,,,,,,,30/Jun/2025,0 %,-150,,
No Conformidad,1504,Misionales,calidad,09/Mar/2025,Vencida,,"35.2.2. Recomendaciones post procedimiento: El prestador documenta en la historia clínica las recomendaciones post tratamiento al completar las terapias, se debe ajustar a cada terapia individual. Se debe realizar educación de manera fisica al paciente.",,Visitas de verificación de la Secretaría de Salud Departamental del Cauca - La Vega - La Vega,Administrador,,,,,,,,30/Jun/2025,0 %,-150,,
No Conformidad,1505,Misionales,calidad,09/Mar/2025,Vencida,,35.2.3. Controles: El prestador cuenta con formato terapias fisicas o respiratorias FT-MI-CE-69 donde se diligencia el control de las terapias realizadas. Se debe realizar educación de manera fisica al paciente.,,Visitas de verificación de la Secretaría de Salud Departamental del Cauca - La Vega - La Vega,Administrador,,,,,,,,30/Jun/2025,0 %,-150,,
No Conformidad,1506,Misionales,calidad,09/Mar/2025,Vencida,,35.2.4. Posibles complicaciones: El prestador cuenta con información documentada Consentimiento informado FT-MI-UR-09 para fisioterapia donde se indica las posibles contraindicaciones generales. Se debe realizar educación de manera fisica al paciente.,,Visitas de verificación de la Secretaría de Salud Departamental del Cauca - La Vega - La Vega,Administrador,,,,,,,,30/Jun/2025,0 %,-150,,
No Conformidad,1507,Misionales,calidad,09/Mar/2025,Vencida,,41. Cumple con los criterios que le sean aplicables de todos los servicios: No cumple con los criterios que le son aplicables a todos los servicios.,,Visitas de verificación de la Secretaría de Salud Departamental del Cauca - La Vega - La Vega,Administrador,,,,,,,,30/Jun/2025,0 %,-150,,
No Conformidad,1508,Gestión de Talento Humano,calidad,09/Mar/2025,Vencida,,1. Cumple con los criterios que le sean aplicables de todos los servicios y adicionalmente: Ver Estándar transversal Talento Humano.,,Visitas de verificación de la Secretaría de Salud Departamental del Cauca - La Vega - La Vega,Administrador,,,,,,,,30/Jun/2025,0 %,-150,,
No Conformidad,1509,Gestión de Recursos,calidad,09/Mar/2025,Vencida,,8. Cumple con los criterios que le sean aplicables de todos los servicios Cuenta con: No cumple con todos los criterios aplicable a los servicios.,,Visitas de verificación de la Secretaría de Salud Departamental del Cauca - La Vega - La Vega,Administrador,,,,,,,,30/Jun/2025,0 %,-150,,
No Conformidad,1510,Gestión de Recursos,calidad,09/Mar/2025,Vencida,,18. Cumple con los criterios que le sean aplicables de todos los servicios y adicionalmente: Revisar estándar transversal.,,Visitas de verificación de la Secretaría de Salud Departamental del Cauca - La Vega - La Vega,Administrador,,,,,,,,30/Jun/2025,0 %,-150,,
No Conformidad,1511,Misionales,calidad,09/Mar/2025,Vencida,,"28. Cumple con los criterios que le sean aplicables de todos los servicios y adicionalmente, cuenta con la siguiente información documentada: El prestador no cumple con los criterios que sean aplicables a todos los servicios.",,Visitas de verificación de la Secretaría de Salud Departamental del Cauca - La Vega - La Vega,Administrador,,,,,,,,30/Jun/2025,0 %,-150,,
No Conformidad,1512,Misionales,calidad,09/Mar/2025,Vencida,,"33. Cumple con los criterios que le sean aplicables de todos los servicios y adicionalmente, cuenta con los siguientes registros: El prestador no cumple con los criterios que le sean aplicables de todos los servicios.",,Visitas de verificación de la Secretaría de Salud Departamental del Cauca - La Vega - La Vega,Administrador,,,,,,,,30/Jun/2025,0 %,-150,,
No Conformidad,1513,Gestión de Talento Humano,calidad,09/Mar/2025,Vencida,,"1.Cumple con los criterios que le sean aplicables de todos los servicios y adicionalmente, cuenta con: Profesional de odontología o tecnólogo en radiología e imágenes diagnósticas, o técnico profesional o auxiliar de odontología o auxiliar en salud oral o auxiliar de higiene oral: Ver Estándar transversal Talento Humano Cuenta con Profesional de odontología, con curso atencion a victimas de violencia Universidad cooperativa de colombia 2023 y Curso Proteccion Radiologia Universidad cooperativa de Colombia 2023.",,Visitas de verificación de la Secretaría de Salud Departamental del Cauca - La Vega - La Vega,Administrador,,,,,,,,30/Jun/2025,0 %,-150,,
No Conformidad,1514,Gestión de Recursos,calidad,09/Mar/2025,Vencida,,5. Cumple con los criterios que le sean aplicables de todos los servicios y adicionalmente cuenta con profesional de la salud que atiende a distancia: No cumple con todos los criterios aplicable a los servicios.,,Visitas de verificación de la Secretaría de Salud Departamental del Cauca - La Vega - La Vega,Administrador,,,,,,,,30/Jun/2025,0 %,-150,,
No Conformidad,1515,Gestión de Recursos,calidad,09/Mar/2025,Vencida,,6.Cumple con los criterios que le sean aplicables de todos los servicios y adicionalmente cuenta con: No cumple con todos los criterios aplicable a los servicios.,,Visitas de verificación de la Secretaría de Salud Departamental del Cauca - La Vega - La Vega,Administrador,,,,,,,,30/Jun/2025,0 %,-150,,
No Conformidad,1516,Gestión de Recursos,calidad,09/Mar/2025,Vencida,,"10. Cumple con los criterios que le sean aplicables de todos los servicios y adicionalmente, cuenta con: Revisar estándar transversal.",,Visitas de verificación de la Secretaría de Salud Departamental del Cauca - La Vega - La Vega,Administrador,,,,,,,,30/Jun/2025,0 %,-150,,
No Conformidad,1517,Misionales,calidad,09/Mar/2025,Vencida,,15. Cumple con los criterios que le sean aplicables de todos los servicios y adicionalmente cuenta con la siguiente información documentada: El prestador no cumple con los criterios que le sean aplicables de todos los servicios.,,Visitas de verificación de la Secretaría de Salud Departamental del Cauca - La Vega - La Vega,Administrador,,,,,,,,30/Jun/2025,0 %,-150,,
No Conformidad,1518,Misionales,calidad,09/Mar/2025,Vencida,,"15.3. Verificación de la adherencia a los procedimientos realizados en la instalación y cualquier otra consideración sobre la protección radiológica de la instalación: No cuenta con la información solicitada, no cuenta con adherencia a acciones realizadas para el servicio ofertado.",,Visitas de verificación de la Secretaría de Salud Departamental del Cauca - La Vega - La Vega,Administrador,,,,,,,,30/Jun/2025,0 %,-150,,
No Conformidad,1519,Misionales,calidad,09/Mar/2025,Vencida,,"15.4. Realización y supervisión de toma de radiografías odontológicas cuando no sea realizada por el odontólogo, que incluya como mínimo la calidad de la imagen y radioprotección: No cuenta con registros de toma de radiografía para realizar el control de calidad.",,Visitas de verificación de la Secretaría de Salud Departamental del Cauca - La Vega - La Vega,Administrador,,,,,,,,30/Jun/2025,0 %,-150,,
No Conformidad,1520,Misionales,calidad,09/Mar/2025,Vencida,,15.5. Interpretación y lectura de las radiografías odontológicas por parte del Odontólogo: El prestador no cuenta con los registros de fácil acceso para la lectura de las tomas de radiografías odontoldgicas.,,Visitas de verificación de la Secretaría de Salud Departamental del Cauca - La Vega - La Vega,Administrador,,,,,,,,30/Jun/2025,0 %,-150,,
No Conformidad,1521,Misionales,calidad,09/Mar/2025,Vencida,,"18. Cumple con los criterios que le sean aplicables de todos los servicios y adicionalmente, cuenta con los siguientes registros: El prestado no cumple con los criterios que sean aplicables a todos los servicios.",,Visitas de verificación de la Secretaría de Salud Departamental del Cauca - La Vega - La Vega,Administrador,,,,,,,,30/Jun/2025,0 %,-150,,
No Conformidad,1522,Misionales,calidad,09/Mar/2025,Vencida,,"18.1. Número de exposiciones, e imágenes tomadas que incluya el nombre del paciente, y nombre del estudio realizado. En visita no se evidencia registros de número de exposiciones de radiografías, no se evidencia registros de nombres de pacientes o del estudio realizado.",,Visitas de verificación de la Secretaría de Salud Departamental del Cauca - La Vega - La Vega,Administrador,,,,,,,,30/Jun/2025,0 %,-150,,
No Conformidad,1523,Misionales,calidad,09/Mar/2025,Vencida,,18.3. Número de estudios rechazados de acuerdo a la tecnología empleada: El prestador no cuenta con registros de estudios rechazados de acuerdo a la tecnología usada.,,Visitas de verificación de la Secretaría de Salud Departamental del Cauca - La Vega - La Vega,Administrador,,,,,,,,30/Jun/2025,0 %,-150,,
No Conformidad,1524,Misionales,calidad,09/Mar/2025,Vencida,,1. Cumple con los criterios que le sean aplicables de todos los servicios y adicionalmente cuenta con: Ver Estándar transversal Talento Humano.,,Visitas de verificación de la Secretaría de Salud Departamental del Cauca - La Vega - La Vega,Administrador,,,,,,,,30/Jun/2025,0 %,-150,,
No Conformidad,1525,Gestión de Recursos,calidad,09/Mar/2025,Vencida,,3. Cumple con los criterios que le sean aplicables de todos los servicios y adicionalmente cuenta con: No cumple con todos los criterios aplicable a los servicios.,,Visitas de verificación de la Secretaría de Salud Departamental del Cauca - La Vega - La Vega,Administrador,,,,,,,,30/Jun/2025,0 %,-150,,
No Conformidad,1526,Gestión de Recursos,calidad,09/Mar/2025,Vencida,,6. Cumple con los criterios que le sean aplicables de todos los servicios y adicionalmente cuenta con: Revisar estándar transversal.,,Visitas de verificación de la Secretaría de Salud Departamental del Cauca - La Vega - La Vega,Administrador,,,,,,,,30/Jun/2025,0 %,-150,,
No Conformidad,1527,Gestión de Recursos,calidad,09/Mar/2025,Vencida,,7. Cumple con los criterios que le sean aplicables de todos los servicios y adicionalmente cuenta con: No cumple con los criterios que le sean aplicables de todos los servicios.,,Visitas de verificación de la Secretaría de Salud Departamental del Cauca - La Vega - La Vega,Administrador,,,,,,,,30/Jun/2025,0 %,-150,,
No Conformidad,1528,Misionales,calidad,09/Mar/2025,Vencida,,"8. Cumple con los criterios que le sean aplicables de todos los servicios y adicionalmente, cuenta con la siguiente información documentada: No cumplen con los criterios que le son aplicables de todos los servicios.",,Visitas de verificación de la Secretaría de Salud Departamental del Cauca - La Vega - La Vega,Administrador,,,,,,,,30/Jun/2025,0 %,-150,,
No Conformidad,1529,Misionales,calidad,09/Mar/2025,Vencida,,"8.1. Toma, identificación, transporte, conservación, embalaje y remisión de las muestras: El prestador cuenta con procedimiento tamizaje del cáncer cervicouterino (ácido acético) PT-MICE- 34, cuenta con soporte de capacitación a la personal asistencia con fecha 12-06-2024, para latoma de las citologias no se realiza cambio o protección de la camilla entre pacientes.",,Visitas de verificación de la Secretaría de Salud Departamental del Cauca - La Vega - La Vega,Administrador,,,,,,,,30/Jun/2025,0 %,-150,,
No Conformidad,1530,Misionales,calidad,09/Mar/2025,Vencida,,"8.2. Toma de muestras de tejido del cuello del útero, pruebas ADN/VPH, técnicas de inspección visual y muestras ginecológicas cuando se oferte: El prestador no presenta la información solicitada durante la visita.",,Visitas de verificación de la Secretaría de Salud Departamental del Cauca - La Vega - La Vega,Administrador,,,,,,,,30/Jun/2025,0 %,-150,,
No Conformidad,1531,Misionales,calidad,09/Mar/2025,Vencida,,8.4. Control de calidad: No cuenta con la información documentada.,,Visitas de verificación de la Secretaría de Salud Departamental del Cauca - La Vega - La Vega,Administrador,,,,,,,,30/Jun/2025,0 %,-150,,
No Conformidad,1532,Misionales,calidad,09/Mar/2025,Vencida,,"8.5. Entrega de resultados: El prestador en el momento de la visita se observan resultados pendientes desde el dia 29 de agosto hasta la fecha, el seguimiento refieren realizarlo con el seguimiento a la entrega de resultados con la base CCU de la dimensión 5 de la Secretaria de Salud Departamental, Toda citologias positivas son reportadas a las EAPB pero al observar la base se observa que la oportunidad de entrega esta hasta de 30 días.",,Visitas de verificación de la Secretaría de Salud Departamental del Cauca - La Vega - La Vega,Administrador,,,,,,,,30/Jun/2025,0 %,-150,,
No Conformidad,1533,Misionales,calidad,09/Mar/2025,Vencida,,9. Cumple con los criterios que le sean aplicables de todos los servicios y adicionalmente cuenta con los siguientes registros: No cumplen con los criterios que le son aplicables de todos los servicios.,,Visitas de verificación de la Secretaría de Salud Departamental del Cauca - La Vega - La Vega,Administrador,,,,,,,,30/Jun/2025,0 %,-150,,
No Conformidad,1534,Misionales,calidad,09/Mar/2025,Vencida,,9.4. Análisis del control de calidad y de las medidas preventivas y correctivas. No cuenta con la información documentada.,,Visitas de verificación de la Secretaría de Salud Departamental del Cauca - La Vega - La Vega,Administrador,,,,,,,,30/Jun/2025,0 %,-150,,
No Conformidad,1535,Misionales,calidad,09/Mar/2025,Vencida,,"10. Cumple con los criterios que le sean aplicables de todos los servicios y adicionalmente disponibilidad de laboratorio de citología cervico-uterinas o servicio de patología: La EAPB solo contratan con el prestador la toma de las muestra, indican que las EPS contratan con tres prestadores AIC con UNILAB, ASMET con BIOS, Nueva EPS con rehabilitar. Se observa en la base de datos del departamento oportunidad de entrega alta hasta de 30 días para resultados.",,Visitas de verificación de la Secretaría de Salud Departamental del Cauca - La Vega - La Vega,Administrador,,,,,,,,30/Jun/2025,0 %,-150,,
No Conformidad,1536,Gestión de Talento Humano,calidad,09/Mar/2025,Vencida,,"1. Cumple con los criterios que le sean aplicables de todos los servicios y adicionalmente, cuenta con: Ver Estándar transversal Talento Humano.",,Visitas de verificación de la Secretaría de Salud Departamental del Cauca - La Vega - La Vega,Administrador,,,,,,,,30/Jun/2025,0 %,-150,,
No Conformidad,1537,Gestión de Recursos,calidad,09/Mar/2025,Vencida,,9. Cumple con los criterios que le sean aplicables de todos los servicios y adicionalmente cuenta con: No cumple con todos los criterios aplicable a los servicios.,,Visitas de verificación de la Secretaría de Salud Departamental del Cauca - La Vega - La Vega,Administrador,,,,,,,,30/Jun/2025,0 %,-150,,
No Conformidad,1538,Gestión de Recursos,calidad,09/Mar/2025,Vencida,,"11.2. Sistema de vacío: Cuenta con sistema de vacio, pero la red no se encuentran funcionamiento.",,Visitas de verificación de la Secretaría de Salud Departamental del Cauca - La Vega - La Vega,Administrador,,,,,,,,30/Jun/2025,0 %,-150,,
No Conformidad,1539,Gestión de Recursos,calidad,09/Mar/2025,Vencida,,"Barrera fisica móvil o fija entre camillas que permite fácil limpieza y desinfección y la privacidad del paciente, cuando exista más de una camilla: No cuenta con barrera fisica movil ni fija entre camillas.",,Visitas de verificación de la Secretaría de Salud Departamental del Cauca - La Vega - La Vega,Administrador,,,,,,,,30/Jun/2025,0 %,-150,,
No Conformidad,1540,Gestión de Recursos,calidad,09/Mar/2025,Vencida,,"12.2. Sistema de vacío: Cuenta con sistema de vacio, pero la red no se encuentran funcionamiento.",,Visitas de verificación de la Secretaría de Salud Departamental del Cauca - La Vega - La Vega,Administrador,,,,,,,,30/Jun/2025,0 %,-150,,
No Conformidad,1541,Gestión de Recursos,calidad,09/Mar/2025,Vencida,,19. Cumple con los criterios que le sean aplicables de todos los servicios y adicionalmente: Revisar estándar transversal.,,Visitas de verificación de la Secretaría de Salud Departamental del Cauca - La Vega - La Vega,Administrador,,,,,,,,30/Jun/2025,0 %,-150,,
No Conformidad,1542,Gestión de Recursos,calidad,09/Mar/2025,Vencida,,19.1.3. Oxigeno medicinal que puede ser suministrado mediante salida de oxigeno medicinal o mediante oxigeno medicinal portátil por camilla: No cuenta clon oxigeno medicinal.,,Visitas de verificación de la Secretaría de Salud Departamental del Cauca - La Vega - La Vega,Administrador,,,,,,,,30/Jun/2025,0 %,-150,,
No Conformidad,1543,Gestión de Recursos,calidad,09/Mar/2025,Vencida,,19.2.2. Mesa para atención de partos: La mesa para la atención de partos se encuentra con oxido.,,Visitas de verificación de la Secretaría de Salud Departamental del Cauca - La Vega - La Vega,Administrador,,,,,,,,30/Jun/2025,0 %,-150,,
No Conformidad,1544,Gestión de Recursos,calidad,09/Mar/2025,Vencida,,19.3.5. Oximetro con sensor neonatal: No cuenta con oxigeno con sensor neonatal.,,Visitas de verificación de la Secretaría de Salud Departamental del Cauca - La Vega - La Vega,Administrador,,,,,,,,30/Jun/2025,0 %,-150,,
No Conformidad,1545,Gestión de Recursos,calidad,09/Mar/2025,Vencida,,"19.3.7. Laringoscopio con hoja neonatal: Cuenta con laringoscopio con hojas rectas y curvas para adultos, se evidencia una hoja de paciente neonatal, no se encuentran esteriles.",,Visitas de verificación de la Secretaría de Salud Departamental del Cauca - La Vega - La Vega,Administrador,,,,,,,,30/Jun/2025,0 %,-150,,
No Conformidad,1546,Gestión de Recursos,calidad,09/Mar/2025,Vencida,,19.4.3. Oxigeno medicinal que puede ser suministrado mediante salida de oxigeno medicinal o mediante oxigeno medicinal portátil por camilla. No cuenta con oxígeno medicinal.,,Visitas de verificación de la Secretaría de Salud Departamental del Cauca - La Vega - La Vega,Administrador,,,,,,,,30/Jun/2025,0 %,-150,,
No Conformidad,1547,Gestión de Recursos,calidad,09/Mar/2025,Vencida,,19.4.4. Succión. Puede ser suministrado mediante sistema de vaclo o mediante aspirador: No cuenta con succión.,,Visitas de verificación de la Secretaría de Salud Departamental del Cauca - La Vega - La Vega,Administrador,,,,,,,,30/Jun/2025,0 %,-150,,
No Conformidad,1548,Gestión de Recursos,calidad,09/Mar/2025,Vencida,,19.5.5. Silla de ruedas: No cuenta silla de ruedas.,,Visitas de verificación de la Secretaría de Salud Departamental del Cauca - La Vega - La Vega,Administrador,,,,,,,,30/Jun/2025,0 %,-150,,
No Conformidad,1549,Gestión de Recursos,calidad,09/Mar/2025,Vencida,,19.5.6. Oxigeno medicinal que puede ser suministrado mediante salida de oxigeno medicinal o mediante oxigeno medicinal portátil por camilla: No cuenta con oxigeno medicinal.,,Visitas de verificación de la Secretaría de Salud Departamental del Cauca - La Vega - La Vega,Administrador,,,,,,,,30/Jun/2025,0 %,-150,,
No Conformidad,1550,Gestión de Recursos,calidad,09/Mar/2025,Vencida,,24. Cumple con los criterios que le sean aplicables de todos los servicios y adicionalmente cuenta con: No cumple con los criterios que le sean aplicables de todos los servicios.,,Visitas de verificación de la Secretaría de Salud Departamental del Cauca - La Vega - La Vega,Administrador,,,,,,,,30/Jun/2025,0 %,-150,,
No Conformidad,1551,Gestión de Recursos,calidad,09/Mar/2025,Vencida,,24.1. Catéteres para vena umbilical: No cuenta con Catéteres para vena umbilical.,,Visitas de verificación de la Secretaría de Salud Departamental del Cauca - La Vega - La Vega,Administrador,,,,,,,,30/Jun/2025,0 %,-150,,
No Conformidad,1552,Gestión de Recursos,calidad,09/Mar/2025,Vencida,,25.1. Catéteres para vena umbilical: No cuenta con Catéteres para vena umbilical.,,Visitas de verificación de la Secretaría de Salud Departamental del Cauca - La Vega - La Vega,Administrador,,,,,,,,30/Jun/2025,0 %,-150,,
No Conformidad,1553,Misionales,calidad,09/Mar/2025,Vencida,,27. Cumple con los criterios que le sean aplicables de todos los servicios y adicionalmente cuenta con la siguiente información documentada: Ver transversal de procesos prioritarios.,,Visitas de verificación de la Secretaría de Salud Departamental del Cauca - La Vega - La Vega,Administrador,,,,,,,,30/Jun/2025,0 %,-150,,
No Conformidad,1554,Misionales,calidad,09/Mar/2025,Vencida,,"27.1. Atención del parto: La ESE cuenta con documento disminuir los riegos de enfermedad y muerte de la mujer y el recién nacido y optimizar el pronóstico de los mismo durante todas las etapas del parto, iniciando con la admisión de la paciente en el triage de urgencias adulto en el cual se realiza un valoración completa de la gestante, al momento de la verificación se constató que el personal encargado de realizar el triage obstétrico y de atención del parto no cuenta con capacitaciones en manejo de eventos obstétricos, no tienen acceso a herramientas como listas de chequeo, criterios de traige obstetrico, escala de alerta temprana, lo descrito evidencia un riesgo latente en la prestación en la seguridad materna, por lo que se deben tomar acciones inmediatas de mejora.",,Visitas de verificación de la Secretaría de Salud Departamental del Cauca - La Vega - La Vega,Administrador,,,,,,,,30/Jun/2025,0 %,-150,,
No Conformidad,1555,Misionales,calidad,09/Mar/2025,Vencida,,"27.3. Manejo de complicaciones intraparto e instrumentación: La ESE cuenta con documento protocolo parto instrumentado y protocolo de código rojo de los cuales se cuenta con soporte de socialización de protocolo de código rojo, pese a eso al momento de la verificación médico de turno del día 30 de septiembre y medica del 1 de octubre manifestaron que no han recibido capacitación relacionada con los eventos obstétricos en la institución.",,Visitas de verificación de la Secretaría de Salud Departamental del Cauca - La Vega - La Vega,Administrador,,,,,,,,30/Jun/2025,0 %,-150,,
No Conformidad,1556,Misionales,calidad,09/Mar/2025,Vencida,,27.4. Atención al recién nacido que incluya: No cuenta con todos los criterios.,,Visitas de verificación de la Secretaría de Salud Departamental del Cauca - La Vega - La Vega,Administrador,,,,,,,,30/Jun/2025,0 %,-150,,
No Conformidad,1557,Misionales,calidad,09/Mar/2025,Vencida,,27.4.4. Criterios de remisión: No se cuenta con la informacion documentada.,,Visitas de verificación de la Secretaría de Salud Departamental del Cauca - La Vega - La Vega,Administrador,,,,,,,,30/Jun/2025,0 %,-150,,
No Conformidad,1558,Misionales,calidad,09/Mar/2025,Vencida,,"27.4.5. Vacunación: La ESE cuenta con documento PT-MI-PP-07 vacunación del recién nacido el cual tiene como objetivo garantizar el inicio del esquema vacunal del recién nacido, mediante la aplicación de las vacunas antihepatitis b y BCG no se cuenta con soporte de socialización de dicho documento.",,Visitas de verificación de la Secretaría de Salud Departamental del Cauca - La Vega - La Vega,Administrador,,,,,,,,30/Jun/2025,0 %,-150,,
No Conformidad,1559,Misionales,calidad,09/Mar/2025,Vencida,,"30. Cumple con los criterios que le sean aplicables de todos los servicios y adicionalmente cuenta con partograma para toda materna en trabajo de parto: Ver transversal de historia clinica, cuenta con historia clinica digital que incluye partograma.",,Visitas de verificación de la Secretaría de Salud Departamental del Cauca - La Vega - La Vega,Administrador,,,,,,,,30/Jun/2025,0 %,-150,,
No Conformidad,1560,Gestión de Talento Humano,calidad,09/Mar/2025,Vencida,,1. Cumple con los criterios que le sean aplicables de todos los servicios y adicionalmente cuenta con: Ver Estándar transversal Talento Humano.,,Visitas de verificación de la Secretaría de Salud Departamental del Cauca - La Vega - La Vega,Administrador,,,,,,,,30/Jun/2025,0 %,-150,,
No Conformidad,1561,Gestión de Recursos,calidad,09/Mar/2025,Vencida,,15. Cumple con los criterios que le sean aplicables de todos los servicios y adicionalmente: No cumple con todos los criterios aplicable a los servicios.,,Visitas de verificación de la Secretaría de Salud Departamental del Cauca - La Vega - La Vega,Administrador,,,,,,,,30/Jun/2025,0 %,-150,,
No Conformidad,1562,Gestión de Recursos,calidad,09/Mar/2025,Vencida,,18. Cumple con los criterios que le sean aplicables de todos los servicios y adicionalmente cuenta con: No cumple con todos los criterios aplicable a los servicios.,,Visitas de verificación de la Secretaría de Salud Departamental del Cauca - La Vega - La Vega,Administrador,,,,,,,,30/Jun/2025,0 %,-150,,
No Conformidad,1563,Gestión de Recursos,calidad,09/Mar/2025,Vencida,,22. Cumple con los criterios que le sean aplicables de todos los servicios y adicionalmente cuenta con: Revisar estándar transversal.,,Visitas de verificación de la Secretaría de Salud Departamental del Cauca - La Vega - La Vega,Administrador,,,,,,,,30/Jun/2025,0 %,-150,,
No Conformidad,1564,Gestión de Recursos,calidad,09/Mar/2025,Vencida,,22.3. Elementos para sujeción física para pacientes adultos y pediátricos: No cuenta con elementos para sujeción física para pacientes adultos y pediátricos.,,Visitas de verificación de la Secretaría de Salud Departamental del Cauca - La Vega - La Vega,Administrador,,,,,,,,30/Jun/2025,0 %,-150,,
No Conformidad,1565,Gestión de Recursos,calidad,09/Mar/2025,Vencida,,22.4. Equipo de toracostomia: No cuenta con equipo de toracostomia.,,Visitas de verificación de la Secretaría de Salud Departamental del Cauca - La Vega - La Vega,Administrador,,,,,,,,30/Jun/2025,0 %,-150,,
No Conformidad,1566,Gestión de Recursos,calidad,09/Mar/2025,Vencida,,"22.5. Carro de paro para paciente adulto y pediátrico: No cuenta con dotacion a paciente pediatrico, laringoscopio sin esterilizar.",,Visitas de verificación de la Secretaría de Salud Departamental del Cauca - La Vega - La Vega,Administrador,,,,,,,,30/Jun/2025,0 %,-150,,
No Conformidad,1567,Gestión de Recursos,calidad,09/Mar/2025,Vencida,,"23.2. Tensiómetro adulto y pediátrico: Cuenta con tensiómetro adulto, no cuenta con tensiometro pediátrico.",,Visitas de verificación de la Secretaría de Salud Departamental del Cauca - La Vega - La Vega,Administrador,,,,,,,,30/Jun/2025,0 %,-150,,
No Conformidad,1568,Gestión de Recursos,calidad,09/Mar/2025,Vencida,,"23.3. Fonendoscopio adulto y pediátrico: Cuenta con fonendoscopio adulto, no cuenta con fonendoscopio pediátrico.",,Visitas de verificación de la Secretaría de Salud Departamental del Cauca - La Vega - La Vega,Administrador,,,,,,,,30/Jun/2025,0 %,-150,,
No Conformidad,1569,Gestión de Recursos,calidad,09/Mar/2025,Vencida,,23.4. Termómetro: No cuenta con termometro.,,Visitas de verificación de la Secretaría de Salud Departamental del Cauca - La Vega - La Vega,Administrador,,,,,,,,30/Jun/2025,0 %,-150,,
No Conformidad,1570,Gestión de Recursos,calidad,09/Mar/2025,Vencida,,23.8. Martillo de reflejos: No cuenta con martillo de reflejos.,,Visitas de verificación de la Secretaría de Salud Departamental del Cauca - La Vega - La Vega,Administrador,,,,,,,,30/Jun/2025,0 %,-150,,
No Conformidad,1571,Gestión de Recursos,calidad,09/Mar/2025,Vencida,,24.3. Equipo de pequeña cirugía: No cuenta con equipo de pequeña cirugía.,,Visitas de verificación de la Secretaría de Salud Departamental del Cauca - La Vega - La Vega,Administrador,,,,,,,,30/Jun/2025,0 %,-150,,
No Conformidad,1572,Gestión de Recursos,calidad,09/Mar/2025,Vencida,,24.4. Dotación requerida conforme con lo documentado en el estándar de procesos prioritarios: En el estándar de procesos prioritarios no describe la dotación requerida para el servicio.,,Visitas de verificación de la Secretaría de Salud Departamental del Cauca - La Vega - La Vega,Administrador,,,,,,,,30/Jun/2025,0 %,-150,,
No Conformidad,1573,Gestión de Recursos,calidad,09/Mar/2025,Vencida,,24.6. Succión. Puede ser suministrado mediante sistema de vacio o mediante aspirador: No cuenta con succión.,,Visitas de verificación de la Secretaría de Salud Departamental del Cauca - La Vega - La Vega,Administrador,,,,,,,,30/Jun/2025,0 %,-150,,
No Conformidad,1574,Gestión de Recursos,calidad,09/Mar/2025,Vencida,,26.2. Dotación requerida conforme con lo documentado en el estándar de procesos prioritarios: En el estándar de procesos prioritarios no describe la dotación requerida para el servicio.,,Visitas de verificación de la Secretaría de Salud Departamental del Cauca - La Vega - La Vega,Administrador,,,,,,,,30/Jun/2025,0 %,-150,,
No Conformidad,1575,Gestión de Recursos,calidad,09/Mar/2025,Vencida,,26.3. Oxigeno medicinal que puede ser suministrado mediante salida de oxigeno medicinal o mediante oxigeno medicinal portátil por camilla: No cuenta con oxígeno medicinal.,,Visitas de verificación de la Secretaría de Salud Departamental del Cauca - La Vega - La Vega,Administrador,,,,,,,,30/Jun/2025,0 %,-150,,
No Conformidad,1576,Gestión de Recursos,calidad,09/Mar/2025,Vencida,,26.4. Succión. Puede ser suministrado mediante sistema de vacío o mediante aspirador: No cuenta con succion.,,Visitas de verificación de la Secretaría de Salud Departamental del Cauca - La Vega - La Vega,Administrador,,,,,,,,30/Jun/2025,0 %,-150,,
No Conformidad,1577,Gestión de Recursos,calidad,09/Mar/2025,Vencida,,28.2. Mesa auxiliar rodante: No cuenta con mesa auxilixar rodante.,,Visitas de verificación de la Secretaría de Salud Departamental del Cauca - La Vega - La Vega,Administrador,,,,,,,,30/Jun/2025,0 %,-150,,
No Conformidad,1578,Gestión de Recursos,calidad,09/Mar/2025,Vencida,,28.3. Aspirador para cada camilla: No cuenta con aspirador para cada camilla.,,Visitas de verificación de la Secretaría de Salud Departamental del Cauca - La Vega - La Vega,Administrador,,,,,,,,30/Jun/2025,0 %,-150,,
No Conformidad,1579,Gestión de Recursos,calidad,09/Mar/2025,Vencida,,"28.4. Monitor de signos vitales con accesorios adultos o pediátricos que cuenta como mínimo con: Monitor de signos: marca: comen, modelo: star8000E serie: e7210512150, el equipo no funciona, la pantalla se queda desde el inicio. Se le sugiere al prestador la dotación de este equipo de manera inmediata.",,Visitas de verificación de la Secretaría de Salud Departamental del Cauca - La Vega - La Vega,Administrador,,,,,,,,30/Jun/2025,0 %,-150,,
No Conformidad,1580,Gestión de Recursos,calidad,09/Mar/2025,Vencida,,"28.4.1. Trazado electrocardiográfico: Cuenta con accesorio, el equipo no funciona.",,Visitas de verificación de la Secretaría de Salud Departamental del Cauca - La Vega - La Vega,Administrador,,,,,,,,30/Jun/2025,0 %,-150,,
No Conformidad,1581,Gestión de Recursos,calidad,09/Mar/2025,Vencida,,"28.4.2. Presión no invasiva: Cuenta con accesorio, el equipo no funciona.",,Visitas de verificación de la Secretaría de Salud Departamental del Cauca - La Vega - La Vega,Administrador,,,,,,,,30/Jun/2025,0 %,-150,,
No Conformidad,1582,Gestión de Recursos,calidad,09/Mar/2025,Vencida,,"28.4.3. Saturación de oxigeno: Cuenta con accesorio, el equipo no funciona.",,Visitas de verificación de la Secretaría de Salud Departamental del Cauca - La Vega - La Vega,Administrador,,,,,,,,30/Jun/2025,0 %,-150,,
No Conformidad,1583,Gestión de Recursos,calidad,09/Mar/2025,Vencida,,"28.4.4. Temperatura: Cuenta con accesorio, el equipo no funciona.",,Visitas de verificación de la Secretaría de Salud Departamental del Cauca - La Vega - La Vega,Administrador,,,,,,,,30/Jun/2025,0 %,-150,,
No Conformidad,1584,Gestión de Recursos,calidad,09/Mar/2025,Vencida,,28.6. Lámpara o fuente de iluminación movil o fija: Cuenta con lámpara.,,Visitas de verificación de la Secretaría de Salud Departamental del Cauca - La Vega - La Vega,Administrador,,,,,,,,30/Jun/2025,0 %,-150,,
No Conformidad,1585,Gestión de Recursos,calidad,09/Mar/2025,Vencida,,"28.7. Carro de paro: El monitor del carro de paro no funciona, se le sugiere al prestador la dotación de este equipo de manera inmediata.",,Visitas de verificación de la Secretaría de Salud Departamental del Cauca - La Vega - La Vega,Administrador,,,,,,,,30/Jun/2025,0 %,-150,,
No Conformidad,1586,Gestión de Recursos,calidad,09/Mar/2025,Vencida,,34. Cumple con los Criterios que le sean aplicables de todos los servicios y adicionalmente cuenta con: Mo cumple con los criterios que le sean aplicables de todos los servicios.,,Visitas de verificación de la Secretaría de Salud Departamental del Cauca - La Vega - La Vega,Administrador,,,,,,,,30/Jun/2025,0 %,-150,,
No Conformidad,1587,Misionales,calidad,09/Mar/2025,Vencida,,36. Cumple con los criterios definidos en todos los servicios y adicionalmente cuenta con la siguiente información documentada: Ver transversal procesos prioritarios.,,Visitas de verificación de la Secretaría de Salud Departamental del Cauca - La Vega - La Vega,Administrador,,,,,,,,30/Jun/2025,0 %,-150,,
No Conformidad,1588,Misionales,calidad,09/Mar/2025,Vencida,,36.1. Ronda médica de evolución diaria de pacientes: La ESE presenta PR-MI-HO-01 ronda de seguridad del paciente lo cual no es alugar a lo solicitado en el presente criterio.,,Visitas de verificación de la Secretaría de Salud Departamental del Cauca - La Vega - La Vega,Administrador,,,,,,,,30/Jun/2025,0 %,-150,,
No Conformidad,1589,Misionales,calidad,09/Mar/2025,Vencida,,"36.3. Entrega de turno por parte de enfermería y de medicina: La ESE presenta documento PT-MI-CE-29 protocolo de recibo y entrega de turno el cual tiene como objetivo establecer las actividades necesarias para la correcta entrega y recibo de turno que garanticen la continuidad en la prestación de los servicios dicha entrega y recibo de turno se registra en la historia clínica del paciente, no se cuenta con soporte de socialización de dicho documento, por lo tanto no se puede garantizar que dicho documento este en ejecucion.",,Visitas de verificación de la Secretaría de Salud Departamental del Cauca - La Vega - La Vega,Administrador,,,,,,,,30/Jun/2025,0 %,-150,,
No Conformidad,1590,Misionales,calidad,09/Mar/2025,Vencida,,"36.4. Control de líquidos: La ESE presenta documento PT-MI-HO-22 protocolo control de líquidos administrados y eliminados en el cual se relaciona los elementos e insumos necesarios, los elementos de protección personal, no se cuenta con soporte de socialización de dicho documento por lo tanto no se puede garantizar que estén en ejecución.",,Visitas de verificación de la Secretaría de Salud Departamental del Cauca - La Vega - La Vega,Administrador,,,,,,,,30/Jun/2025,0 %,-150,,
No Conformidad,1591,Misionales,calidad,09/Mar/2025,Vencida,,"36.5. Plan de cuidados de enfermería: La ESE presenta formato de plan de cuidados de enfermería el cual ya está estandarizado por patología, no se cuenta con documento macro del plan de cuidados al igual que no se cuenta con soporte de socialización de dicho documento por lo que no se puede garantizar que dicho plan de enfermería se este ejecutando.",,Visitas de verificación de la Secretaría de Salud Departamental del Cauca - La Vega - La Vega,Administrador,,,,,,,,30/Jun/2025,0 %,-150,,
No Conformidad,1592,Misionales,calidad,09/Mar/2025,Vencida,,"36.7. Sujeción de pacientes: La ESE presenta documento PT-MI-UR-55 protocolo de inmovilización paciente inconsciente y psiquiátrico el cual tiene como objetivo establecer las actividades que garanticen la correcta inmovilización del paciente, al momento de la verificación no se cuenta con soporte de socialización.",,Visitas de verificación de la Secretaría de Salud Departamental del Cauca - La Vega - La Vega,Administrador,,,,,,,,30/Jun/2025,0 %,-150,,
No Conformidad,1593,Misionales,calidad,09/Mar/2025,Vencida,,"36.9. Cateterismo vesical: La ESE presenta documento PT-MI-UR-14 protocolo prevención y paso de sonda vesical el cual tiene como objetivo disminuir el riesgo de infección en el tracto urinario mediante una correcta técnica aséptica, al momento de la verificación no se cuenta con soporte de socialización ni medición de adherencia por lo que no se puede garantizar que dicho documento se encuentre ejecutado por lo anterior el prestador no cumple con el criterio verificado.",,Visitas de verificación de la Secretaría de Salud Departamental del Cauca - La Vega - La Vega,Administrador,,,,,,,,30/Jun/2025,0 %,-150,,
No Conformidad,1594,Misionales,calidad,09/Mar/2025,Vencida,,36.10. Preparación para la toma de imágenes diagnósticas: No cuenta con la informacion solicitada.,,Visitas de verificación de la Secretaría de Salud Departamental del Cauca - La Vega - La Vega,Administrador,,,,,,,,30/Jun/2025,0 %,-150,,
No Conformidad,1595,Misionales,calidad,09/Mar/2025,Vencida,,36.11. Información a familiares o responsables sobre el estado de salud del paciente: No cuenta con la informacion solicitada.,,Visitas de verificación de la Secretaría de Salud Departamental del Cauca - La Vega - La Vega,Administrador,,,,,,,,30/Jun/2025,0 %,-150,,
No Conformidad,1596,Misionales,calidad,09/Mar/2025,Vencida,,"36.13. Selección y clasificación de pacientes - TRIAGE: La ESE cuenta con documento PT-MI-UR-29 protocolo de triage el cual tiene como objetivo definir las pautas que permitan priorizar la atención de los pacientes a su llegada a urgencias atreves de una evaluación rápida de enfermería, al momento de la verificación no se cuenta socialización ni medición de adherencia por lo que no se puede garantizar que el documento se encuentre en ejecución.",,Visitas de verificación de la Secretaría de Salud Departamental del Cauca - La Vega - La Vega,Administrador,,,,,,,,30/Jun/2025,0 %,-150,,
No Conformidad,1597,Misionales,calidad,09/Mar/2025,Vencida,,36.15. Criterios clínicos para la ubicación y atención de pacientes en el ambiente de transición: No cuenta con la informacion solicitada.,,Visitas de verificación de la Secretaría de Salud Departamental del Cauca - La Vega - La Vega,Administrador,,,,,,,,30/Jun/2025,0 %,-150,,
No Conformidad,1598,Misionales,calidad,09/Mar/2025,Vencida,,"36.16. Criterios clínicos para referir y recibir a un usuario a servicios de consulta externa, hospitalización u otros servicios de cualquier complejidad: No cuenta con la informacion solicitada.",,Visitas de verificación de la Secretaría de Salud Departamental del Cauca - La Vega - La Vega,Administrador,,,,,,,,30/Jun/2025,0 %,-150,,
No Conformidad,1599,Misionales,calidad,09/Mar/2025,Vencida,,36.17. Identificación de pacientes que por su condición clínica pueden ser tratados en su domicilio: No cuenta con la informacion solicitada.,,Visitas de verificación de la Secretaría de Salud Departamental del Cauca - La Vega - La Vega,Administrador,,,,,,,,30/Jun/2025,0 %,-150,,
No Conformidad,1600,Misionales,calidad,09/Mar/2025,Vencida,,36.18. Identificación de pacientes que por su condición clínica pueden ser derivados a servicios de consulta externa que cuenten con la estrategia de consulta prioritaria: No cuenta con la informacion solicitada.,,Visitas de verificación de la Secretaría de Salud Departamental del Cauca - La Vega - La Vega,Administrador,,,,,,,,30/Jun/2025,0 %,-150,,
No Conformidad,1601,Misionales,calidad,09/Mar/2025,Vencida,,36.19. Manejo de urgencias que incluya: No cuenta con toda la informacion documentada.,,Visitas de verificación de la Secretaría de Salud Departamental del Cauca - La Vega - La Vega,Administrador,,,,,,,,30/Jun/2025,0 %,-150,,
No Conformidad,1602,Misionales,calidad,09/Mar/2025,Vencida,,"36.19.2. Agitación psicomotora, conducta suicida y agresión a terceros: La ESE cuenta con documento PT-MI-UR-47 paciente agitado en el servicio de urgencia el cual dicta los lineamientos y estrategias para el manejo del paciente agitado, conducta suicida y agresión a terceros, el cual no se encuentra socializado.",,Visitas de verificación de la Secretaría de Salud Departamental del Cauca - La Vega - La Vega,Administrador,,,,,,,,30/Jun/2025,0 %,-150,,
No Conformidad,1603,Misionales,calidad,09/Mar/2025,Vencida,,"36.19.3. Agudización de síntomas psiquiatricos e intervención en crisis: La ESE cuenta con documento PT-MI-UR-47 paciente agitado en el servicio de urgencia el cual dicta los lineamientos y estrategias para el manejo del paciente agitado, conducta suicida y agresion a terceros, el cual no se encuentra socializado.",,Visitas de verificación de la Secretaría de Salud Departamental del Cauca - La Vega - La Vega,Administrador,,,,,,,,30/Jun/2025,0 %,-150,,
No Conformidad,1604,Misionales,calidad,09/Mar/2025,Vencida,,"36.21. Información al paciente sobre recomendaciones al egreso, criterios de reingreso, controles y posibles complicaciones: No cuenta con la informacion solicitada.",,Visitas de verificación de la Secretaría de Salud Departamental del Cauca - La Vega - La Vega,Administrador,,,,,,,,30/Jun/2025,0 %,-150,,
No Conformidad,1605,Misionales,calidad,09/Mar/2025,Vencida,,"36.23. Atención en salud a víctimas de violencia sexual segun normatividad vigente: La ESE cuenta con documento protocolo de atención a víctimas de violencia sexual el cual tiene como objetivo garantizar la atención integral a toda víctima de violencia sexual de acorde a los criterios básicos e indispensables para el abordaje integral de las víctimas de violencia sexual, no se cuenta con soporte de socialización.",,Visitas de verificación de la Secretaría de Salud Departamental del Cauca - La Vega - La Vega,Administrador,,,,,,,,30/Jun/2025,0 %,-150,,
No Conformidad,1606,Misionales,calidad,09/Mar/2025,Vencida,,"36.24. Aislamiento de pacientes que por su condición clínica lo requieran: La ESE cuenta con documento PT-MI-HO-64 aislamiento de paciente el cual define los lineamientos para los diferentes tipos de aislamiento bajo las precauciones universales, no se cuenta con soporte de medición de adherencia ni de socialización.",,Visitas de verificación de la Secretaría de Salud Departamental del Cauca - La Vega - La Vega,Administrador,,,,,,,,30/Jun/2025,0 %,-150,,
No Conformidad,1607,Misionales,calidad,09/Mar/2025,Vencida,,"36.25. Documento que orienta la atención en salud de pacientes con problemas y trastornos en salud mental o consumo de sustancias psicoactivas: La ESE cuenta con documento guía clínica para la atención y manejo de la depresión en salud mental la cual tiene como objetivo establecer pautas de manejo de la depresión que permita un diagnóstico oportuno y manejo de los paciente con problemas de salud mental, al momento de la verificación no se cuenta con soporte de socialización con el personal de urgencias.",,Visitas de verificación de la Secretaría de Salud Departamental del Cauca - La Vega - La Vega,Administrador,,,,,,,,30/Jun/2025,0 %,-150,,
No Conformidad,1608,Misionales,calidad,09/Mar/2025,Vencida,,39. Cumple con los criterios que le sean aplicables de todos los servicios: Ver transversal de historia clinica.,,Visitas de verificación de la Secretaría de Salud Departamental del Cauca - La Vega - La Vega,Administrador,,,,,,,,30/Jun/2025,0 %,-150,,
No Conformidad,1609,Gestión de Talento Humano,calidad,09/Mar/2025,Vencida,,1. Cumple con los criterios que le sean aplicables de todos los servicios y adicionalmente cuenta con: Ver Estándar transversal Talento Humano.,,Visitas de verificación de la Secretaría de Salud Departamental del Cauca - La Vega - La Vega,Administrador,,,,,,,,30/Jun/2025,0 %,-150,,
No Conformidad,1610,Gestión de Talento Humano,calidad,09/Mar/2025,Vencida,,"1.1. Tecnólogo en atención prehospitalaria o técnico profesional en atención prehospitalaria o auxiliar en enfermerla, en cualquier caso, cuenta con constancia de asistencia en las acciones de formación continua en soporte vital básico: Disponibilidad de auxiliares de enfermería constancia de asistencia en las acciones de formación continua en soporte vital básico.",,Visitas de verificación de la Secretaría de Salud Departamental del Cauca - La Vega - La Vega,Administrador,,,,,,,,30/Jun/2025,0 %,-150,,
No Conformidad,1611,Gestión de Recursos,calidad,09/Mar/2025,Vencida,,"31. Cumplen con los criterios definidos para todos los servicios y adicionalmente, cuentan con: Revisar estándar trasversal.",,Visitas de verificación de la Secretaría de Salud Departamental del Cauca - La Vega - La Vega,Administrador,,,,,,,,30/Jun/2025,0 %,-150,,
No Conformidad,1612,Gestión de Recursos,calidad,09/Mar/2025,Vencida,,31.7. Torniquetes para el control de hemorragias: Cuenta con torniquetes para el control de hemorragias.,,Visitas de verificación de la Secretaría de Salud Departamental del Cauca - La Vega - La Vega,Administrador,,,,,,,,30/Jun/2025,0 %,-150,,
No Conformidad,1613,Gestión de Recursos,calidad,09/Mar/2025,Vencida,,31.13. Pinzas de Magill: No cuenta con pinzas de magil aptas para prestar el servicio.,,Visitas de verificación de la Secretaría de Salud Departamental del Cauca - La Vega - La Vega,Administrador,,,,,,,,30/Jun/2025,0 %,-150,,
No Conformidad,1614,Gestión de Recursos,calidad,09/Mar/2025,Vencida,,"31.22. Conjunto para inmovilización que cuenta con inmovilizadores cervicales graduables, adulto (2) y pediátrico (2), inmovilizadores laterales de cabeza, inmovilizadores para extremidades superiores e inferiores: Cuenta con inmovilizadores cervicales graduables, adulto y pediátrico (2), inmovilizadores laterales de cabeza, no cuenta con inmovilizadores para extremidades superiores e inferiores.",,Visitas de verificación de la Secretaría de Salud Departamental del Cauca - La Vega - La Vega,Administrador,,,,,,,,30/Jun/2025,0 %,-150,,
No Conformidad,1615,Gestión de Recursos,calidad,09/Mar/2025,Vencida,,"31.25.1. Trazado electrocardiográfico si no está incorporado en el desfibrilador: No cuenta con accesorios de trazado electrocardiográfico, se le sugiere al prestador la dotación de este equipo de manera inmediata.",,Visitas de verificación de la Secretaría de Salud Departamental del Cauca - La Vega - La Vega,Administrador,,,,,,,,30/Jun/2025,0 %,-150,,
No Conformidad,1616,Gestión de Recursos,calidad,09/Mar/2025,Vencida,,"36. Cumple con los criterios que le sean aplicables de todos los servicios y adicionalmente el prestador define los medicamentos, dispositivos médicos e insumas requeridos de acuerdo con lo documentado en el estándar de procesos prioritarios: No Cumple con los criterios que le sean aplicables de todos los servicios.",,Visitas de verificación de la Secretaría de Salud Departamental del Cauca - La Vega - La Vega,Administrador,,,,,,,,30/Jun/2025,0 %,-150,,
No Conformidad,1617,Gestión de Recursos,calidad,09/Mar/2025,Vencida,,37.2. Aditamento supraglótico de varias tallas adulto y pediátrico: No tiene observación.,,Visitas de verificación de la Secretaría de Salud Departamental del Cauca - La Vega - La Vega,Administrador,,,,,,,,30/Jun/2025,0 %,-150,,
No Conformidad,1618,Gestión de Recursos,calidad,09/Mar/2025,Vencida,,"39.1. Los medicamentos, dispositivos médicos e insumas definidos por el prestador de servicios de salud de acuerdo con la morbilidad, riesgos de complicaciones más frecuentes y lo documentado para el procedimiento de reanimación cardio cerebro pulmonar: No cuenta con los medicamentos, dispositivos médicos e insumos, se observa que los pocos dispositivos medicos estan en mala conservacion.",,Visitas de verificación de la Secretaría de Salud Departamental del Cauca - La Vega - La Vega,Administrador,,,,,,,,30/Jun/2025,0 %,-150,,
No Conformidad,1619,Misionales,calidad,09/Mar/2025,Vencida,,41. Cumple con los criterios que le sean aplicables de todos los servicios y adicionalmente cuenta con la siguiente información documentada: El prestador no cumple con los criterios que le sean aplicables de todos los servicios.,,Visitas de verificación de la Secretaría de Salud Departamental del Cauca - La Vega - La Vega,Administrador,,,,,,,,30/Jun/2025,0 %,-150,,
No Conformidad,1620,Misionales,calidad,09/Mar/2025,Vencida,,41.3. Atención en salud de pacientes con problemas y trastornos en salud mental o consumo de sustancias psicoactivas: El prestador no cuenta con la información solicitada.,,Visitas de verificación de la Secretaría de Salud Departamental del Cauca - La Vega - La Vega,Administrador,,,,,,,,30/Jun/2025,0 %,-150,,
No Conformidad,1621,Misionales,calidad,09/Mar/2025,Vencida,,43. Cumple con los criterios que le sean aplicables de todos los servicios y adicionalmente cuenta con: El prestador no cumple con los criterios que sean aplicables a todos los servicios.,,Visitas de verificación de la Secretaría de Salud Departamental del Cauca - La Vega - La Vega,Administrador,,,,,,,,30/Jun/2025,0 %,-150,,
No Conformidad,1622,Misionales,calidad,09/Mar/2025,Vencida,,43.1.1. Nombre de los pacientes atendidos o trasladados: El prestador cuenta con información de pacientes trasladado pero no define la ambulancia y/o vehículo utilizado para el traslado.,,Visitas de verificación de la Secretaría de Salud Departamental del Cauca - La Vega - La Vega,Administrador,,,,,,,,30/Jun/2025,0 %,-150,,
No Conformidad,1623,Misionales,calidad,09/Mar/2025,Vencida,,43.1.2. Nombre del acompanante o responsable: prestador cuenta con información de trasladado pero no define la ambulancia y/o vehículo utilizado para el traslado.,,Visitas de verificación de la Secretaría de Salud Departamental del Cauca - La Vega - La Vega,Administrador,,,,,,,,30/Jun/2025,0 %,-150,,
No Conformidad,1624,Misionales,calidad,09/Mar/2025,Vencida,,43.1.3. Fecha: El prestador cuenta con información de trasladado pero no define la ambulancia y/o vehículo utilizado para el traslado.,,Visitas de verificación de la Secretaría de Salud Departamental del Cauca - La Vega - La Vega,Administrador,,,,,,,,30/Jun/2025,0 %,-150,,
No Conformidad,1625,Misionales,calidad,09/Mar/2025,Vencida,,43.1.4. Hora: El prestador cuenta con información de trasladado pero no define la ambulancia y/o vehículo utilizado para el traslado.,,Visitas de verificación de la Secretaría de Salud Departamental del Cauca - La Vega - La Vega,Administrador,,,,,,,,30/Jun/2025,0 %,-150,,
No Conformidad,1626,Misionales,calidad,09/Mar/2025,Vencida,,43.1.5. Origen: El prestador cuenta con información de trasladado pero no define la ambulancia y/o vehículo utilizado para el traslado.,,Visitas de verificación de la Secretaría de Salud Departamental del Cauca - La Vega - La Vega,Administrador,,,,,,,,30/Jun/2025,0 %,-150,,
No Conformidad,1627,Misionales,calidad,09/Mar/2025,Vencida,,43.1.6. Destino del servicio: El prestador cuenta con información de trasladado pero no define la ambulancia y/o vehículo utilizado para el traslado.,,Visitas de verificación de la Secretaría de Salud Departamental del Cauca - La Vega - La Vega,Administrador,,,,,,,,30/Jun/2025,0 %,-150,,
No Conformidad,1628,Misionales,calidad,09/Mar/2025,Vencida,,43.1.7. Tipo de servicio: El prestador cuenta con información de trasladado pero no define la ambulancia y/o vehículo utilizado para el traslado.,,Visitas de verificación de la Secretaría de Salud Departamental del Cauca - La Vega - La Vega,Administrador,,,,,,,,30/Jun/2025,0 %,-150,,
No Conformidad,1629,Misionales,calidad,09/Mar/2025,Vencida,,43.1.8. Nombre del personal que atiende el servicio: El prestador cuenta con información de trasladado pero no define la ambulancia y/o vehículo utilizado para el traslado.,,Visitas de verificación de la Secretaría de Salud Departamental del Cauca - La Vega - La Vega,Administrador,,,,,,,,30/Jun/2025,0 %,-150,,
No Conformidad,1630,Misionales,calidad,09/Mar/2025,Vencida,,43.1.9. Evolución y procedimientos durante el traslado o atención de los pacientes en el programa o servicio: El prestador cuenta con información de trasladado pero no define la ambulancia y/o vehículo utilizado para el traslado.,,Visitas de verificación de la Secretaría de Salud Departamental del Cauca - La Vega - La Vega,Administrador,,,,,,,,30/Jun/2025,0 %,-150,,
No Conformidad,1631,Gestión de Talento Humano,calidad,09/Mar/2025,Vencida,,"1. Cumple con los criterios que le sean aplicables de todos los servicios y adicionalmente, cuenta con: Ver Estándar transversal Talento Humano.",,Visitas de verificación de la Secretaría de Salud Departamental del Cauca - La Vega - La Vega,Administrador,,,,,,,,30/Jun/2025,0 %,-150,,
No Conformidad,1632,Gestión de Talento Humano,calidad,09/Mar/2025,Vencida,,"1.1. Tecnólogo en atención prehospitalaria o técnico profesional en atención prehospitalaria o auxiliar en enfermerla, en cualquier caso, cuenta con constancia de asistencia en las acciones de formación continua en soporte vital básico: Disponibilidad de auxiliares de enfermería constancia de asistencia en las acciones de formación continua en soporte vital básico.",,Visitas de verificación de la Secretaría de Salud Departamental del Cauca - La Vega - La Vega,Administrador,,,,,,,,30/Jun/2025,0 %,-150,,
No Conformidad,1633,Gestión de Recursos,calidad,09/Mar/2025,Vencida,,"31. Cumplen con los criterios definidos para todos los servicios y adicionalmente, cuentan con: Ver estandar trasversal.",,Visitas de verificación de la Secretaría de Salud Departamental del Cauca - La Vega - La Vega,Administrador,,,,,,,,30/Jun/2025,0 %,-150,,
No Conformidad,1634,Gestión de Recursos,calidad,09/Mar/2025,Vencida,,"36. Cumple con los criterios que le sean aplicables de todos los servicios y adicionalmente el prestador define los medicamentos, dispositivos médicos e insumas requeridos de acuerdo con lo documentado en el estándar de procesos prioritarios: No Cumple con los criterios que le sean aplicables de todos los servicios.",,Visitas de verificación de la Secretaría de Salud Departamental del Cauca - La Vega - La Vega,Administrador,,,,,,,,30/Jun/2025,0 %,-150,,
No Conformidad,1635,Misionales,calidad,09/Mar/2025,Vencida,,41. Cumple con los criterios que le sean aplicables de todos los servicios y adicionalmente cuenta con la siguiente información documentada: El prestador no cumple con los criterios que le sean aplicables de todos los servicios.,,Visitas de verificación de la Secretaría de Salud Departamental del Cauca - La Vega - La Vega,Administrador,,,,,,,,30/Jun/2025,0 %,-150,,
No Conformidad,1636,Misionales,calidad,09/Mar/2025,Vencida,,41.3. Atención en salud de pacientes con problemas y trastornos en salud mental o consumo de sustancias psicoactivas: El prestador no cuenta con la información solicitada.,,Visitas de verificación de la Secretaría de Salud Departamental del Cauca - La Vega - La Vega,Administrador,,,,,,,,30/Jun/2025,0 %,-150,,
No Conformidad,1637,Gestión de Talento Humano,calidad,09/Mar/2025,Vencida,,"1.1. Tecnólogo en atención prehospitalaria o técnico profesional en atención prehospitalaria o auxiliar en enfermerla, en cualquier caso, cuenta con constancia de asistencia en las acciones de formación continua en soporte vital básico: Disponibilidad de auxiliares de enfermería constancia de asistencia en las acciones de formación continua en soporte vital básico.",,Visitas de verificación de la Secretaría de Salud Departamental del Cauca - La Vega - La Vega,Administrador,,,,,,,,30/Jun/2025,0 %,-150,,
No Conformidad,1638,Gestión de Recursos,calidad,09/Mar/2025,Vencida,,"31. Cumplen con los criterios definidos para todos los servicios y adicionalmente, cuentan con: Ver estandar trasversal.",,Visitas de verificación de la Secretaría de Salud Departamental del Cauca - La Vega - La Vega,Administrador,,,,,,,,30/Jun/2025,0 %,-150,,
No Conformidad,1639,Gestión de Recursos,calidad,09/Mar/2025,Vencida,,"36. Cumple con los criterios que le sean aplicables de todos los servicios y adicionalmente el prestador define los medicamentos, dispositivos médicos e insumas requeridos de acuerdo con lo documentado en el estándar de procesos prioritarios: No Cumple con los criterios que le sean aplicables de todos los servicios.",,Visitas de verificación de la Secretaría de Salud Departamental del Cauca - La Vega - La Vega,Administrador,,,,,,,,30/Jun/2025,0 %,-150,,
No Conformidad,1640,Misionales,calidad,09/Mar/2025,Vencida,,41. Cumple con los criterios que le sean aplicables de todos los servicios y adicionalmente cuenta con la siguiente información documentada: El prestador no cumple con los criterios que le sean aplicables de todos los servicios.,,Visitas de verificación de la Secretaría de Salud Departamental del Cauca - La Vega - La Vega,Administrador,,,,,,,,30/Jun/2025,0 %,-150,,
No Conformidad,1641,Misionales,calidad,09/Mar/2025,Vencida,,41.3. Atención en salud de pacientes con problemas y trastornos en salud mental o consumo de sustancias psicoactivas: El prestador no cuenta con la información solicitada.,,Visitas de verificación de la Secretaría de Salud Departamental del Cauca - La Vega - La Vega,Administrador,,,,,,,,30/Jun/2025,0 %,-150,,
No Conformidad,1642,Gestión de Talento Humano,calidad,09/Mar/2025,Vencida,,"1.1. Tecnólogo en atención prehospitalaria o técnico profesional en atención prehospitalaria o auxiliar en enfermerla, en cualquier caso, cuenta con constancia de asistencia en las acciones de formación continua en soporte vital básico: Disponibilidad de auxiliares de enfermería constancia de asistencia en las acciones de formación continua en soporte vital básico.",,Visitas de verificación de la Secretaría de Salud Departamental del Cauca - La Vega - La Vega,Administrador,,,,,,,,30/Jun/2025,0 %,-150,,
No Conformidad,1643,Gestión de Recursos,calidad,09/Mar/2025,Vencida,,"31. Cumplen con los criterios definidos para todos los servicios y adicionalmente, cuentan con: Ver estandar trasversal.",,Visitas de verificación de la Secretaría de Salud Departamental del Cauca - La Vega - La Vega,Administrador,,,,,,,,30/Jun/2025,0 %,-150,,
No Conformidad,1644,Misionales,calidad,09/Mar/2025,Vencida,,"36. Cumple con los criterios que le sean aplicables de todos los servicios y adicionalmente el prestador define los medicamentos, dispositivos médicos e insumas requeridos de acuerdo con lo documentado en el estándar de procesos prioritarios: No Cumple con los criterios que le sean aplicables de todos los servicios.",,Visitas de verificación de la Secretaría de Salud Departamental del Cauca - La Vega - La Vega,Administrador,,,,,,,,30/Jun/2025,0 %,-150,,
No Conformidad,1645,Misionales,calidad,09/Mar/2025,Vencida,,41. Cumple con los criterios que le sean aplicables de todos los servicios y adicionalmente cuenta con la siguiente información documentada: El prestador no cumple con los criterios que le sean aplicables de todos los servicios.,,Visitas de verificación de la Secretaría de Salud Departamental del Cauca - La Vega - La Vega,Administrador,,,,,,,,30/Jun/2025,0 %,-150,,
No Conformidad,1646,Misionales,calidad,09/Mar/2025,Vencida,,41.3. Atención en salud de pacientes con problemas y trastornos en salud mental o consumo de sustancias psicoactivas: El prestador no cuenta con la información solicitada.,,Visitas de verificación de la Secretaría de Salud Departamental del Cauca - La Vega - La Vega,Administrador,,,,,,,,30/Jun/2025,0 %,-150,,
No Conformidad,2022,Misionales,calidad,09/Mar/2025,Vencida,,"4.7. Prevenir y reducir la frecuencia de caídas, en los servicios donde aplique: La ese cuenta con documento PT-ES-CA-06 protocolo para la prevención de caídas de pacientes el cual tiene como objetivo estandarizar acciones de prevención para disminuir el riesgo de caidas mediante acciones tales como mobiliario adecuado, camilla con barandas elevadas y con freno de seguridad, condiciones de orden y aseo, aplicación de escala de DOWNTON, se cuenta con soporte de socialización del 30 de septiembre de 2024, no se cuenta con medición de adherencia.",,Visitas de verificación de la Secretaría de Salud Departamental del Cauca - La Vega - La Vega,Administrador,,,,,,,,30/Jun/2025,0 %,-150,,
No Conformidad,2023,Misionales,calidad,09/Mar/2025,Vencida,,"4.8. Garantizar la atención segura de la gestante y el recién nacido, en los servicios donde aplique: La ESE cuenta con documento PT-MI-HO-29 protocolo binomio madre hijo el cual tiene como objetivo implementar el protocolo de atención integral, integrada y continua orientado al binomio madre hijo, se documenta que se realizara triage por auxiliar de enfermería y se establece la lista de chequeo ronda de seguridad binomio madre hijo de la cual no se tiene evidencia de su aplicación, se cuenta con acta de socialización del 14 de junio de 2024.",,Visitas de verificación de la Secretaría de Salud Departamental del Cauca - La Vega - La Vega,Administrador,,,,,,,,30/Jun/2025,0 %,-150,,
No Conformidad,2024,Misionales,calidad,09/Mar/2025,Vencida,,"4.9. Prevenir complicaciones asociadas a disponibilidad y manejo de sangre, componentes y a la transfusión sanguínea, en los: No aplica para la complejidad del prestador.",,Visitas de verificación de la Secretaría de Salud Departamental del Cauca - La Vega - La Vega,Administrador,,,,,,,,30/Jun/2025,0 %,-150,,
No Conformidad,2025,Misionales,calidad,09/Mar/2025,Vencida,,"4.10. Prevenir úlceras por presión, en los servicios donde aplique: La ESE presenta documento PT-MI-HO-01 protocolo de prevención ulceras por presión el cual tiene como objetivo prevenir la aparición de UPP en pacientes hospitalizados mediante acciones preventivas como la aplicación de la escala de braden y según su resultado se define la frecuencia de los cambios posturales y el uso de colchdn de flotación, no se cuenta con medición de adherencia, no se cuenta con soporte de socialización.",,Visitas de verificación de la Secretaría de Salud Departamental del Cauca - La Vega - La Vega,Administrador,,,,,,,,30/Jun/2025,0 %,-150,,
No Conformidad,2026,Misionales,calidad,09/Mar/2025,Vencida,,5.1. Capacitación del personal en el tema de seguridad del paciente y en los principales riesgos de la atención: La ESE presenta plan de capacitaciones 2024 el cual se encuentra en construcción en lo planeado hasta la fecha no se cuenta con temas de seguridad del paciente.,,Visitas de verificación de la Secretaría de Salud Departamental del Cauca - La Vega - La Vega,Administrador,,,,,,,,30/Jun/2025,0 %,-150,,
No Conformidad,2027,Misionales,calidad,09/Mar/2025,Vencida,,"6. El prestador de servicios de salud cuenta con información documentada de las actividades y procedimientos que se realizan en el servicio acordes con su objeto, alcance y enfoque diferencial, mediante guías de práctica clínica- GPC, procedimientos de atención, protocolos de atención y otros documentos que el prestador de servicios de salud determine, dicha información incluye talento humano, equipos biomédicos, medicamentos y dispositivos médicos e insumos requeridos: La ESE presenta las siguientes guías de práctica clínica: cáncer de próstata, atención de partos, infecciones urinarias, enfermedad diarreica aguda, apendicitis aguda, eda, faringoamigdalitis, HTA, lumbago, cefalea, parasitosis intestinal, complicaciones durante el embarazo, litiasis; también se cuenta con los siguientes procedimientos: cateterismo vesical, administración de medicamentos, RCP, los cuales incluyen la relación de talento humano, materiales y equipos, pese a esto no soporta información documentada de retiro de puntos, cateterismo nasogástrico, curación de heridas, sutura procedimientos que realizan en la institución.",,Visitas de verificación de la Secretaría de Salud Departamental del Cauca - La Vega - La Vega,Administrador,,,,,,,,30/Jun/2025,0 %,-150,,
No Conformidad,2028,Misionales,calidad,09/Mar/2025,Vencida,,"10. El prestador de servicios de salud cuenta con información documentada de la adopción, o adaptación o desarrollo de guías práctica clínica o protocolos basados en evidencia científica: No se cuenta con la informacion documentada.",,Visitas de verificación de la Secretaría de Salud Departamental del Cauca - La Vega - La Vega,Administrador,,,,,,,,30/Jun/2025,0 %,-150,,
No Conformidad,2029,Misionales,calidad,09/Mar/2025,Vencida,,"12.1. Detección, prevención y disminución del riesgo de accidentes e incidentes de carácter radiológico, en los servicios donde aplique: Cuenta con un documento denominado PROGRAMA DE VIGILANCA RADIOLÓGICA Versión 1 del 13 de dciembre del 2022, no se encuentra socializado ni con medición de adhrencia.",,Visitas de verificación de la Secretaría de Salud Departamental del Cauca - La Vega - La Vega,Administrador,,,,,,,,30/Jun/2025,0 %,-150,,
No Conformidad,2030,Misionales,calidad,09/Mar/2025,Vencida,,"12.2. Aseo, limpieza y desinfección de áreas y superficies: El prestador presenta el Manual de limpieza y desinfeccion Código PTA-MI-5G 03 Versón1 fecha 2021. en cual se evdencia la definidos los elementos de uso para ejecutar la actividad. Sin embargo se evidencia en el recorrido que no se encuentran adhrentes. Se recominenda definir las actividades de limpieza y desinfección en los servicio de alta rotación de usuarios.",,Visitas de verificación de la Secretaría de Salud Departamental del Cauca - La Vega - La Vega,Administrador,,,,,,,,30/Jun/2025,0 %,-150,,
No Conformidad,2031,Misionales,calidad,09/Mar/2025,Vencida,,"12.3. Procedimiento de reanimación cerebro cardio pulmonar, en los servicios donde se realice: Se verifica que cuenta documentado con el protocolo de REANIMACIÓN CARDIOPULMONAR Código PT- MI-51-01 Versión 2 fecha: junio 2022, definido el talento humano, medicamentos y dispositivos medicos y equipos biomedicos que se requieren en la prestacion del servicio, no se cuenta descrito el enfoque diferencial. No se encuentra dentro del plan de capacitación del 2024.",,Visitas de verificación de la Secretaría de Salud Departamental del Cauca - La Vega - La Vega,Administrador,,,,,,,,30/Jun/2025,0 %,-150,,
No Conformidad,2032,Misionales,calidad,09/Mar/2025,Vencida,,"12.4. Acciones para prevenir las flebitis infecciosas, químicas y mecánicas en los servicios donde se realicen procedimientos de venopunción: Se encuentra documentado ADMINISTRACIÓN DE MEDICAMENTOS PT-MI-UR-01 Código 2 fecha marzo del 2019. Cuenta con acciones preventivas para las flebitis. Se encuentran socializadas fecha 13 de mayo del 2024. Sin embargo se realiza recorrido y se verifica que no se encuentran adheridos.",,Visitas de verificación de la Secretaría de Salud Departamental del Cauca - La Vega - La Vega,Administrador,,,,,,,,30/Jun/2025,0 %,-150,,
No Conformidad,2033,Misionales,calidad,09/Mar/2025,Vencida,,12.5. Aspectos de bioseguridad acordes con las condiciones y características del servicio: Cuenta con un manual de bioseguridad MA -AP-50-01 Versión 1 Fecha 2021. Se verifica plan de capacitación 2024 el cual no se encuentra tematica incluida.,,Visitas de verificación de la Secretaría de Salud Departamental del Cauca - La Vega - La Vega,Administrador,,,,,,,,30/Jun/2025,0 %,-150,,
No Conformidad,2034,Misionales,calidad,09/Mar/2025,Vencida,,"12.6. Descontaminación por derrames de sangre u otros fluidos corporales: Cuenta con un MANUAL CONTROL DE DERRAME DE FLUIDOS CORPORALES Código MA -MI-5G-02 Versión 2 Fecha Abril 2021. Se verifica plan de capacitación 2024 el cual no se encuentra temática incluida, no contiene descripción del contenido del kit de derrames ni el talento humano responsable de ejecutar dicha actividad.",,Visitas de verificación de la Secretaría de Salud Departamental del Cauca - La Vega - La Vega,Administrador,,,,,,,,30/Jun/2025,0 %,-150,,
No Conformidad,2035,Misionales,calidad,09/Mar/2025,Vencida,,"12.7. Manejo de gases medicinales que incluya como mínimo la atención de emergencias y sistema de alarma, cuando se utilicen: Cuenta con un protocolo de manejo de gases medicinales Código PT-ES-CA-05 Versió 1 Fecha: junio 2022. Se verifica plan de capacitación 2024 el cual no se encuentra tematica incluid, no se evidencia que hacer en caso de emergencias y los sistemas de alarmas teniendo en cuenta los dispositivos utilizados en la institución.",,Visitas de verificación de la Secretaría de Salud Departamental del Cauca - La Vega - La Vega,Administrador,,,,,,,,30/Jun/2025,0 %,-150,,
No Conformidad,2036,Misionales,calidad,09/Mar/2025,Vencida,,"13.1.1. Recibo de productos contaminados y entrega de material estéril: Cuenta con un manual de buenas practicas de esterilización MA-ES-CA-02 Versión 01 fecha abril del 2023 aplicable a todas las unidades de atención, el cual cumple con la especificaciones . Sin embargo el documento no se encuentra socialización ni cuenta con medición de adherencias.",,Visitas de verificación de la Secretaría de Salud Departamental del Cauca - La Vega - La Vega,Administrador,,,,,,,,30/Jun/2025,0 %,-150,,
No Conformidad,2037,Misionales,calidad,09/Mar/2025,Vencida,,"13.1.2. Transporte: Cuenta con un manual de buenas practicas de esterilización MA-ES-CA-02 Versión 01 fecha abril del 2023 aplicable a todas las unidades de atención, el cual cumple con la especificaciones . Sin embargo el documento no se encuentra socialización ni cuenta con medición de adherencias.",,Visitas de verificación de la Secretaría de Salud Departamental del Cauca - La Vega - La Vega,Administrador,,,,,,,,30/Jun/2025,0 %,-150,,
No Conformidad,2038,Misionales,calidad,09/Mar/2025,Vencida,,"13.1.3. Lavado, secado y lubricación: Cuenta con un manual de buenas practicas de esterilización MA-ES-CA-02 Versión 01 fecha abril del 2023 aplicable a todas las unidades de atención, el cual cumple con la especificaciones . Sinembargo el documento no se encuentra socialización ni cuenta con medición de adherencias.",,Visitas de verificación de la Secretaría de Salud Departamental del Cauca - La Vega - La Vega,Administrador,,,,,,,,30/Jun/2025,0 %,-150,,
No Conformidad,2039,Misionales,calidad,09/Mar/2025,Vencida,,"13.1.4. Empaque: Cuenta con un manual de buenas practicas de esterilización MA-ES-CA-02 Versión 01 fecha abril del 2023 aplicable a todas las unidades de atención, el cual cumple con la especificaciones . Sin embargo el documento no se encuentra socialización ni cuenta con medición de adherencias.",,Visitas de verificación de la Secretaría de Salud Departamental del Cauca - La Vega - La Vega,Administrador,,,,,,,,30/Jun/2025,0 %,-150,,
No Conformidad,2040,Misionales,calidad,09/Mar/2025,Vencida,,"3.1.5. Etiquetado: Cuenta con un manual de buenas practicas de esterilización MA-ES-CA-02 Versión 01 fecha abril del 2023 aplicable a todas las unidades de atención, el cual cumple con la especificaciones . Sin embargo el documento no se encuentra socialización ni cuenta con medición de adherencias.",,Visitas de verificación de la Secretaría de Salud Departamental del Cauca - La Vega - La Vega,Administrador,,,,,,,,30/Jun/2025,0 %,-150,,
No Conformidad,2041,Misionales,calidad,09/Mar/2025,Vencida,,"13.1.6. Esterilización: Cuenta con un manual de buenas practicas de esterilización MA-ES-CA-02 Versión 01 fecha abril del 2023 aplicable a todas las unidades de atención, el cual cumple con la especificaciones . Sin embargo el documento no se encuentra socialización ni cuenta con medición de adherencias.",,Visitas de verificación de la Secretaría de Salud Departamental del Cauca - La Vega - La Vega,Administrador,,,,,,,,30/Jun/2025,0 %,-150,,
No Conformidad,2,Gestión de Talento Humano,calidad,01/Oct/2024,Vencida,,"3. El prestador de servicios de salud determina la cantidad necesaria de talento humano requerido para cada uno de los servicios ofertados y prestados, de acuerdo con la capacidad instalada, la relación entre la oferta y demanda, la oportunidad en la prestación, tiempo de la atención y el riesgo en la atención. Este criterio no aplica para profesionales independientes de salud. Cuenta con el documento ""Manual de suficiencia de la red"" codigo MA-AP-TH-02 septiembre 2023 version 0, el cual debe ser ajustado teniendo enc uenta las necesidades de talento humano de cada uno de los puntos de atencion y no por municipio de acuerdo a los servicios ofertados y prestados, caoacidad instalada, la relacion entre oferta y demanda, la oportunidad en la prestacion, tiempo en la atencion, y el riesgo en la atencion.",,Visitas de verificación de la Secretaría de Salud Departamental del Cauca - La Vega - La Vega,calidad,,Actualizar listado de colaboradores de los puntos de atención,Administrador,31/Mar/2025,-,,,31/Mar/2025,0 %,-241,,.
,,,,,,,,,,,,Realizar documento de estudio de suficiencia de personal de la E.S.E,Administrador,08/Mar/2025,-,,,,,,,
No Conformidad,1665,Farmacia,calidad,13/Mar/2024,Vencida,,"6. El prestador de servicios de salud cuenta con información documentada de la planeación y ejecución de los programas de farmacovigilancia, tecnovigilancia y reactivovigilancia, que garanticen el seguimiento al uso de medicamentos, dispositivos médicos (incluidos los sobre medida) y reactivos de diagnóstico in vitro, cuando aplique: Se evidencia documento de farmacovigilancia con código de documento MA-MI-FA-01, no cuenta con adherencia, no cuenta con capacitaciones, no cuenta con usuario para realizar reportes, Se evidencia documento de farmacovigilancia con código de documento PL-ES-CA- 02. V2, no cuenta con adherencia, no cuenta con capacitaciones, no cuenta con usuario para realizar reportes",,Visitas de verificación de la Secretaría de Salud Departamental del Cauca - Almaguer - Almaguer,Administrador,,,,,,,,30/Jun/2025,0 %,-150,,
Sistema,2,Planeación,Administrador,06/Mar/2025,Abierta,,Dimensión: D3 Gestión para Resultados con Valores. Calificación: 56.89 POLÍTICA 11: Servicio al ciudadano. Calificación: 46.9 Atributo: Enfoque de atención al ciudadano.,,Medición del Desempeño Institucional (MDI),Administrador,,Evaluar y ajustar el proceso de atención al ciudadano (SIAU),Administrador,30/Jun/2025,-,,,31/Dic/2025,0 %,33,,
,,,,,,,,,,,,Evaluar y ajustar operatividad de los canales de atención al ciudadano (incluida sede electrónica) ,Administrador,31/Dic/2025,-,,,,,,,
,,,,,,,,,,,,Generar un cuadro de mando para seguimiento y control de la evaluación del servicio al ciudadano ,Administrador,31/Dic/2025,-,,,,,,,
,,,,,,,,,,,,Realizar un diagnóstico de accesibilidad para personas con discapacidad a las sedes de la ESE ,Administrador,31/Dic/2025,-,,,,,,,
Sistema,3,Planeación,Administrador,06/Mar/2025,Vencida,,Dimensión: D3 Gestión para Resultados con Valores. Calificación: 56.89 POLÍTICA 11: Servicio al ciudadano. Calificación: 46.9 Atributo: Talento humano en función del ciudadano,,Medición del Desempeño Institucional (MDI),Administrador,,Incluir un componente de habilidades y competencias en atención al ciudadano en el Plan de Capacitación 2025,Administrador,31/Mar/2025,-,,,31/Mar/2025,0 %,-241,,
Sistema,4,Planeación,Administrador,06/Mar/2025,Abierta,,Dimensión: D3 Gestión para Resultados con Valores. Calificación: 56.89 POLÍTICA 6 Fortalecimiento Organizacional y Simplificación de Procesos. Calificación: 66.1 Atributo: Desarrollo Institucional,,Medición del Desempeño Institucional (MDI),Administrador,,Actualizar el comité Institucional de Gestión y Desempeño,Administrador,30/Abr/2025,-,,,31/Dic/2025,0 %,33,,
,,,,,,,,,,,,Actualizar el comité Institucional de Coordinación de Control Interno,Administrador,30/Abr/2025,-,,,,,,,
,,,,,,,,,,,,Actualización del inventario de los grupos de valor y/o las partes interesadas,Administrador,31/Jul/2025,-,,,,,,,
,,,,,,,,,,,,Realizar un inventario de expectativas de los grupos de valor y las partes interesadas en relación a los productos y servicios propios de la misionalidad de la entidad,calidad,31/Jul/2025,-,,,,,,,
,,,,,,,,,,,,Actualización del modelo de operación por procesos de la ESE Suroriente,calidad,31/Jul/2025,-,,,,,,,
,,,,,,,,,,,,"Actualizar la documentación de los procesos (procedimientos, guías, manuales, protocolos, formatos, indicadores, etc)",calidad,31/Dic/2025,-,,,,,,,
,,,,,,,,,,,,Implementar el proceso de gestión de los riesgos en la ESE Suroriente,Administrador,31/Mar/2025,-,,,,,,,
Sistema,5,Sistema de Información y Comunicación,Administrador,06/Mar/2025,Abierta,,Dimensión: D3 Gestión para Resultados con Valores. Calificación: 56.89 POLÍTICA 7 Gobierno Digital. Calificación: 48.5 Atributo: Arquitectura empresarial,,Medición del Desempeño Institucional (MDI),Administrador,,Documentar la arquitectura empresarial de la Empresa,Administrador,31/Dic/2025,-,,,31/Dic/2025,0 %,33,,
Sistema,6,SIAU,Administrador,06/Mar/2025,Abierta,,Dimensión: D3 Gestión para Resultados con Valores. Calificación: 56.89 POLÍTICA 7 Gobierno Digital. Calificación: 48.5 Atributo: Cultura y apropiación del gobierno digital,,Medición del Desempeño Institucional (MDI),Administrador,,Ejecutar una estrategia de fomento del uso de los canales digitales de atención a la ciudadanía,Administrador,31/Dic/2025,-,,,31/Dic/2025,0 %,33,,
Sistema,7,Sistema de Información y Comunicación,Administrador,06/Mar/2025,Abierta,,Dimensión: D3 Gestión para Resultados con Valores. Calificación: 56.89 POLÍTICA 7 Gobierno Digital. Calificación: 48.5 Atributo: Estado abierto y transparente,,Medición del Desempeño Institucional (MDI),Administrador,,Formular y ejecutar una campaña de uso y apropiación de la página web de la ESE Sur oriente,Administrador,31/Dic/2025,-,,,31/Dic/2025,0 %,33,,
Sistema,8,Sistema de Información y Comunicación,Administrador,06/Mar/2025,Abierta,,Dimensión: D3 Gestión para Resultados con Valores. Calificación: 56.89 POLÍTICA 7 Gobierno Digital. Calificación: 48.5 Atributo: Gobernanza de datos,,Medición del Desempeño Institucional (MDI),Administrador,,Formular y adoptar la estrategia de seguridad digital,Administrador,31/Dic/2025,-,,,31/Dic/2025,0 %,33,,
Sistema,9,Sistema de Información y Comunicación,Administrador,06/Mar/2025,Abierta,,Dimensión: D3 Gestión para Resultados con Valores. Calificación: 56.89 POLÍTICA 7 Gobierno Digital. Calificación: 48.5 Atributo: Seguridad y Privacidad de la información,,Medición del Desempeño Institucional (MDI),Administrador,,Realizar el inventario de activos de información,Administrador,31/Dic/2025,-,,,31/Dic/2025,0 %,33,,
,,,,,,,,,,,,Formular y adoptar la política de gestión de riesgos de seguridad digital y privacidad de la información,Administrador,31/Dic/2025,-,,,,,,,
,,,,,,,,,,,,Implementar el proceso de gestión de los riesgos de seguridad de la información,Administrador,31/Dic/2025,-,,,,,,,
Sistema,10,Sistema de Información y Comunicación,Administrador,06/Mar/2025,Vencida,,Dimensión: D3 Gestión para Resultados con Valores. Calificación: 56.89 POLÍTICA 7 Gobierno Digital. Calificación: 48.5 Atributo: Servicios Ciudadanos Digitales,,Medición del Desempeño Institucional (MDI),Administrador,,Formular y adoptar la estrategia de fomento del uso de los canales digitales de atención a la ciudadanía,Administrador,30/Jun/2025,-,,,30/Jun/2025,0 %,-150,,
Sistema,11,Gestión de Talento Humano,Administrador,06/Mar/2025,Abierta,,Dimensión: D1 Talento Humano. Calificación: 69.1 POLÍTICA 2 Integridad. Calificación: 66.7 Atributo: Cambio cultural basado en la integridad,,Medición del Desempeño Institucional (MDI),Administrador,,Revisar y actualizar y aprobar el código de integridad (y humanización) de la empresa que incluya el tema relacionado de conflictos de interés,calidad,30/Jun/2025,-,,,31/Dic/2025,0 %,33,,
,,,,,,,,,,,,Formular y ejecutar una estrategia de socialización y sensibilización del código de integridad (y humanización),calidad,31/Dic/2025,-,,,,,,,
,,,,,,,,,,,,Desarrollar herramienta que permita identificar y declarar los conflictos cuando sus intereses personales se enfrenten con intereses propios del servicio público.,calidad,31/Oct/2025,-,,,,,,,
Sistema,12,Sistema de Información y Comunicación,Administrador,06/Mar/2025,Vencida,,Dimensión: D5 Información y Comunicación. Calificación: 63.2 POLÍTICA 16 Gestión Documental. Calificación: 47.5 Atributo: Calidad en la gestión de documentos,,Medición del Desempeño Institucional (MDI),Administrador,,Actualizar el diagnóstico de la gestión documental,Administrador,31/Ago/2025,-,,,31/Ago/2025,0 %,-88,,
,,,,,,,,,,,,Elaborar un diagnóstico de instalaciones y dotación para la adecuada gestión documental,Administrador,31/Ago/2025,-,,,,,,,
Sistema,13,Sistema de Información y Comunicación,Administrador,06/Mar/2025,Abierta,,Dimensión: D5 Información y Comunicación. Calificación: 63.2 POLÍTICA 16 Gestión Documental. Calificación: 47.5 Atributo: Gestión documental como proceso,,Medición del Desempeño Institucional (MDI),Administrador,,Revisar y actualizar la documentación del proceso de gestión documental,calidad,31/Dic/2025,-,,,31/Dic/2025,0 %,33,,
,,,,,,,,,,,,"Elaborar el cronograma de transferencias documentales, primarias y secundarias.",Administrador,30/Jun/2025,-,,,,,,,
,,,,,,,,,,,,"Ejecutar el cronograma de transferencias documentales, primarias y secundarias.",Administrador,31/Dic/2025,-,,,,,,,
,,,,,,,,,,,,Formular y ejecutar el programa de eliminación documental o destrucción física y electrónica de acuerdo a los lineamientos de las herramientas archivísticas.,Administrador,31/Dic/2025,-,,,,,,,
Sistema,14,Sistema de Información y Comunicación,Administrador,06/Mar/2025,Abierta,,Dimensión: D5 Información y Comunicación. Calificación: 63.2 POLÍTICA 16 Gestión Documental. Calificación: 47.5 Atributo: TICS en la gestión documental,,Medición del Desempeño Institucional (MDI),Administrador,,"Elaborar plan de implementación del Sistema de Gestión de documentos electrónicos (no necesariamente software): identificación, digitalización, archivo y conservación",Administrador,31/Dic/2025,-,,,31/Dic/2025,0 %,33,,
Sistema,15,Sistema de Información y Comunicación,Administrador,06/Mar/2025,Abierta,,Dimensión: D6 Gestión del Conocimiento. Calificación: 41.5 POLÍTICA 18 Gestión del Conocimiento. Calificación: 41.5 Atributo: Cultura de gestión del conocimiento y la innovación,,Medición del Desempeño Institucional (MDI),Administrador,,Sensibilizar al personal de la ESE en la apropiación y consulta del repositorio de conocimiento explícito,Administrador,31/Dic/2025,-,,,31/Dic/2025,0 %,33,,
Sistema,16,Sistema de Información y Comunicación,Administrador,06/Mar/2025,Vencida,,Dimensión: D6 Gestión del Conocimiento. Calificación: 41.5 POLÍTICA 18 Gestión del Conocimiento. Calificación: 41.5 Atributo: Generación y producción del conocimiento,,Medición del Desempeño Institucional (MDI),Administrador,,Identificar necesidades clave para la entidad sobre temas como capacitación y analítica institucional para la toma de decisiones,Administrador,31/Dic/2025,-,,,31/Oct/2025,0 %,-27,,
,,,,,,,,,,,,Crear un inventario de ideas de solución a problemas cotidianos de la entidad,Administrador,31/Dic/2025,-,,,,,,,
,,,,,,,,,,,,Documentar estrategias de creación e ideación para generar soluciones efectivas a problemas cotidianos de la entidad,calidad,31/Dic/2025,-,,,,,,,
Sistema,17,Planeación,Administrador,06/Mar/2025,Abierta,,Dimensión: D6 Gestión del Conocimiento. Calificación: 41.5 POLÍTICA 18 Gestión del Conocimiento. Calificación: 41.5 Atributo: Planeación de la gestión del conocimiento y la innovación,,Medición del Desempeño Institucional (MDI),Administrador,,Identificar el conocimiento relevante para el logro de la misionalidad de la entidad,Administrador,31/Oct/2025,-,,,31/Dic/2025,0 %,33,,
,,,,,,,,,,,,"Realizar un inventario de las experiencias, datos e información que generan los procesos misionales",Administrador,31/Dic/2025,-,,,,,,,
,,,,,,,,,,,,Documentar (físico y/o digital) el conocimiento explícito identificado en el inventario,Administrador,31/Dic/2025,-,,,,,,,
,,,,,,,,,,,,Organizar el conocimiento explícito de la entidad en medios físicos y/o digitales,Administrador,31/Dic/2025,-,,,,,,,
,,,,,,,,,,,,Actualizar la metodología de construcción del plan institucional de capacitación,calidad,31/Ago/2025,-,,,,,,,
,,,,,,,,,,,,Evaluar la pertinencia del plan institucional de capacitación de la vigencia 2024,calidad,,-,,,,,,,
,,,,,,,,,,,,Actualizar el plan institucional de capacitación 2025 siguiendo la metodología formulada,calidad,31/Oct/2025,-,,,,,,,
,,,,,,,,,,,,Identificar los riesgos relacionados con la fuga de capital intelectual de la entidad,Administrador,31/Jul/2025,-,,,,,,,
,,,,,,,,,,,,Definir la metodología de transferencia del conocimiento cuando se presenta retiro de personal,Administrador,31/Dic/2025,-,,,,,,,
Sistema,18,Planeación,Administrador,06/Mar/2025,Abierta,,Dimensión: D6 Gestión del Conocimiento. Calificación: 41.5 POLÍTICA 18 Gestión del Conocimiento. Calificación: 41.5 Atributo: Generación y producción del conocimiento,,Medición del Desempeño Institucional (MDI),Administrador,,Crear tres herramientas de analítica y toma de decisiones para la gerencia de la ESE,Administrador,31/Dic/2025,-,,,31/Dic/2025,0 %,33,,
,,,,,,,,,,,,Realizar evaluación de las competencias del talento humano en materia de analítica institucional,Administrador,30/Jun/2025,-,,,,,,,
Sistema,19,Sistema de Información y Comunicación,Administrador,06/Mar/2025,Abierta,,Dimensión: D6 Gestión del Conocimiento. Calificación: 41.5 POLÍTICA 18 Gestión del Conocimiento. Calificación: 41.5 Atributo: Uso y apropiación del conocimiento,,Medición del Desempeño Institucional (MDI),Administrador,,Organizar el conocimiento explícito de la entidad en medios físicos y/o digitales,Administrador,31/Dic/2025,-,,,31/Dic/2025,0 %,33,,
Sistema,1,Planeación,Administrador,05/Mar/2025,Vencida,,Dimensión: D3 Gestión para Resultados con Valores. Calificación: 56.89. POLÍTICA 11: Servicio al ciudadano. Calificación: 46.9. Atributo: Planeación estratégica de servicio y relacionamiento con la ciudadanía ,,Medición del Desempeño Institucional (MDI),Administrador,,Incluir en el plan de desarrollo una línea estratégica de Atención y relacionamiento con el ciudadano ,Administrador,31/Mar/2025,-,,,31/Ago/2025,0 %,-88,,
,,,,,,,,,,,,Formular actividades y metas en el plan de acción para ejecución de la estrategia,Administrador,31/Ago/2025,-,,,,,,,
