num,descripcion,proceso,estandar,fuente,municipio,uas,año,mes,dia
1772.0,"3. El prestador de servicios de salud determina la cantidad necesaria de talento humano requerido para cada uno de los servicios ofertados y prestados, de acuerdo con la capacidad instalada, la relacion entre oferta y demanda, la oportunidad en la prestacion, tiempo de la atencion y el riesgo en la atencion. Este criterio no aplica para el profesional independiente de salud: Cuentan con un documento ""MANUAL DE SUFICIENCIA DE PERSONAL ESE SURORIENTE"" Codigo MA-AP-TH-02 vERSION 2 DE oCTUBRE DE 20...",Gestion de Talento Humano,1. Talento Humano,Visitas de verificacion de la Secretaria de Salud Departamental del Cauca,Santa Rosa,San Juan de Villalobos,2025,3,21
1773.0,"28.1.4. Las areas estan separadas entre si por barrera fisica fija o movil, con excepcion de los consultorios del servicio de urgencias, optometria y oftalmologia, donde no se requiere: En la E.S.E. Empresa Social del Estado del Suroriente. unidad de atencion en salud, San Juan de Villalobos, los consultorios no cuentan con barrera fisica fija o movil. (No biomos ya que generan riesgos de caidas por las extensiones de las patas de soporte).",Gestion de Recursos,2. Infraestructura,Visitas de verificacion de la Secretaria de Salud Departamental del Cauca,Santa Rosa,San Juan de Villalobos,2025,3,21
1774.0,"38. La unidad sanitaria adaptada para personas con movilidad reducida cuenta con: 38.1. Sanitario. 38.2. Lavamanos. 38.3. Dimensiones que permita el desplazamiento del paciente y maniobra en su interior, las puertas tienen un ancho que permite el facil acceso de pacientes en sillas de ruedas: La E.S.E. Empresa Social del Estado del Suroriente. unidad de atencion en salud, San Juan de Villalobos, no cuenta con unidad sanitaria para personas con movilidad reducida. La E.S.E. Empresa Social del Es...",Gestion de Recursos,2. Infraestructura,Visitas de verificacion de la Secretaria de Salud Departamental del Cauca,Santa Rosa,San Juan de Villalobos,2025,3,21
1775.0,"38.4. Puertas corredizas o con apertura hacia el exterior. 38.5. Accesorios que facilite la accesibilidad, movilidad y seguridad del usuario. 38.6. Alarma o sistema de llamado: La E.S.E. Empresa Social del Estado del Suroriente. unidad de atencion en salud, San Juan de Villalobos, no cuenta con unidad sanitaria para personas con movilidad reducida. La E.S.E. Empresa Social del Estado del Suroriente. unidad de atencion en salud, San Juan de Villalobos, no cuenta con unidad sanitaria para persona...",Gestion de Recursos,2. Infraestructura,Visitas de verificacion de la Secretaria de Salud Departamental del Cauca,Santa Rosa,San Juan de Villalobos,2025,3,21
1776.0,"GENERALIDADES DE LAS CONDICIONES DE ORDEN, ASEO, LIMPIEZA Y DESINFECCION: 41. Las condiciones de orden, aseo, limpieza y desinfeccion son evidentes y responden a un proceso dinamico de acuerdo con los servicios prestados: El prestador presenta el Manual de limpieza y desinfeccion Codigo PTA-MI-SG 03 Verson1 fecha 2021. En el cual se evidencia la definidos los elementos de uso para ejecutar la actividad. Se evidencia en el recorrido que se encuentran las areas limpias y en orden. Se recomienda d...",Gestion de Recursos,2. Infraestructura,Visitas de verificacion de la Secretaria de Salud Departamental del Cauca,Santa Rosa,San Juan de Villalobos,2025,3,21
1777.0,"44. En los servicios de cirugia, atencion del parto, ambiente TPR, salas de procedimientos, consultorios donde se realicen procedimientos, servicios de internacion en cuidado basico, intermedio e intensivo, urgencias, dialisis, hemodinamia e intervencionismo, laboratorios, gestion pre transfusional, quimioterapia, consulta odontologica y los ambientes o areas donde se requieran procesos de limpieza y asepsia mas profundos, adicional al criterio anterior, la union entre paredes o muros y el piso,...",Gestion de Recursos,2. Infraestructura,Visitas de verificacion de la Secretaria de Salud Departamental del Cauca,Santa Rosa,San Juan de Villalobos,2025,3,21
1778.0,"45. En los servicios de cirugia, atencion del parto, ambiente TPR y el ambiente de esterilizacion, la union entre cielo raso o techo y la pared o muro y la union entre paredes o muros, debe contar con media cana, evitando la formacion de aristas o de esquinas: La E.S.E. Empresa Social del Estado del Suroriente. unidad de atencion en salud, San Juan de Villalobos, En los servicios de odontologia, salas de procedimientos, consulta odontologica y los ambientes o areas donde se requieran procesos d...",Gestion de Recursos,2. Infraestructura,Visitas de verificacion de la Secretaria de Salud Departamental del Cauca,Santa Rosa,San Juan de Villalobos,2025,3,21
1779.0,"2. El prestador de servicios de salud garantiza las condiciones tecnicas de calidad de los equipos biomedicos, para lo cual cuenta con: 2.1. Programa de mantenimiento preventivo de los equipos biomedicos, que incluya el cumplimiento de las recomendaciones establecidas por el fabricante o de acuerdo con el protocolo de mantenimiento que tenga definido el prestador, este ultimo cuando no este definido por el fabricante: Cuenta con ""Plan de Mantenimiento Hospitalario 2025"" no incluye las recomenda...",Gestion de Recursos,3. Dotacion,Visitas de verificacion de la Secretaria de Salud Departamental del Cauca,Santa Rosa,San Juan de Villalobos,2025,3,21
1780.0,"2.2. Hoja(s) de vida del(los) equipo(s) biomedicos(s), con los registros de los mantenimientos preventivos y correctivos, segun corresponda: Cuenta con hojas de vida de los equipos en las cuales se registra la periodicidad de mantenimiento cuatrimestral, se evidencian reportes de mantenimiento preventivo realizados en noviembre de 2024, algunos equipos como: pulsioximetro, marca: BTL, serie: M017E060723, tensiometro, marca: prestige, serie: 307210, doppler fetal, marca: edan, serie: 304150- M14...",Gestion de Recursos,3. Dotacion,Visitas de verificacion de la Secretaria de Salud Departamental del Cauca,Santa Rosa,San Juan de Villalobos,2025,3,21
1781.0,"3. El prestador de servicios de salud cuenta con un programa de capacitacion en el uso de dispositivos medicos cuando estos lo requieran, el cual puede ser desarrollado por el fabricante, importador o por el mismo prestador: No cuenta con programa de capacitacion en el uso de dispositivos medicos, tampoco se evidencian capacitaciones realizadas.",Gestion de Recursos,3. Dotacion,Visitas de verificacion de la Secretaria de Salud Departamental del Cauca,Santa Rosa,San Juan de Villalobos,2025,3,21
1782.0,4. La dotacion de los servicios de salud esta en concordancia con lo definido por el prestador en el estandar de procesos prioritarios: El prestador no documenta la dotacion segun los procedimientos documentados y verificados en el estandar de procesos prioritarios.,Gestion de Recursos,3. Dotacion,Visitas de verificacion de la Secretaria de Salud Departamental del Cauca,Santa Rosa,San Juan de Villalobos,2025,3,21
1783.0,"5. La suficiencia de equipos biomedicos esta relacionada con la frecuencia de uso de los mismos, incluyendo los tiempos del proceso de esterilizacion, cuando aplique: No cuenta con documento donde se evidencie suficiencia de equipos biomedicos relacionada con la frecuencia de uso de los mismos.",Gestion de Recursos,3. Dotacion,Visitas de verificacion de la Secretaria de Salud Departamental del Cauca,Santa Rosa,San Juan de Villalobos,2025,3,21
1784.0,"16. Adicional a los criterios enunciados del presente estandar, que le apliquen, el prestador de servicios de salud cuenta con: 16.1. Sistemas de telecomunicaciones de doble via: No cuenta con sistemas de telecomunicaciones de doble via.",Gestion de Recursos,3. Dotacion,Visitas de verificacion de la Secretaria de Salud Departamental del Cauca,Santa Rosa,San Juan de Villalobos,2025,3,21
1785.0,"2.3. Serie (cuando aplique): Cuenta con documento en Excel ""kardex medico San Juan de Villalobos"" no se evidencia este item.",Gestion de Recursos,"4. Medicamentos, dispositivos medicos e insumos",Visitas de verificacion de la Secretaria de Salud Departamental del Cauca,Santa Rosa,San Juan de Villalobos,2025,3,21
1786.0,"2.7. Vida util, cuando aplique: Cuenta con documento en Excel ""kardex medico San Juan de Villalobos"" no se evidencia este item.",Gestion de Recursos,"4. Medicamentos, dispositivos medicos e insumos",Visitas de verificacion de la Secretaria de Salud Departamental del Cauca,Santa Rosa,San Juan de Villalobos,2025,3,21
1787.0,"4.5. Almacenamiento: Cuenta con ""procedimiento para el almacenamiento y conservacion de medicamentos, dispositivos medicos e insumos"" con codigo PR-MI-FA-3, donde se evidencia la documentacion de proceso para este item, pero este proceso no se lleva a cabo de acuerdo a lo documentado.",Gestion de Recursos,"4. Medicamentos, dispositivos medicos e insumos",Visitas de verificacion de la Secretaria de Salud Departamental del Cauca,Santa Rosa,San Juan de Villalobos,2025,3,21
1788.0,"4.7. Control de fechas de vencimiento: Cuenta con ""procedimiento para el almacenamiento y conservacion de medicamentos, dispositivos medicos e insumos"" con codigo PR-MI-FA-3, donde se evidencia la documentacion de proceso para este item, pero este proceso no se lleva a cabo de acuerdo a lo documentado.",Gestion de Recursos,"4. Medicamentos, dispositivos medicos e insumos",Visitas de verificacion de la Secretaria de Salud Departamental del Cauca,Santa Rosa,San Juan de Villalobos,2025,3,21
1789.0,"4.12. Disposicion final: Cuenta con ""procedimiento para el almacenamiento y conservacion de medicamentos, dispositivos medicos e insumos"" con codigo PR-MI-FA-3, no se evidencia la documentacion de proceso para este item.",Gestion de Recursos,"4. Medicamentos, dispositivos medicos e insumos",Visitas de verificacion de la Secretaria de Salud Departamental del Cauca,Santa Rosa,San Juan de Villalobos,2025,3,21
1790.0,"6. El prestador de servicios de salud cuenta con informacion documentada de la planeacion y ejecucion de los programas de farmacovigilancia, tecnovigilancia y reactivovigilancia, que garanticen el seguimiento al uso de medicamentos, dispositivos medicos (incluidos los sobre medida) y reactivos de diagnostico in vitro, cuando aplique: Cuenta con ""programa de farmacovigilancia"" con codigo MA-MI-FA-01, no se evidencia codigo de inscripcion, no se evidencia capacitaciones. Se aplica herramienta del...",Gestion de Recursos,"4. Medicamentos, dispositivos medicos e insumos",Visitas de verificacion de la Secretaria de Salud Departamental del Cauca,Santa Rosa,San Juan de Villalobos,2025,3,21
1791.0,"7. El prestador de servicios de salud que cuente con reservas de medicamentos, homeopaticos, fitoterapeuticos, medicamentos biologicos, componentes anatomicos, dispositivos medicos (incluidos los sobre medida), reactivos de diagnostico in vitro, y demas insumos asistenciales, debe garantizar que se almacenen en condiciones apropiadas de temperatura, humedad, ventilacion, segregacion y seguridad de acuerdo con las condiciones definidas por el fabricante o el banco del componente anatomico, segun ...",Gestion de Recursos,"4. Medicamentos, dispositivos medicos e insumos",Visitas de verificacion de la Secretaria de Salud Departamental del Cauca,Santa Rosa,San Juan de Villalobos,2025,3,21
1792.0,"9. La suficiencia de dispositivos medicos esta relacionada con la frecuencia de uso de los mismos, incluyendo los tiempos del proceso de esterilizacion, cuando aplique.: No cuenta con documento donde se evidencie suficiencia de los dispositivos medicos relacionada con la frecuencia de uso de los mismos.",Gestion de Recursos,"4. Medicamentos, dispositivos medicos e insumos",Visitas de verificacion de la Secretaria de Salud Departamental del Cauca,Santa Rosa,San Juan de Villalobos,2025,3,21
1793.0,"10. El prestador de servicios de salud cuenta con paquete para el manejo de derrames y rupturas de medicamentos, ubicado en un lugar de facil acceso, visible y con adecuada senalizacion, disponible para su uso en los servicios y ambientes donde se requieran. El prestador de servicios de salud define su contenido de acuerdo con los medicamentos utilizados y lo sugerido por el fabricante en las fichas tecnicas: Cuenta con paquete para el manejo de derrames y rupturas de medicamentos, ubicado en u...",Gestion de Recursos,"4. Medicamentos, dispositivos medicos e insumos",Visitas de verificacion de la Secretaria de Salud Departamental del Cauca,Santa Rosa,San Juan de Villalobos,2025,3,21
1794.0,16.1. Dispositivos medicos e insumos asistenciales segun la patologia del paciente o eventos de interes en salud publica cuando se requiera: El prestador no documenta los dispositivos medicos e insumos segun la patologia del paciente en el estandar de procesos prioritarios.,Gestion de Recursos,"4. Medicamentos, dispositivos medicos e insumos",Visitas de verificacion de la Secretaria de Salud Departamental del Cauca,Santa Rosa,San Juan de Villalobos,2025,3,21
1795.0,"16.2. Medicamentos de acuerdo con inventario establecido por el prestador acorde a lo documentado en sus procesos prioritarios, cuando se requiera: El prestador no documenta los dispositivos medicos e insumos segun la patologia del paciente en el estandar de procesos prioritarios.",Gestion de Recursos,"4. Medicamentos, dispositivos medicos e insumos",Visitas de verificacion de la Secretaria de Salud Departamental del Cauca,Santa Rosa,San Juan de Villalobos,2025,3,21
1796.0,"3. El prestador de servicios de salud cuenta con un comite o instancia que orienta y promueve la politica de seguridad del paciente, el control de infecciones y la optimizacion del uso de antibioticos, cuando los prescriba o administre. En el caso de profesionales independientes de salud podra ser el mismo prestador: La ESE presenta documento acta de reunion del actualizacion del personal a carrgo del comite de seguridad del paciente del 16 de febrero de 2024 donde establece que se reuniran de ...",Misionales,5. Procesos Prioritarios,Visitas de verificacion de la Secretaria de Salud Departamental del Cauca,Santa Rosa,San Juan de Villalobos,2025,3,21
1797.0,"4. El prestador de servicios de salud adopta y realiza las siguientes practicas seguras, segun aplique a su servicio de salud y cuenta con informacion documentada para: 4.1. Asegurar la correcta identificacion del paciente en los procesos asistenciales. (que incluya como minimo dos identificadores: nombre completo y numero de identificacion): La ese presenta documento MA-MI-HO-01 identificacion del usuario, el cual tiene como objetivo definir las actividades para la correcta identificacion del ...",Misionales,5. Procesos Prioritarios,Visitas de verificacion de la Secretaria de Salud Departamental del Cauca,Santa Rosa,San Juan de Villalobos,2025,3,21
1798.0,"4.3. Detectar, prevenir y reducir infecciones asociadas con la atencion en salud (que incluya protocolo de higiene de manos o higienizacion con soluciones a base de alcohol). La ESE presenta documento PT-ES-CA-03 protocolo de lavado de manos el cual tiene como objetivo obtener una disminucion significativa en la flora residente y eliminar completamente la flora transitoria se establecen los tipos de lavados de manos, los momentos pero no se menciona los materiales e insumos requeridos para dich...",Misionales,5. Procesos Prioritarios,Visitas de verificacion de la Secretaria de Salud Departamental del Cauca,Santa Rosa,San Juan de Villalobos,2025,3,21
1799.0,"4.4. Detectar, analizar y gestionar eventos adversos: La ESE presenta documento PT-ES-CA-01 protocolo de Londres eventos adverso mediante el cual se establece la metodologia para el analisis de los eventos adversos, adicionalmente se cuenta con documento PR-ES-CA-01 gestion del evento adverso el cual establece que para la identificacion de los eventos se revisara diariamente el programa gema, revision diaria de los eventos reportados, depurar los eventos registrados, entregar a cada lider asist...",Misionales,5. Procesos Prioritarios,Visitas de verificacion de la Secretaria de Salud Departamental del Cauca,Santa Rosa,San Juan de Villalobos,2025,3,21
1800.0,"4.6. Mejorar la seguridad en la utilizacion de medicamentos, en los servicios donde aplique: La ESE presenta documento PT-MI-UR-01 administracion de medicamentos el cual tiene como objetivo estandarizar la administracion de medicamentos en el proceso de atencion en dicho documento se establece que el inicio de este procedimiento inicia con la formulacion por parte del personal medico, posteriormente se realiza bajo los 10 correctos la administracion de dicho medicamento se debe rotular con el n...",Misionales,5. Procesos Prioritarios,Visitas de verificacion de la Secretaria de Salud Departamental del Cauca,Santa Rosa,San Juan de Villalobos,2025,3,21
1801.0,"4.7. Prevenir y reducir la frecuencia de caidas, en los servicios donde aplique: La ese cuenta con documento PT-ES-CA-06 protocolo para la prevencion de caidas de pacientes el cual tiene como objetivo estandarizar acciones de prevencion para disminuir el riesgo de caidas mediante acciones tales como mobiliario adecuado, camilla con barandas elevadas y con freno de seguridad, condiciones de orden y aseo, aplicacion de escala de DOWNTON, se verifica socializacion el 28-10-2024. El prestador en el...",Misionales,5. Procesos Prioritarios,Visitas de verificacion de la Secretaria de Salud Departamental del Cauca,Santa Rosa,San Juan de Villalobos,2025,3,21
1802.0,5. El prestador de servicios de salud promueve la cultura de seguridad del paciente que involucra a todo el personal de manera sistematica con un enfoque educativo no punitivo mediante:5.2. Actividades donde se ilustra al paciente y sus allegados en el autocuidado de su seguridad: La ESE presenta documento PT-MI-HO-01 protocolo autocuidado paciente y sus cuidadores el cual tiene como objetivo desarrollar y fortalecer el conocimiento tecnico en el autocuidado para la aplicacion de practicas segu...,Misionales,5. Procesos Prioritarios,Visitas de verificacion de la Secretaria de Salud Departamental del Cauca,Santa Rosa,San Juan de Villalobos,2025,3,21
1803.0,"6. El prestador de servicios de salud cuenta con informacion documentada de las actividades y procedimientos que se realizan en el servicio acordes con su objeto, alcance y enfoque diferencial, mediante guias de practica clinica- GPC, procedimientos de atencion, protocolos de atencion y otros documentos que el prestador de servicios de salud determine, dicha informacion incluye talento humano, equipos biomedicos, medicamentos y dispositivos medicos e insumos requeridos: La ESE presenta las sigu...",Misionales,5. Procesos Prioritarios,Visitas de verificacion de la Secretaria de Salud Departamental del Cauca,Santa Rosa,San Juan de Villalobos,2025,3,21
1804.0,"10. El prestador de servicios de salud cuenta con informacion documentada de la adopcion, o adaptacion o desarrollo de guias practica clinica o protocolos basados en evidencia cientifica: No se cuenta con la informacion documentada.",Misionales,5. Procesos Prioritarios,Visitas de verificacion de la Secretaria de Salud Departamental del Cauca,Santa Rosa,San Juan de Villalobos,2025,3,21
1805.0,"12. El prestador de servicios de salud cuenta con la siguiente informacion documentada:12.2. Aseo, limpieza y desinfeccion de areas y superficies: El prestador presenta el Manual de limpieza y desinfeccion Codigo PTA-MI-SG 03 Verson1 fecha 2021. En el cual se evidencia la definidos los elementos de uso para ejecutar la actividad. Se evidencia en el recorrido que se encuentran las areas limpias y en orden. Se recomienda definir las actividades de limpieza y desinfeccion en los servicio de alta r...",Misionales,5. Procesos Prioritarios,Visitas de verificacion de la Secretaria de Salud Departamental del Cauca,Santa Rosa,San Juan de Villalobos,2025,3,21
1806.0,"12.4. Acciones para prevenir las flebitis infecciosas, quimicas y mecanicas en los servicios donde se realicen procedimientos de venopuncion: Se encuentra documentado ADMINISTRACION DE MEDICAMENTOS PT-MI-UR-01 Codigo 2 fecha marzo del 2019. Cuenta con acciones preventivas para las flebitis, se verifica socializacion sin embargo el prestador no presenta soportes de socializacion al personal.",Misionales,5. Procesos Prioritarios,Visitas de verificacion de la Secretaria de Salud Departamental del Cauca,Santa Rosa,San Juan de Villalobos,2025,3,21
1807.0,"12.6. Descontaminacion por derrames de sangre u otros fluidos corporales: Cuenta con un MANUAL CONTROL DE DERRAME DE FLUIDOS CORPORALES Codigo MA -MI-SG02 Version 2 Fecha Abril 2021, se verifica no cuenta con socializacion, no contiene descripcion del contenido del kit de derrames ni el talento humano responsable de ejecutar dicha actividad, personal no adherente.",Misionales,5. Procesos Prioritarios,Visitas de verificacion de la Secretaria de Salud Departamental del Cauca,Santa Rosa,San Juan de Villalobos,2025,3,21
1808.0,"13.1. Buenas practicas de esterilizacion de acuerdo con los procedimientos y tecnicas que se utilicen, que describa como minimo los siguientes aspectos: 13.1.1. Recibo de productos contaminados y entrega de material esteril: Cuentan con manual de buenas practicas de esterilizacion, limpieza y desinfeccion. Codigo: MAES-CA-02 Version 02 2019 en el cual no se evidencia el manejo de los aspectos de transporte, lubricacion, empaque, etiquetado, verificacion de la integridad del material esteril ni ...",Misionales,5. Procesos Prioritarios,Visitas de verificacion de la Secretaria de Salud Departamental del Cauca,Santa Rosa,San Juan de Villalobos,2025,3,21
1809.0,"13.1.2. Transporte. 13.1.3. Lavado, secado y lubricacion. 13.1.4. Empaque. 13.1.5. Etiquetado: Deben documentarlo en el manual de esterilizacion.",Misionales,5. Procesos Prioritarios,Visitas de verificacion de la Secretaria de Salud Departamental del Cauca,Santa Rosa,San Juan de Villalobos,2025,3,21
1810.0,"13.1.8. Verificacion de la integridad del material esteril. 13.1.9. Control de calidad que incluya el analisis de los reportes de dicho control, para la toma de medidas preventivas y correctivas: Deben documentarlo en el manual de esterilizacion.",Misionales,5. Procesos Prioritarios,Visitas de verificacion de la Secretaria de Salud Departamental del Cauca,Santa Rosa,San Juan de Villalobos,2025,3,21
1811.0,"15. Los prestadores de servicios de salud tienen definidos procedimientos que garanticen el cumplimiento del no reuso de dispositivos medicos cuando el fabricante asi lo haya establecido: Se evidencia 3 procedimientos de no reuso de dispositivos medicos, los cuales no describen el procedimiento realizado en el punto de atencion. El documento debe ser revisado y describirlo de acuerdo a los servicios habilitados y los dispositivos utilizados.",Misionales,5. Procesos Prioritarios,Visitas de verificacion de la Secretaria de Salud Departamental del Cauca,Santa Rosa,San Juan de Villalobos,2025,3,21
1812.0,"16. Hasta tanto el Ministerio de Salud y Proteccion Social regule la materia, el prestador de servicios de salud podra reusar dispositivos medicos, siempre y cuando el fabricante de dichos dispositivos autorice su reuso. En tal caso, el prestador de servicios de salud cuenta con informacion documentada que defina: 16.1. Los procedimientos, siguiendo las recomendaciones del fabricante, para el reprocesamiento y control de calidad que demuestren la eficacia, desempeno y esterilidad del producto: ...",Misionales,5. Procesos Prioritarios,Visitas de verificacion de la Secretaria de Salud Departamental del Cauca,Santa Rosa,San Juan de Villalobos,2025,3,21
1813.0,"16.2. Acciones de seguimiento a traves de los comites de infecciones, de seguridad del paciente y del programa de tecnovigilancia, que garanticen que el dispositivo no ha perdido la eficacia y desempeno para el cual fue disenado, ni exponga al riesgo de infecciones o complicaciones al usuario: Al momento de la verificacion se evidencia el acto administratico donde implementan los comites institucionales mediante la resolucion 128 de 2018 la cual se encuentra firmada, en el punto de atencion no ...",Misionales,5. Procesos Prioritarios,Visitas de verificacion de la Secretaria de Salud Departamental del Cauca,Santa Rosa,San Juan de Villalobos,2025,3,21
1814.0,"17.3. Lista de chequeo de los documentos necesarios para el traslado que incluya:17.3.4. Mecanismos tecnologicos que le permitan realizar el proceso (software, correo, entre otros): No se puede evidenciar en el momento de la verificacion.",Misionales,5. Procesos Prioritarios,Visitas de verificacion de la Secretaria de Salud Departamental del Cauca,Santa Rosa,San Juan de Villalobos,2025,3,21
1815.0,"20. La Institucion Prestadora de Servicios de Salud que cuente con servicios de salud de los grupos de consulta externa,internacion o el servicio de urgencias, cuenta con:21. El Profesional Independiente de Salud y las Entidades con Objeto Social Diferente que oferten y presten servicios de salud de los grupos de consulta externa y los prestadores de servicios de salud de Transporte Especial de Pacientes cuentan con documento del proceso que orienta la atencion en salud de las victimas de violen...",Misionales,5. Procesos Prioritarios,Visitas de verificacion de la Secretaria de Salud Departamental del Cauca,Santa Rosa,San Juan de Villalobos,2025,3,21
1816.0,"23. Los prestadores de servicios de salud cuentan con informacion documentada de las condiciones de almacenamiento, conservacion, control de fechas de vencimiento, uso y custodia de los medicamentos, dispositivos medicos e insumos contenidos en los kits de derrames de medicamentos, ataque con agentes quimicos y de violencias sexuales, segun su contenido: No se cuenta documentado las condiciones de almacenamiento, conservacion, control de fechas de vencimiento, uso y custodia de los medicamentos...",Misionales,5. Procesos Prioritarios,Visitas de verificacion de la Secretaria de Salud Departamental del Cauca,Santa Rosa,San Juan de Villalobos,2025,3,21
1817.0,"27. Cuando el prestador de servicios de salud realice ""pruebas en el punto de atencion del paciente - (Point of Care Testing - POCT)"" en un servicio habilitado cuenta con: 27.1. Informacion documentada sobre la toma, procesamiento, control de calidad y entrega de resultados: En el momento de la verificacion no se evidencia documentado.",Misionales,5. Procesos Prioritarios,Visitas de verificacion de la Secretaria de Salud Departamental del Cauca,Santa Rosa,San Juan de Villalobos,2025,3,21
1818.0,"27.2. Controles de calidad realizados por un servicio de laboratorio clinico que puede ser propio o contratado para tal fin, cuando aplique, de acuerdo a las especificaciones del fabricante: En el momento de la verificacion no se evidencia documentado.",Misionales,5. Procesos Prioritarios,Visitas de verificacion de la Secretaria de Salud Departamental del Cauca,Santa Rosa,San Juan de Villalobos,2025,3,21
1819.0,27.3. Analisis de los reportes del control de calidad y toma de medidas preventivas y correctivas: En el momento de la verificacion no se evidencia documentado.,Misionales,5. Procesos Prioritarios,Visitas de verificacion de la Secretaria de Salud Departamental del Cauca,Santa Rosa,San Juan de Villalobos,2025,3,21
1820.0,"28. Orientacion a los usuarios sobre las condiciones, requisitos y restricciones de acceso, permanencia y salida del vehiculo, en condiciones de rutina o en condiciones de emergencia, a cargo del conductor del vehiculo y el talento humano en salud: El prestador cuenta documentado PT-MICE-25 Version 2 fecha 2019 Salidas de extramurales no cuenta con todas las especificos que se requieren en la normatividad vigente.",Misionales,5. Procesos Prioritarios,Visitas de verificacion de la Secretaria de Salud Departamental del Cauca,Santa Rosa,San Juan de Villalobos,2025,3,21
1821.0,29. Mecanismos que garanticen comunicacion para el seguimiento de los pacientes que lo requieran: El prestador cuenta documentado PT-MICE-25 Version 2 fecha 2019 Salidas de extramurales no cuenta con todas las especificos que se requieren en la normatividad vigente.,Misionales,5. Procesos Prioritarios,Visitas de verificacion de la Secretaria de Salud Departamental del Cauca,Santa Rosa,San Juan de Villalobos,2025,3,21
1822.0,"30. Mecanismos de supervision de las actividades realizadas en el marco de los eventos de interes en salud publica, cuando aplique: El prestador cuenta documentado PT-MICE-25 Version 2 fecha 2019 Salidas de extramurales no cuenta con todas las especificos que se requieren en la normatividad vigente.",Misionales,5. Procesos Prioritarios,Visitas de verificacion de la Secretaria de Salud Departamental del Cauca,Santa Rosa,San Juan de Villalobos,2025,3,21
1823.0,"3. Los medios electronicos para la gestion de la historia clinica garantizan la confidencialidad y seguridad, asi como el caracter permanente de registrar en esta y en otros registros asistenciales, sin que se puedan modificar los datos una vez se guarden los registros: El proveedor dispone del documento institucional titulado Protocolo de Uso y Custodia de los Registros de la Historia Clinica, con codigo PL-AP-GD-08, fechado en el ano 2023. Sin embargo, al utilizar el sistema electronico, el p...",Misionales,6. Historia clinica y registros,Visitas de verificacion de la Secretaria de Salud Departamental del Cauca,Santa Rosa,San Juan de Villalobos,2025,3,21
1824.0,"5. La historia clinica y los registros asistenciales se diligencian en forma clara, legible, sin tachones, enmendaduras, intercalaciones, sin dejar espacios en blanco y sin utilizar siglas: El prestador presenta registros de manera fisica donde se evidencian espacios en blanco, adicional a ello el prestador presenta una etapa de transicion donde se encuentra en cambio de sistema de registros de historia clinica y no se evidencian registros de manera digital.",Misionales,6. Historia clinica y registros,Visitas de verificacion de la Secretaria de Salud Departamental del Cauca,Santa Rosa,San Juan de Villalobos,2025,3,21
1825.0,"8. La historia clinica y demas registros son conservados en archivo unico garantizando la custodia y confidencialidad de los documentos o registros protegidos legalmente por reserva: ""El prestador mantiene registros de historia clinica de manera fisica en donde no se garantiza la custodia ni la confidencialidad de los documentos o registros protegidos por reserva legal. Se observa que el prestador esta en proceso de transicion hacia el sistema digital de historia clinica, utilizando el sistema ...",Misionales,6. Historia clinica y registros,Visitas de verificacion de la Secretaria de Salud Departamental del Cauca,Santa Rosa,San Juan de Villalobos,2025,3,21
1826.0,"9. El prestador de servicios de salud cuenta con un procedimiento de consentimiento informado que incluye mecanismos para verificar su aplicacion, para que el paciente o usuario o su responsable aprueben o no documentalmente el procedimiento e intervencion en salud a que va a ser sometido, previa informacion de los beneficios, riesgos, alternativas e implicaciones del acto asistencial: Se evidencia que el prestador de servicios de salud cuenta con un Manual de Consentimiento Informado que inclu...",Misionales,6. Historia clinica y registros,Visitas de verificacion de la Secretaria de Salud Departamental del Cauca,Santa Rosa,San Juan de Villalobos,2025,3,21
1827.0,"11. Cuenta con los siguientes registros, cuando los prestadores de servicios de salud realicen el proceso de esterilizacion dentro del servicio y fuera de centrales de esterilizacion: 11.1. Actividades documentadas y realizadas en el procedimiento de reuso de dispositivos medicos acorde con las recomendaciones del fabricante, incluyendo el numero de reusos por cada dispositivo esterilizado: El prestador cuenta con documento "" politica reuso de dispositivos en odontologia y no reuso en dispositi...",Misionales,6. Historia clinica y registros,Visitas de verificacion de la Secretaria de Salud Departamental del Cauca,Santa Rosa,San Juan de Villalobos,2025,3,21
1828.0,11.2. Registro de crgas: No se evidencia descrito registro de que se esteriliza en cada carga.,Misionales,6. Historia clinica y registros,Visitas de verificacion de la Secretaria de Salud Departamental del Cauca,Santa Rosa,San Juan de Villalobos,2025,3,21
1829.0,11.3. Resultados del control de calidad: No se evidencian resultados del control de calidad.,Misionales,6. Historia clinica y registros,Visitas de verificacion de la Secretaria de Salud Departamental del Cauca,Santa Rosa,San Juan de Villalobos,2025,3,21
1830.0,11.4. Listas del contenido de los paquetes que se esterilizan: No se evidencia descrito listas del contenido de los paquetes que se esterilizan.,Misionales,6. Historia clinica y registros,Visitas de verificacion de la Secretaria de Salud Departamental del Cauca,Santa Rosa,San Juan de Villalobos,2025,3,21
1831.0,11.5. Etiquetado de cada paquete que permita la trazabilidad de la esterilizacion: No se evidencia etiquetado de cada paquete que permita la trazabilidad de la esterilizacion.,Misionales,6. Historia clinica y registros,Visitas de verificacion de la Secretaria de Salud Departamental del Cauca,Santa Rosa,San Juan de Villalobos,2025,3,21
1832.0,"10.2. Minimo una (1) unidad sanitaria de uso mixto, apta para personas con movilidad reducida cuando el prestador cuente con hasta dos consultorios o ambientes de entrevista: La E.S.E. Empresa Social del Estado del Suroriente. unidad de atencion en salud, San Juan de Villalobos, no cuenta con unidad sanitaria de uso mixto apta para personas con movilidad reducida.",Gestion de Recursos,2. Infraestructura,Visitas de verificacion de la Secretaria de Salud Departamental del Cauca,Santa Rosa,San Juan de Villalobos,2025,3,21
1833.0,24.3. Equipo de organos de los sentidos: No cuenta con equipo de organo.,Gestion de Recursos,3. Dotacion,Visitas de verificacion de la Secretaria de Salud Departamental del Cauca,Santa Rosa,San Juan de Villalobos,2025,3,21
1834.0,24.6. Martillo de reflejos: No cuenta con martillo de reflejos.,Gestion de Recursos,3. Dotacion,Visitas de verificacion de la Secretaria de Salud Departamental del Cauca,Santa Rosa,San Juan de Villalobos,2025,3,21
1835.0,24.8. Cinta metrica: No cuenta con cinta metrica.,Gestion de Recursos,3. Dotacion,Visitas de verificacion de la Secretaria de Salud Departamental del Cauca,Santa Rosa,San Juan de Villalobos,2025,3,21
1836.0,"24.9. Bascula grado medico o pesa bebe, segun la oferta del servicio: No cuenta con grado medico.",Gestion de Recursos,3. Dotacion,Visitas de verificacion de la Secretaria de Salud Departamental del Cauca,Santa Rosa,San Juan de Villalobos,2025,3,21
1837.0,"25. El prestador de servicios de salud cuenta con la dotacion necesaria para realizar los procedimientos documentados en el estandar de procesos prioritarios: Cuenta con documento ""salida extramural"" donde de describen los equipos que utilizan para las jordanas extramurales, pero al momento de verificar no se evidencian todos los equipos.",Gestion de Recursos,3. Dotacion,Visitas de verificacion de la Secretaria de Salud Departamental del Cauca,Santa Rosa,San Juan de Villalobos,2025,3,21
1838.0,"MODALIDADES INTRAMURAL, EXTRAMURAL UNIDAD MOVIL, JORNADA DE SALUD Y DOMICILIARIA 32. Cumple con los criterios que le sean aplicables de todos los servicios: No cumple con todos los criterios que sean aplicables a todos los servicios.",Gestion de Recursos,"4. Medicamentos, dispositivos medicos e insumos",Visitas de verificacion de la Secretaria de Salud Departamental del Cauca,Santa Rosa,San Juan de Villalobos,2025,3,21
1839.0,"35. Cumple con los criterios que le sean aplicables de todos los servicios y adicionalmente cuando se realicen procedimientos. cuenta con la siguiente informacion documentada: 35.1. Procedimientos que se pueden realizar, incluyendo aquellos que requieran anestesia local y no impliquen anestesia regional ni general: Cuentan listado de procedimiento que ejecutan por el personal medico, los cuales son retiro de insercion de implante subdermico, lavado de oidos, suturas, lavado de ocular, sonda ves...",Gestion de Recursos,5. Procesos Prioritarios,Visitas de verificacion de la Secretaria de Salud Departamental del Cauca,Santa Rosa,San Juan de Villalobos,2025,3,21
1840.0,35.2. Informacion al paciente sobre: Los documentos presentados por el prestador no cuentan con todas la especificaciones solicitadas.,Gestion de Recursos,5. Procesos Prioritarios,Visitas de verificacion de la Secretaria de Salud Departamental del Cauca,Santa Rosa,San Juan de Villalobos,2025,3,21
1841.0,35.2.1. Preparacion. 35.2.2. Recomendaciones post procedimiento35.2.3. Controles.35.2.4. Posibles complicaciones: Los documentos presentados por el prestador no cuentan con todas la especificaciones solicitadas.,Gestion de Recursos,5. Procesos Prioritarios,Visitas de verificacion de la Secretaria de Salud Departamental del Cauca,Santa Rosa,San Juan de Villalobos,2025,3,21
1842.0,"23. El consultorio odontologico cuenta con: 23.1. Unidad odontologica fija: En visita de verificacion se evidencia que la unidad odontologica cuenta con oxido, ademas no cuenta con presion para la salida de agua.",Gestion de Recursos,3. Dotacion,Visitas de verificacion de la Secretaria de Salud Departamental del Cauca,Santa Rosa,San Juan de Villalobos,2025,3,21
1843.0,23.3. Negatoscopio cuando se requiera o sistema de visualizacion segun la tecnologia utilizada por el prestador: No cuenta con sistema de visualizacion.,Gestion de Recursos,3. Dotacion,Visitas de verificacion de la Secretaria de Salud Departamental del Cauca,Santa Rosa,San Juan de Villalobos,2025,3,21
1844.0,26.2. Lampara de fotocurado o amalgamador segun la oferta del servicio: No cuenta con Lampara de fotocurado o amalgamador.,Gestion de Recursos,3. Dotacion,Visitas de verificacion de la Secretaria de Salud Departamental del Cauca,Santa Rosa,San Juan de Villalobos,2025,3,21
1845.0,26.3. Negatoscopio cuando se requiera o sistema de visualizacion segun la tecnologla utilizada por el prestador: No cuenta con negatoscopio o sistema de visualizacion.,Gestion de Recursos,3. Dotacion,Visitas de verificacion de la Secretaria de Salud Departamental del Cauca,Santa Rosa,San Juan de Villalobos,2025,3,21
1846.0,27. Cumple con los criterios que le sean aplicables de todos los servicios: No cumple con todos los criterios que sean aplicables a todos los servicios.,Gestion de Recursos,3. Dotacion,Visitas de verificacion de la Secretaria de Salud Departamental del Cauca,Santa Rosa,San Juan de Villalobos,2025,3,21
1847.0,"MODALIDADES INTRAMURAL, EXTRAMURAL UNIDAD MOVIL, JORNADA DE SALUD Y DOMICILIARIA 32. Cumple con los criterios que le sean aplicables de todos los servicios: No cumple con todos los criterios que sean aplicables a todos los servicios.",Gestion de Recursos,5. Procesos Prioritarios,Visitas de verificacion de la Secretaria de Salud Departamental del Cauca,Santa Rosa,San Juan de Villalobos,2025,3,21
1848.0,"35.1. Procedimientos que se pueden realizar, incluyendo aquellos que requieran anestesia local y no impliquen anestesia regional ni general: El prestador cuenta con documento "" procedimiento anestesia odontologica con codigo PT-MIOD-29 version 1 del ano 2024 "", se recomienda realizar la socializacion del documento con el personal del area y su medicion de adherencia.",Misionales,5. Procesos Prioritarios,Visitas de verificacion de la Secretaria de Salud Departamental del Cauca,Santa Rosa,San Juan de Villalobos,2025,3,21
1849.0,"35.2. Informacion al paciente sobre: 35.2.1. Preparacion. 35.2.2. Recomendaciones post procedimiento. 35.2.3. Controles: El prestador cuenta con documento "" procedimiento anestesia odontologica con codigo PT-MIOD-29 version 1 del ano 2024"", No se evidencia socializacion ni medicion de adherencia al documento institucional.",Misionales,5. Procesos Prioritarios,Visitas de verificacion de la Secretaria de Salud Departamental del Cauca,Santa Rosa,San Juan de Villalobos,2025,3,21
1850.0,"MODALIDADES INTRAMURAL, EXTRAMURAL UNIDAD MOVIL, JORNADA DE SALUD Y DOMICILIARIA 41. Cumple con los criterios que le sean aplicables de todos los servicios: EL prestador no cumple con los criterios que sean aplicables a todo los servicios.",Misionales,6. Historia clinica y registros,Visitas de verificacion de la Secretaria de Salud Departamental del Cauca,Santa Rosa,San Juan de Villalobos,2025,3,21
1647.0,"6. El talento humano en salud de los servicios de atencion del parto, cuidado intensivo y cuidado intermedio neonatal, pediatrico y adultos, cuentan con constancia de asistencia en las acciones de formacion continua para la gestion del duelo. No todo el talento humano del servicio de atencion del parto cuenta con constancia de asistencia en las acciones de formacion continua para la gestion del duelo.",Gestion de Talento Humano,1. Talento Humano,Visitas de verificacion de la Secretaria de Salud Departamental del Cauca,Almaguer,Almaguer,2025,3,13
1648.0,"8. Los profesionales de la medicina de los servicios de hospitalizacion de baja, mediana y alta complejidad, hospitalizacion paciente cronico con y sin ventilador, cuidados intensivos neonatales, pediatricos y adultos; urgencias y servicios del grupo quirurgico en modalidad intramural, cuentan con certificacion vigente de aprobacion de la evaluacion de competencias esenciales para el cuidado de la donante expedida por el Instituto Nacional de Salud. No todo el talento humano cuenta con c...",Gestion de Talento Humano,1. Talento Humano,Visitas de verificacion de la Secretaria de Salud Departamental del Cauca,Almaguer,Almaguer,2025,3,13
1649.0,"9.Las Instituciones Prestadoras de Servicios de Salud con servicios de cuidado intensivo pediatrico y adulto que adicionalmente habiliten el servicio quirurgico de neurocirugia, tienen disponibilidad de coordinador operativo detrasplantes. No aplica, el prestador no oferta los servicios de cuidado intensivo pediatrico y adulto, ni el servicio quirurgico de neurocirugia",Gestion de Talento Humano,1. Talento Humano,Visitas de verificacion de la Secretaria de Salud Departamental del Cauca,Almaguer,Almaguer,2025,3,13
1650.0,"10. El talento humano en salud de los servicios de salud de los grupos de consulta externa, internacion y el servicio de urgencias, cuentan con constancia de asistencia en las acciones de formacion continua en la atencion integral en salud de las personas victimas de violencia sexual. No todo el personal servicios de salud de los grupos de consulta externa, internacion y el servicio de urgencias, cuentan con constancia de asistencia en las acciones de formacion continua en la atencion integra...",Gestion de Talento Humano,1. Talento Humano,Visitas de verificacion de la Secretaria de Salud Departamental del Cauca,Almaguer,Almaguer,2025,3,13
1651.0,"11. El talento humano en salud de los servicios de transporte asistencial, atencion prehospitalaria y urgencias, cuentan con constancia de asistencia en las acciones de formacion continua en la atencion a personas victimas de ataques con agentes quimicos. No todo el talento humano de los servicios de transporte asistencial, atencion prehospitalaria y emergencias, cuentan con constancia de asistencia en las acciones de formacion continua en la atencion a personas victimas de ataques con age...",Gestion de Talento Humano,1. Talento Humano,Visitas de verificacion de la Secretaria de Salud Departamental del Cauca,Almaguer,Almaguer,2025,3,13
1652.0,"43. Los cielo rasos o techos y paredes o muros deben ser impermeables, lavables, solidos, resistentes a factores ambientales e incombustibles y de superficie lisa y continua. Se evidencian paredes en el servicio de laboratorio clinico que presentan humedades.",Gestion de Recursos,2. Infraestructura,Visitas de verificacion de la Secretaria de Salud Departamental del Cauca,Almaguer,Almaguer,2025,3,13
1653.0,"2. El prestador de servicios de salud garantiza las condiciones tecnicas de calidad de los equipos biomedicos, para lo cual cuenta con: 2.1. Programa de mantenimiento preventivo de los equipos biomedicos, que incluya el cumplimiento de las recomendaciones establecidas por el fabricante o de acuerdo con el protocolo de mantenimiento que tenga definido el prestador, este ultimo cuando no este definido por el fabricante. El ""Programa de Mantenimiento ESE Suroriente"" esta en funcionamiento, ...",Gestion de Recursos,3. Dotacion,Visitas de verificacion de la Secretaria de Salud Departamental del Cauca,Almaguer,Almaguer,2025,3,13
1654.0,"3. El prestador de servicios de salud cuenta con un programa de fabricante, i capacitacion en el uso de dispositivos medicos cuando estos lo requieran, el cual puede ser desarrollado por el mportador o por el mismo prestador. Cuenta con ""plan de capacitaciones"" donde se evidencia el cronograma de capacitaciones para el ano presente se realizara en noviembre de 2024. Se evidencia capacitacion en noviembre sobre equipos biomedicos y odontoldgicos. No se evidencia adherencia al personal, en l...",Gestion de Recursos,3. Dotacion,Visitas de verificacion de la Secretaria de Salud Departamental del Cauca,Almaguer,Almaguer,2025,3,13
1655.0,4. La dotacion de los servicios de salud esta en concordancia con lo definido por el prestador en el estandar de procesos prioritarios. No se evidencia concordancia con la dotacion segun lo definido por el prestador en el estandar de procesos prioritarios.,Gestion de Recursos,3. Dotacion,Visitas de verificacion de la Secretaria de Salud Departamental del Cauca,Almaguer,Almaguer,2025,3,13
1656.0,"5. La suficiencia de equipos biomedicos esta relacionada con la frecuencia de uso de los mismos, incluyendo los tiempos del proceso de esterilizacion, cuando aplique. Cuenta con ""protocolo de suficiencia de equipos"" en este no se describe el tiempo de esterilizacion, ni el instrumental requerido para los servicios, se recomienda ajustar el programa donde se mencione las variables correspondientes.",Gestion de Recursos,3. Dotacion,Visitas de verificacion de la Secretaria de Salud Departamental del Cauca,Almaguer,Almaguer,2025,3,13
1657.0,"8. Los servicios de salud que requieran carro de paro, cuenta con la siguiente dotacion: 8.2. Resucitador pulmonar manual. No se evidencia resucitador pulmonar manual.",Gestion de Recursos,3. Dotacion,Visitas de verificacion de la Secretaria de Salud Departamental del Cauca,Almaguer,Almaguer,2025,3,13
1658.0,"8.5.Laringoscopio con hojas rectas y curvas para adultos y pediatricas, segun aplique. Cuenta con laringoscopio con hojas rectas y curvas para adultos y pacientes pediatricos, no se encuentran esteriles.",Gestion de Recursos,3. Dotacion,Visitas de verificacion de la Secretaria de Salud Departamental del Cauca,Almaguer,Almaguer,2025,3,13
1659.0,"16. Adicional a los criterios enunciados del presente estandar, que le apliquen, el prestador de servicios de salud cuenta con: 16.1. Sistemas de telecomunicaciones de doble via. No cuenta con sistemas de telecomunicacion de doble via.",Gestion de Recursos,3. Dotacion,Visitas de verificacion de la Secretaria de Salud Departamental del Cauca,Almaguer,Almaguer,2025,3,13
1660.0,1. El prestador de servicios de salud lleva registros con la informacion de todos los medicamentos para uso humano requeridos en la prestacion de los servicios que oferte; dichos registros cuentan con la siguiente informacion: 1.1. Principio activo: No cuenta con el registro de la informacion correctamente 1.2. Forma farmaceutica: No cuenta con el registro de la informacion correctamente 1.3. Concentracion: No cuenta con el registro de la informacion correctamente 1.6. Presentacion comerc...,Farmacia,"4. Medicamentos, dispositivos medicos e insumos",Visitas de verificacion de la Secretaria de Salud Departamental del Cauca,Almaguer,Almaguer,2025,3,13
1661.0,"2. Los dispositivos medicos de uso humano requeridos para la prestacion de los servicios de salud cuentan con informacion documentada que de cuenta de la verificacion y seguimiento de la siguiente informacion: 2.3. Serie (cuando aplique): No cuenta con el registro de la informacion correctamente 2.4. Presentacion comercial: No Cuenta con el registro de la informacion 2.7. Vida util, cuando aplique: No cuenta con el registro de la informacion correctamente",Farmacia,"4. Medicamentos, dispositivos medicos e insumos",Visitas de verificacion de la Secretaria de Salud Departamental del Cauca,Almaguer,Almaguer,2025,3,13
1662.0,3. Los reactivos de diagnostico in vitro requeridos para la prestacion del servicios de salud cuentan con informacion documentada que de cuenta de la verificacion y seguimiento de la siguiente informacion: 3.1. Nombre. No cuenta con el registro de la informacion correctamente 3.2. Marca. No cuenta con el registro de la informacion correctamente 3.3. Presentacion comercial. No cuenta con el registro de la informacion correctamente 3.4. Registro sanitario vigente o permiso de comercializacion exp...,Farmacia,"4. Medicamentos, dispositivos medicos e insumos",Visitas de verificacion de la Secretaria de Salud Departamental del Cauca,Almaguer,Almaguer,2025,3,13
1663.0,"4. El prestador de servicios de salud de salud cuenta con informacion documentada de los procesos generales segun aplique, para: 4.4. Recepcion. Se evidencia documento cuyo codigo es MA-MI-FA-03 V02 el cual no se a implementado, se observa que durante la ronda que el proceso que se esta llevando a cabo es completamente diferente. 4.6. Conservacion. Se evidencia documento cuyo codigo es MA-MI-FA-03 V02 el cual no se a implementado, se observa que durante la ronda que el proceso que se esta...",Farmacia,"4. Medicamentos, dispositivos medicos e insumos",Visitas de verificacion de la Secretaria de Salud Departamental del Cauca,Almaguer,Almaguer,2025,3,13
1664.0,"5. El prestador de servicios de salud que realice algun tipo de actividad con medicamentos de control especial para la prestacion de servicios de salud cuenta con la resolucion de autorizacion vigente, expedida por el Fondo Nacional de Estupefacientes o la entidad que haga sus veces: No cuenta con la resolucion de autorizacion vigente, expedida por el Fondo Nacional de Estupefacientes,",Farmacia,"4. Medicamentos, dispositivos medicos e insumos",Visitas de verificacion de la Secretaria de Salud Departamental del Cauca,Almaguer,Almaguer,2025,3,13
1666.0,"7. El prestador de servicios de salud que cuente con reservas de medicamentos, homeopaticos, fitoterapeuticos, medicamentos biologicos, componentes anatomicos, dispositivos medicos (incluidos los sobre medida), reactivos de diagnostico in vitro, y demas insumos asistenciales, debe garantizar que se almacenen en condiciones apropiadas de temperatura, humedad, ventilacion, segregacion y seguridad de acuerdo con las condiciones definidas por el fabricante o el banco del componente anatomico, segun ...",Farmacia,"4. Medicamentos, dispositivos medicos e insumos",Visitas de verificacion de la Secretaria de Salud Departamental del Cauca,Almaguer,Almaguer,2025,3,13
1667.0,"8. Para la aplicacion del protocolo de lavado de manos o higienizacion, los servicios de salud cuentan con los insumos de aseo, limpieza y secado que garanticen su cumplimiento: No cuentan con los insumos de aseo, limpieza y secado que garanticen su cumplimiento, en algunos de los banos de los servicios, se observa que falta la rotulacion de los productos a utilizar:",Farmacia,"4. Medicamentos, dispositivos medicos e insumos",Visitas de verificacion de la Secretaria de Salud Departamental del Cauca,Almaguer,Almaguer,2025,3,13
1668.0,"9. La suficiencia de dispositivos medicos esta relacionada con la frecuencia de uso de los mismos, incluyendo los tiempos del proceso de esterilizacion, cuando aplique: No cuenta con la suficiencia de dispositivos medicos donde se incluye los tiempos del proceso de esterilizacion",Farmacia,"4. Medicamentos, dispositivos medicos e insumos",Visitas de verificacion de la Secretaria de Salud Departamental del Cauca,Almaguer,Almaguer,2025,3,13
1669.0,"10. El prestador de servicios de salud cuenta con paquete para el manejo de derrames y rupturas de medicamentos, ubicado en un lugar de facil acceso, visible y con adecuada senalizacion, disponible para su uso en los servicios y ambientes donde se requieran. El prestador de servicios de salud define su contenido de acuerdo con los medicamentos utilizados y lo sugerido por el fabricante en las fichas tecnicas: No cuenta con paquete para el manejo de derrames y rupturas demedicamentos, ubicado en...",Farmacia,"4. Medicamentos, dispositivos medicos e insumos",Visitas de verificacion de la Secretaria de Salud Departamental del Cauca,Almaguer,Almaguer,2025,3,13
1670.0,"15. En los servicios de transporte asistencial, atencion prehospitalaria y urgencias cuenta con kit de emergencias para la atencion a victimas de ataques con agentes quimicos: No cuenta con kit de emergencias para la atencion a victimas de ataques con agentes quimicos.",Farmacia,"4. Medicamentos, dispositivos medicos e insumos",Visitas de verificacion de la Secretaria de Salud Departamental del Cauca,Almaguer,Almaguer,2025,3,13
1671.0,"3. El prestador de servicios de salud cuenta con un comite o instancia que orienta y promueve la politica de seguridad del paciente, el control de infecciones y la optimizacion del uso de antibioticos, cuando los prescriba o administre. En el caso de profesionales independientes de salud podra ser el mismo prestador: La ESE presenta documento acta de reunion creacion comite de seguridad del paciente del 15 de julio de 2024 donde establece que se reuniran de manera trimestral segun cronograma el...",Misionales,5. Procesos Prioritarios,Visitas de verificacion de la Secretaria de Salud Departamental del Cauca,Almaguer,Almaguer,2025,3,13
1672.0,5. El prestador de servicios de salud promueve la cultura de seguridad del paciente que involucra a todo el personal de manera sistematica con un enfoque educativo no punitivo - mediante: 5.1. Capacitacion del personal en el tema de seguridad del paciente y en los principales riesgos de la atencion La ESE presenta plan de capacitaciones 2024 el cual se encuentra en construccion en lo planeado hasta la fecha no se cuenta con temas de seguridad del paciente. 6. El prestador de servicios de salu...,Misionales,5. Procesos Prioritarios,Visitas de verificacion de la Secretaria de Salud Departamental del Cauca,Almaguer,Almaguer,2025,3,13
1673.0,"12. El prestador de servicios de salud cuenta con la siguiente informacion documentada: 12.1. Deteccion, prevencion y disminucion del riesgo de accidentes e incidentes de caracter radiologico, en los servicios donde aplique. Cuenta con un documento denominado PROGRAMA DE VIGILANCA RADIOLOGICA Version 1 del 13 de dciembre del 2022, no se encuentra socializado ni con medicion de adherencia. 12.2. Aseo, limpieza y desinfeccion de areas y superficies. El prestador presenta el Manual de limpieza ...",Misionales,5. Procesos Prioritarios,Visitas de verificacion de la Secretaria de Salud Departamental del Cauca,Almaguer,Almaguer,2025,3,13
1674.0,"13. El prestador de servicios de salud que realice el proceso de esterilizacion cuenta con la siguiente informacion documentada: 13.1. Buenas practicas de esterilizacion de acuerdo con los procedimientos y tecnicas que se utilicen, que describa como minimo los siguientes aspectos: 13.1.1. Recibo de productos contaminados y entrega de material esteril. Cuenta con un manual de buenas practicas de esterilizacion MA-ES-CA-02 Version 01 fecha abril del 2023 aplicable a todas las unidades de atenci...",Misionales,5. Procesos Prioritarios,Visitas de verificacion de la Secretaria de Salud Departamental del Cauca,Almaguer,Almaguer,2025,3,13
1675.0,"15. Los prestadores de servicios de salud tienen definidos procedimientos que garanticen el cumplimiento del no reuso de dispositivos medicos cuando el fabricante asi lo haya establecido. Al momento de la verificacion se evidenica que cuenta documentada la politica de uso y no reuso de dispositivos medicos vigencia 2019 y con un Manual de uso y reuso de dispositivos medicos MA -ES- CA-01 version 01 abril del 2023, en el cual se identifica que cuenta definido con un listado de dispositivos de re...",Misionales,5. Procesos Prioritarios,Visitas de verificacion de la Secretaria de Salud Departamental del Cauca,Almaguer,Almaguer,2025,3,13
1676.0,"16. Hasta tanto el Ministerio de Salud y Proteccion Social regule la materia, el prestador de servicios de salud podra reusar dispositivos medicos, siempre y cuando el fabricante de dichos dispositivos autorice su reuso. En tal caso, el prestador de servicios de salud cuenta con informacion documentada que defina: 16.1. Los procedimientos, siguiendo las recomendaciones del fabricante, para el reprocesamiento y control de calidad que demuestren la eficacia, desempeno y esterilidad del producto. ...",Misionales,5. Procesos Prioritarios,Visitas de verificacion de la Secretaria de Salud Departamental del Cauca,Almaguer,Almaguer,2025,3,13
1677.0,"17. Para la referencia de pacientes, el prestador de servicios de salud cuenta con la siguiente informacion documentada: 17.1. Estabilizacion del paciente antes del traslado. Al momento de la verificacion se verifica documento PR-MI-HU 52 VERSION 1 Febrero del 2024. No se evidencia socializacion de documento, no cuenta con medicion de adherencia,no se evidencia dentro del plan de capacitacion del ano 2024 . 17.2. Medidas para el traslado. Al momento de la verificacion se verifica documento...",Misionales,5. Procesos Prioritarios,Visitas de verificacion de la Secretaria de Salud Departamental del Cauca,Almaguer,Almaguer,2025,3,13
1678.0,"17.3. Lista de chequeo de los documentos necesarios para el traslado que incluya: 17.3.1. Diligenciamiento del formato de referencia de pacientes. No presentan documentacion 17.3.2. Resultados de apoyos diagnosticos realizados al paciente. No presentan documentacion 17.3.3. Resumen de historia clinica. No presentan documentacion 17.3.4. Mecanismos tecnologicos que le permitan realizar el proceso (software, correo, entre otros). No presentan documentacion 17.3.5. Talento humano que deb...",Misionales,5. Procesos Prioritarios,Visitas de verificacion de la Secretaria de Salud Departamental del Cauca,Almaguer,Almaguer,2025,3,13
1679.0,"20. La Institucion Prestadora de Servicios de Salud que cuente con servicios de salud de los grupos de consulta externa, internacion o el servicio de urgencias, cuenta con: 20.1. Documento del proceso institucional que orienta la atencion en salud de las victimas de violencias sexuales. Al momento de la verificacion se evidencia documento de protocolo de atencion a victimas de violencia sexual Codigo MI-PP-VS Version 2. febrero del 2023. Se evidencia que solo esta contextualizado para el punto...",Misionales,5. Procesos Prioritarios,Visitas de verificacion de la Secretaria de Salud Departamental del Cauca,Almaguer,Almaguer,2025,3,13
1680.0,"24. Las Instituciones Prestadoras de Servicios de Salud con servicios de hospitalizacion, hospitalizacion de paciente cronico con y sin ventilador, cuidado intensivo neonatal, pedidtrico y adulto, urgencias y del grupo quirurgico, en la modalidad intramural, cuentan con la siguiente Informacion documentada: 24.1. Manejo de la enfermedad cerebro vascular. Al momento de la verificacion se evidencia documento denominado PROTOCOLO ACCIDENTE CEREBROVASCULAR (ACV), version O fecha 2022, se evidencia...",Misionales,5. Procesos Prioritarios,Visitas de verificacion de la Secretaria de Salud Departamental del Cauca,Almaguer,Almaguer,2025,3,13
1681.0,"27. Cuando el prestador de servicios de salud realice ""pruebas en el punto de atencion del paciente - (Point of Care Testing - POCT)"" en un servicio habilitado cuenta con: 27.1. Informacion documentada sobre la toma, procesamiento, , control de calidad y entrega de resultados En el momento de la verificacion no se evidencia documentado 27.2. Controles de calidad realizados por un servicio de laboratorio clinico que puede ser propio o contratado para tal fin, cuando aplique, de acuerdo a las...",Misionales,5. Procesos Prioritarios,Visitas de verificacion de la Secretaria de Salud Departamental del Cauca,Almaguer,Almaguer,2025,3,13
1682.0,"Adicional a los criterios enunciados que le aplique, para las siguientes modalidades el prestador de servicios de salud cuenta con la siguiente informacion documentada: MODALIDAD EXTRAMURAL JORNADAS EN SALUD Y UNIDAD MOVIL: 28. Orientacion a los usuarios sobre las condiciones, requisitos y restricciones de acceso, permanencia y salida del vehiculo, en condiciones de rutina o en condiciones de emergencia, a cargo del conductor del vehiculo y el talento humano en salud. En el momento de la veri...",Misionales,5. Procesos Prioritarios,Visitas de verificacion de la Secretaria de Salud Departamental del Cauca,Almaguer,Almaguer,2025,3,13
1683.0,"ESTANDAR DE INTERDEPENDENCIA SERVICIO 129-HOSPITALIZACION ADULTOS: ESTANDAR DE TALENTO HUMANO 1. Cumple con los criterios que le sean aplicables de todos los servicios y adicionalmente, disponibilidad de: Ver Estandar transversal Talento Humano",Misionales,1. Talento Humano,Visitas de verificacion de la Secretaria de Salud Departamental del Cauca,Almaguer,Almaguer,2025,3,13
1684.0,"ESTANDAR DE INTERDEPENDENCIA SERVICIO 129-HOSPITALIZACION ADULTOS: ESTANDAR INFRAESTRUCTURA 20. Cumple con los criterios que le sean aplicables de todos los servicios y adicionalmente cuenta con: No cumple con los criterios que le sean aplicables de todos los servicios. 20.4.3. La habitacion multiple para pacientes adultos debe teng er una capacidad maxima de 4 camas, con area libre minima de 7 m2 por cama, separadas con barrera fisica flja o movil. Cuenta con habitaciones para dos camas, p...",Gestion de Recursos,2. Infraestructura,Visitas de verificacion de la Secretaria de Salud Departamental del Cauca,Almaguer,Almaguer,2025,3,13
1685.0,"ESTANDAR DE INTERDEPENDENCIA SERVICIO 129-HOSPITALIZACION ADULTOS: ESTANDAR DE DOTACION Modalidades intramural, extramural unidad movil, jornada de salud, telemedicina - prestador remisor. 25. Cumple con los criterios que le sean aplicables de todos los servicios y adicionalmente cuenta con: Revisar estandar transversal.",Misionales,3. Dotacion,Visitas de verificacion de la Secretaria de Salud Departamental del Cauca,Almaguer,Almaguer,2025,3,13
1686.0,"ESTANDAR DE INTERDEPENDENCIA SERVICIO 129-HOSPITALIZACION ADULTOS: ESTANDAR de Medicamentos, Dispositivos Medicos e Insumos 35. Cumple con los criterios que le sean aplicables de todos los servicios y adicionalmente, cuenta con: No cumple con los criterios que le sean aplicables de todos los servicios",Misionales,"4. Medicamentos, dispositivos medicos e insumos",Visitas de verificacion de la Secretaria de Salud Departamental del Cauca,Almaguer,Almaguer,2025,3,13
1687.0,"ESTANDAR DE INTERDEPENDENCIA SERVICIO 129-HOSPITALIZACION ADULTOS: ESTANDAR - PROCESOS PRIORITARIOS 42. Cumple con los criterios que le sean aplicables de todos los servicios y adicionalmente cuenta con la siguiente informacion documentada: Se verifico en el estandar transversal 42.1. Criterios de ingreso y egreso al servicio. Prestador no presenta documentacion 42.2. Manejo de las principales causas de hospitalizacion, segun oferta. Se verifica las causas principales de atencion mediant...",Misionales,5. Procesos Prioritarios,Visitas de verificacion de la Secretaria de Salud Departamental del Cauca,Almaguer,Almaguer,2025,3,13
1688.0,"ESTANDAR DE INTERDEPENDENCIA SERVICIO 129-HOSPITALIZACION ADULTOS: ESTANDAR de Historia Clinica y Registros: 48. Cumple con los criterios que le sean aplicables de todos los servicios ver transversal de historia clinica, cuenta con historia clinica digital",Misionales,6. Historia clinica y registros,Visitas de verificacion de la Secretaria de Salud Departamental del Cauca,Almaguer,Almaguer,2025,3,13
1689.0,"SERVICIO 130-HOSPITALIZACION PEDIATRICA ESTANDAR- TALENTO HUMANO 1. Cumple con los criterios que le sean aplicables de todos los Humano servicios y adicionalmente, disponibilidad de: Ver Estandar transversal Talento",Misionales,1. Talento Humano,Visitas de verificacion de la Secretaria de Salud Departamental del Cauca,Almaguer,Almaguer,2025,3,13
1690.0,"SERVICIO 130-HOSPITALIZACION PEDIATRICA ESTANDAR- MEDICAMENTOS E INSUMOS 35. Cumple con los criterios que le sean aplicables de todos los servicios y adicionalmente, cuenta con: No cumple con los criterios que le sean aplicables de todos los servicios",Misionales,"4. Medicamentos, dispositivos medicos e insumos",Visitas de verificacion de la Secretaria de Salud Departamental del Cauca,Almaguer,Almaguer,2025,3,13
1691.0,"ESTANDAR DE INTERDEPENDENCIA SERVICIO 130-HOSPITALIZACION PEDIATRICA ESTANDAR- PROCESOS PRIORITARIOS 42. Cumple con los criterios que le sean aplicables de todos los servicios y adicionalmente cuenta con la siguiente informacion documentada: Se verifico en el estandar transversal 42.1. Criterios de ingreso y egreso al servicio. Prestador no presenta documentacion 42.2. Manejo de las principales causas de hospitalizacion, segun oferta. Se verifica las causas principales de atencion mediant...",Misionales,5. Procesos Prioritarios,Visitas de verificacion de la Secretaria de Salud Departamental del Cauca,Almaguer,Almaguer,2025,3,13
1692.0,"SERVICIO 130-HOSPITALIZACION PEDIATRICA ESTANDAR- HISTORIA CLINICA Y REGISTROS 48. Cumple con los criterios que le sean aplicables de todos los servicios ver transversal de historia clinica, cuenta con historia clinica digital",Misionales,6. Historia clinica y registros,Visitas de verificacion de la Secretaria de Salud Departamental del Cauca,Almaguer,Almaguer,2025,3,13
1693.0,"SERVICIO-312 ENFERMERIA Estandar de Dotacion: 19.6. Martillo de reflejos. Cuenta con martillo de reflejos. 24.4. Oximetro. No cuenta con el equipo de este item. 24.5. Glucometro. No cuenta con el equipo de este item. 24.6. Martillo de reflejos. No cuenta con el equipo de este item. 24.7. Termometro, cuanto lo requiera. No cuenta con el equipo de este item. 24.8. Cinta metrica. No cuenta con el equipo de este item. 24.9. Bascula grado medico o pesa bebe, segun la oferta del...",Misionales,3. Dotacion,Visitas de verificacion de la Secretaria de Salud Departamental del Cauca,Almaguer,Almaguer,2025,3,13
1694.0,"SERVICIO-312 ENFERMERIA Estandar de de Medicamentos, Dispositivos e insumos Medicos 32. Cumple con los criterios que le sean aplicables de todos los servicios Cumple con los criterios que le sean aplicables de todos los servicios.",Misionales,"4. Medicamentos, dispositivos medicos e insumos",Visitas de verificacion de la Secretaria de Salud Departamental del Cauca,Almaguer,Almaguer,2025,3,13
1695.0,"SERVICIO-312 ENFERMERIA Estandar de Procesos Prioritarios: 35.1. Procedimientos que se pueden realizar, incluyendo aquellos que requieran anestesia local y no impliquen anestesia regional ni general. Presenta el listado de procedimiento que se ejecutan dentro de la parte asistencial por parte de los profesionales de enfermeria para los servicios intramurales, para la prestacion extramural no cuenta con documentado. 35.2.1. Preparacion. Los documentos presentados por el prestador no cuen...",Misionales,5. Procesos Prioritarios,Visitas de verificacion de la Secretaria de Salud Departamental del Cauca,Almaguer,Almaguer,2025,3,13
1696.0,"SERVICIO-312 ENFERMERIA ESTANDAR DE HISTORIA CLINICA Y REGISTROS: 41. Cumple con los criterios que le sean aplicables de todos los servicios: Ver transversal de historia clinica, cuenta con historia clinica digital",Misionales,6. Historia clinica y registros,Visitas de verificacion de la Secretaria de Salud Departamental del Cauca,Almaguer,Almaguer,2025,3,13
1697.0,"SERVICIO 328-MEDICINA GENERAL : Estandar de Dotacion 24. Para la consulta externa de medicina general, cuenta con: 24.1. Fonendoscopio para adulto o pediatrico segun la oferta del servicio. 24.2. Tensiometro para adulto o pediatrico segun la oferta del servicio. 24.3. Equipo de organos de los sentidos. 24.4. Oximetro. 24.5. Glucometro. 24.6. Martillo de reflejos. 24.7. Termometro, cuanto lo requiera. 24.8. Cinta metrica. 24.9. Bascula grado medico o pesa bebe, segun la oferta d...",Misionales,3. Dotacion,Visitas de verificacion de la Secretaria de Salud Departamental del Cauca,Almaguer,Almaguer,2025,3,13
1698.0,"SERVICIO 328-MEDICINA GENERAL :Estandar de Medicamentos, Dispositivos medicos e insumos. 32. Cumple con los criterios que le sean aplicables de todos los servicios. No Cumple con los criterios que le sean aplicables de todos los servicios.",Misionales,"4. Medicamentos, dispositivos medicos e insumos",Visitas de verificacion de la Secretaria de Salud Departamental del Cauca,Almaguer,Almaguer,2025,3,13
1699.0,"SERVICIO 328-MEDICINA GENERAL : Estandar de Procesos Prioritarios. 35. Cumple con los criterios que le sean aplicables de todos los servicios y adicionalmente cuando se realicen procedimientos. cuenta con la siguiente informacion documentada: 35.1. Procedimientos que se pueden realizar, incluyendo aquellos que requieran anestesia local y no impliquen anestesia regional ni general. Presenta el listado de procedimiento que se ejecutan dentro de la parte asistencial por parte de los profesional...",Misionales,5. Procesos Prioritarios,Visitas de verificacion de la Secretaria de Salud Departamental del Cauca,Almaguer,Almaguer,2025,3,13
1700.0,"Estandar de Historia clinica y registros MODALIDADES INTRAMURAL, EXTRAMURAL UNIDAD MOVIL, JORNADA DE SALUD Y DOMICILIARIA 41. Cumple con los criterios que le sean aplicables de todos los servicios. ver transversal de historia clinica, cuenta con historia clinica digital.",Misionales,6. Historia clinica y registros,Visitas de verificacion de la Secretaria de Salud Departamental del Cauca,Almaguer,Almaguer,2025,3,13
1701.0,"SERVICIO 334-ODONTOLOGIA GENERAL Estandar de Dotacion: 23.6. Instrumental basico definido por el prestador deacuerdo con la oferta del servicio (adultos o pediatria),la capacidad instalada, los procedimientos documentados en el estandar de procesos prioritarios y la tecnica de esterilizacion numero de ciclos de esterilizacion al dia. En el estandar de procesos prioritarios no se evidencia documentado el instrumental deacuerdo a lo verificado, tampoco se evidencia la tecnica de esterilizacion...",Misionales,3. Dotacion,Visitas de verificacion de la Secretaria de Salud Departamental del Cauca,Almaguer,Almaguer,2025,3,13
1702.0,"SERVICIO 334-ODONTOLOGIA GENERAL Estandar de Medicamentos, Dispositivos Medicos e insumos 32. Cumple con los criterios que le sean aplicables de todos los servicios. No Cumple con los criterios que le sean aplicables de todos los servicios.",Misionales,"4. Medicamentos, dispositivos medicos e insumos",Visitas de verificacion de la Secretaria de Salud Departamental del Cauca,Almaguer,Almaguer,2025,3,13
1703.0,"SERVICIO 334-ODONTOLOGIA GENERAL Estandar de Procesos Prioritarios 35.1. Procedimientos que se pueden realizar, incluyendo aquellos que requieran anestesia local y no impliquen anestesia regional ni general. El prestador no cuenta con documento donde se evidencia los requisitos para manejo deanestesia local, cuenta con anotaciones en los protocolos de procedimientos donde definieel manejo de la anestesia pero no describe las cantidades y riesgos posibles para el manejo y uso de los anestesico...",Misionales,5. Procesos Prioritarios,Visitas de verificacion de la Secretaria de Salud Departamental del Cauca,Almaguer,Almaguer,2025,3,13
1704.0,"SERVICIO 334-ODONTOLOGIA GENERAL Estandar de Hist oria Clinica y registros. MODALIDADES INTRAMURAL, EXTRAMURAL UNIDAD MOVIL, JORNADA DE SALUD Y DOMICILIARIA 41. Cumple con los criterios que le sean aplicables de todos los servicios. El prestador no cuenta con registros de consentimientos firmados por el paciente ni por el profesional, se evidencia espacios vacios, en los registros de la historia clinica.",Misionales,6. Historia clinica y registros,Visitas de verificacion de la Secretaria de Salud Departamental del Cauca,Almaguer,Almaguer,2025,3,13
1705.0,"SERVICIO 420-VACUNACION Estandar de Talento Humano 1. Cumple con los criterios que le sean aplicables de todos los servicios y adicionalmente, cuenta con: 1.1. Profesional de la medicina o profesional de la enfermeria. Se debe asignar un profesional de la Enfermeria o de la medicina para la supervision del personal auxiliar",Misionales,1. Talento Humano,Visitas de verificacion de la Secretaria de Salud Departamental del Cauca,Almaguer,Almaguer,2025,3,13
1706.0,"SERVICIO 420-VACUNACION Estandar de Medicamentos, Dispositivos Medicos e Insumos: 8. Cumple con los criterios que le sean aplicables de todos los servicios y adicionalmente cuenta con: Si se presenta interrupcion de la cadena de frio, el prestador de servicios de salud realiza notificacion segun el procedimiento establecido por el Invima. No cumplen con los criterios que sean aplicables de todos los servicio, cuenta con protocolo de notificacion si se presenta interrupcion de la cadena de fri...",Misionales,"4. Medicamentos, dispositivos medicos e insumos",Visitas de verificacion de la Secretaria de Salud Departamental del Cauca,Almaguer,Almaguer,2025,3,13
1707.0,"SERVICIO 420-VACUNACION Estandar de Procesos Prioritarios: 10. Cumple con los criterios que le sean aplicables de todos los servicios, la modalidad intramural y adicionalmente cuenta con: Si el prestador de servicios de salud administra la vacuna en un ambiente diferente al consultorio de vacunacion cuenta con informacion documentada para el alistamiento de los biologicos para uso diario, asi como la conservacion de la cadena de frio. El prestador presenta documento denominado SALIDA EXTRAMURA...",Misionales,5. Procesos Prioritarios,Visitas de verificacion de la Secretaria de Salud Departamental del Cauca,Almaguer,Almaguer,2025,3,13
1708.0,"SERVICIO 344-PSICOLOGIA: Estandar de Medicamentos, Dispositivos Medicos e Insumos: 32. Cumple con los criterios que le sean aplicables de todos los servicios. No Cumple con los criterios que le sean aplicables de todos los servicios.",Misionales,"4. Medicamentos, dispositivos medicos e insumos",Visitas de verificacion de la Secretaria de Salud Departamental del Cauca,Almaguer,Almaguer,2025,3,13
1709.0,"SERVICIO 706-LABORATORIO CLINICO: Estandar de Talento Humano: Modalidades intramural, extramural unidad movil, jornada de salud y telemedicina - prestador remisor. 1. Cumple con los criterios que le sean aplicables de todos los servicios y adicionalmente, cuenta con: Ver Estandar transversal Talento Humano",Misionales,1. Talento Humano,Visitas de verificacion de la Secretaria de Salud Departamental del Cauca,Almaguer,Almaguer,2025,3,13
1710.0,SERVICIO 706-LABORATORIO CLINICO: Estandar de Infraestructura: 7. Cumple con los criterios que le sean aplicables de todos los servicios No cumple con todos los criterios aplicable a los servicios.,Misionales,2. Infraestructura,Visitas de verificacion de la Secretaria de Salud Departamental del Cauca,Almaguer,Almaguer,2025,3,13
1711.0,"SERVICIO 706-LABORATORIO CLINICO: Estandar de Dotacion: Modalidades intramural, extramural unidad movil, jornada de salud, telemedicina - prestador remisor. 12. Cumple con los criterios que le sean aplicables de todos los servicios y adicionalmente, cuenta con: Revisar estandar transversal.",Gestion de Recursos,3. Dotacion,Visitas de verificacion de la Secretaria de Salud Departamental del Cauca,Almaguer,Almaguer,2025,3,13
1712.0,"SERVICIO 706-LABORATORIO CLINICO Estandar de Medicamentos, Dispositivos Medicos e Insumos: Modalidades intramural, extramural unidad movil, jornada de salud, telemedicina - prestador remisor. 14. Cumple con los criterios que le sean aplicables de todos los servicios y adicionalmente cuenta con: Medicamentos, dispositivos medicos e insumos requeridos para el procesamiento de las muestras, de acuerdo con las pruebas que realice. No Cumple con los criterios que le sean aplicables de todos los se...",Gestion de Recursos,"4. Medicamentos, dispositivos medicos e insumos",Visitas de verificacion de la Secretaria de Salud Departamental del Cauca,Almaguer,Almaguer,2025,3,13
1713.0,"SERVICIO 706-LABORATORIO CLINICO Estandar de Procesos Prioritarios: 16. Cumple con los criterios que le sean aplicables de todos los servicios y adicionalmente cuenta con la siguiente informacion documentada: No cumple con los criterios que le son aplicables de todos los servicios 16.1. Programa de control de calidad interno y externo, que contemple las pruebas realizadas. El prestador para la vigencia 2024 no ha participado en el control externo de calidad, presenta soporte de contratacion ...",Gestion de Calidad,5. Procesos Prioritarios,Visitas de verificacion de la Secretaria de Salud Departamental del Cauca,Almaguer,Almaguer,2025,3,13
1714.0,"SERVICIO 706-LABORATORIO CLINICO Estandar de Historia Clinica y Registros: 18. Cumple con los criterios que le sean aplicables de todos los servicios y adicionalmente cuenta con: No cumple con los criterios que le son aplicables a todos los servicios. 18.1. Registro de pacientes, examenes solicitados y pruebas realizadas. El prestador cuenta con formato de registro recepcion de muestras por servicio PM-FR-03- 06, registro no implementado en la sede. 18.3. Registro de validacion secundaria o...",Misionales,6. Historia clinica y registros,Visitas de verificacion de la Secretaria de Salud Departamental del Cauca,Almaguer,Almaguer,2025,3,13
1715.0,SERVICIO 712-TOMA DE MUESTRAS DE LABORATORIO CLINICO: Estandar de Talento Humano: 1. Cumple con los criterios que le sean aplicables de todos los servicios y adicionalmente cuenta con: Ver Estandar transversal Talento Humano.,Misionales,1. Talento Humano,Visitas de verificacion de la Secretaria de Salud Departamental del Cauca,Almaguer,Almaguer,2025,3,13
1716.0,"SERVICIO 712-TOMA DE MUESTRAS DE LABORATORIO CLINICO:Estandar de Infraestructura: Modalidad intramural 3. Cumple con los criterios que le sean aplicables de todos los servicios y adicionalmente, No cumple con todos los criterios aplicable a los servicios.",Misionales,2. Infraestructura,Visitas de verificacion de la Secretaria de Salud Departamental del Cauca,Almaguer,Almaguer,2025,3,13
1717.0,"SERVICIO 712-TOMA DE MUESTRAS DE LABORATORIO CLINICO:Estandar de Dotacion: Modalidades intramural, extramural unidad movil, jornada de salud y domiciliaria 7. Cumple con los criterios que le sean aplicables de todos los servicios y adicionalmente cuenta con: Revisar estandar transversal. Equipos biomedicos necesarios, segun las muestras que se tomen, de acuerdo con lo documentado en el estandar de procesos prioritarios. No cuenta con la documentacion donde se describan los equipos necesario...",Gestion de Recursos,3. Dotacion,Visitas de verificacion de la Secretaria de Salud Departamental del Cauca,Almaguer,Almaguer,2025,3,13
1718.0,"SERVICIO 712-TOMA DE MUESTRAS DE LABORATORIO CLINICO: Estandar de Medicamentos, Dispositivos Medicos e insumos: 8. Cumple con los criterios que le sean aplicables de todos los servicios y adicionalmente cuenta con: No cumple con los criterios que le sean aplicables de todos los servicios",Misionales,"4. Medicamentos, dispositivos medicos e insumos",Visitas de verificacion de la Secretaria de Salud Departamental del Cauca,Almaguer,Almaguer,2025,3,13
1719.0,"SERVICIO 712-TOMA DE MUESTRAS DE LABORATORIO CLINICO Estandar de Procesos Prioritarios: 9. Cumple con los criterios que le sean aplicables de todos los servicios y adicionalmente, cuenta con la siguiente informacion documentada: No cumple con los criterios que le son aplicables a todos los servicios 9.3. Supervision de la toma de muestras cuando sea realizada por los auxiliares. El prestador no presenta la informacion solicitada, se indica que en los servicios de urgencias y hospitalizacion ...",Misionales,5. Procesos Prioritarios,Visitas de verificacion de la Secretaria de Salud Departamental del Cauca,Almaguer,Almaguer,2025,3,13
1720.0,SERVICIO 712-TOMA DE MUESTRAS DE LABORATORIO CLINICO Estandar de Historia Clinica y Registros 10. Cumple con los criterios que le sean aplicables de todos los servicios y adicionalmente cuenta con: No cumple con los criterios que le son aplicables a todos los servicios,Misionales,6. Historia clinica y registros,Visitas de verificacion de la Secretaria de Salud Departamental del Cauca,Almaguer,Almaguer,2025,3,13
1721.0,"SERVICIO 714-SERVICIO FARMACEUTICO: Estandar de Infraestructura: 4, Cumple con los criterios que le sean aplicables de todos los servicios. No cumple con los criterios que le sean aplicables de todos los servicios.",Gestion de Recursos,2. Infraestructura,Visitas de verificacion de la Secretaria de Salud Departamental del Cauca,Almaguer,Almaguer,2025,3,13
1722.0,"SERVICIO 714-SERVICIO FARMACEUTICO:Estandar de Medicamentos, Dispositivos Medicos e Insumos: 11. Cumple con los criterios que le sean aplicables de todos los servicios. No cumple con los criterios que le sean aplicables de todos los servicios.",Gestion de Recursos,"4. Medicamentos, dispositivos medicos e insumos",Visitas de verificacion de la Secretaria de Salud Departamental del Cauca,Almaguer,Almaguer,2025,3,13
1723.0,"SERVICIO 714-SERVICIO FARMACEUTICO:Estandar de Procesos Prioritarios: 15. Cumple con los criterios que le sean aplicables de todos los servicios y adicionalmente cuenta con la siguiente informacion documentada: Verificar transversal 15.1. Procesos generales que realice, elaborado por el responsable del servicio. No cuenta con los procesos acorde a los servicios prestados.",Misionales,5. Procesos Prioritarios,Visitas de verificacion de la Secretaria de Salud Departamental del Cauca,Almaguer,Almaguer,2025,3,13
1724.0,SERVICIO 714-SERVICIO FARMACEUTICO:Estandar de Historias Clinicas y Registros: 19. Cumple con los criterios que le sean aplicables de todos los servicios. No cumple con los criterios que le son aplicables a todos los servicios.,Misionales,6. Historia clinica y registros,Visitas de verificacion de la Secretaria de Salud Departamental del Cauca,Almaguer,Almaguer,2025,3,13
1725.0,"SERVICIO 739-FISIOTERAPIA: Estandar de Dotacion: 21. El consultorio donde se realicen procedimientos cuenta con la dotacion minima definida para el consultorio donde se realice examen fisico y adicionalmente cuenta con la dotacion necesaria para realizar los procedimientos documentados en el estandar de procesos prioritarios. Cuenta con protocolos para la atencion, pero se evidencia que la dotacion no estan en concordancia segun lo estipulado en el estandar de procesos prioritarios.",Gestion de Recursos,3. Dotacion,Visitas de verificacion de la Secretaria de Salud Departamental del Cauca,Almaguer,Almaguer,2025,3,13
1726.0,"SERVICIO 739-FISIOTERAPIA:Estandar de Medicamentos, dispositivos Medicos e Insumos: 32. Cumple con los criterios que le sean aplicables de todos los servicios. cumple con los criterios que le sean aplicables de todos los servicios.",Gestion de Recursos,"4. Medicamentos, dispositivos medicos e insumos",Visitas de verificacion de la Secretaria de Salud Departamental del Cauca,Almaguer,Almaguer,2025,3,13
1727.0,SERVICIO 739-FISIOTERAPIA: Estandar de Historia clinica y registros: 41. Cumple con los criterios que le sean aplicables de todos los servicios. El criterio no aplica para el servicio ofertado por el prestador.,Misionales,6. Historia clinica y registros,Visitas de verificacion de la Secretaria de Salud Departamental del Cauca,Almaguer,Almaguer,2025,3,13
1728.0,"SERVICIO 744-IMAGENES DIAGNOSTICAS- IONIZANTES: Estandar de Talento Humano: 1. Cumple con los criterios que le sean aplicables de todos los servicios y adicionalmente, Ver Estandar transversal Talento Humano",Gestion de Talento Humano,1. Talento Humano,Visitas de verificacion de la Secretaria de Salud Departamental del Cauca,Almaguer,Almaguer,2025,3,13
1729.0,SERVICIO 744-IMAGENES DIAGNOSTICAS- IONIZANTES: Estandar de Infraestructura: 8. Cumple con los criterios que le sean aplicables de todos los servicios Cuenta con: No cumple con todos los criterios aplicable a los servicios.,Gestion de Recursos,2. Infraestructura,Visitas de verificacion de la Secretaria de Salud Departamental del Cauca,Almaguer,Almaguer,2025,3,13
1730.0,"SERVICIO 744-IMAGENES DIAGNOSTICAS- IONIZANTES:Estandar de Dotacion: 18. Cumple con los criterios que le sean aplicables de todos los servicios y adicionalmente, Revisar estandar transversal. 19.2. Pantalla o monitor grado medico para imagenes radiologicas. Cuenta con pantalla grado medico",Gestion de Recursos,3. Dotacion,Visitas de verificacion de la Secretaria de Salud Departamental del Cauca,Almaguer,Almaguer,2025,3,13
1731.0,"SERVICIO 744-IMAGENES DIAGNOSTICAS- IONIZANTES:Estandar de Procesos Prioritarios: 28. Cumple con los criterios que le sean aplicables de todos los servicios y adicionalmente, cuenta con la siguiente informacion documentada: El prestador no cumple con los criterios que sean aplicables a todos los servicios.",Misionales,5. Procesos Prioritarios,Visitas de verificacion de la Secretaria de Salud Departamental del Cauca,Almaguer,Almaguer,2025,3,13
1732.0,"SERVICIO 744-IMAGENES DIAGNOSTICAS- IONIZANTES:Estandar de Historia Clinica y Registros 33. Cumple con los criterios que le sean aplicables de todos los servicios y adicionalmente, cuenta con los siguientes registros: El prestador no cumple con los criterios que le sean aplicables de todos los servicios .",Misionales,6. Historia clinica y registros,Visitas de verificacion de la Secretaria de Salud Departamental del Cauca,Almaguer,Almaguer,2025,3,13
1733.0,"SERVICIO 748-RADIOLOGIA ODONTOLOGICA: ESTANDAR DE TALENTO HUMANO: 1.Cumple con los criterios que le sean aplicables de todos los servicios y adicionalmente, cuenta con: profesional de odontologia e imagenes diagnosticas, o tecnico profesional o auxiliar de odontologia o auxiliar en salud oral o auxiliar de higiene oral. Ver Estandar transversal Talento Humano. Cuenta con Profesionales de odontologia, con Curso Proteccion Radiologica",Gestion de Talento Humano,1. Talento Humano,Visitas de verificacion de la Secretaria de Salud Departamental del Cauca,Almaguer,Almaguer,2025,3,13
1734.0,SERVICIO 748-RADIOLOGIA ODONTOLOGICA:Estandar de infraestructura: 5. Cumple con los criterios que le sean aplicables de todos los servicios y adicionalmente cuenta con profesional de la salud que atiende a distancia. No cumple con todos los criterios aplicable a los servicios. 6.Cumple con los criterios que le sean aplicables de todos los servicios y adicionalmente cuenta con: No cumple con todos los criterios aplicable a los servicios,Gestion de Recursos,2. Infraestructura,Visitas de verificacion de la Secretaria de Salud Departamental del Cauca,Almaguer,Almaguer,2025,3,13
1735.0,"SERVICIO 748-RADIOLOGIA ODONTOLOGICA Estandar de Dotacion: 10. Cumple con los criterios que le sean aplicables de todos los servicios y adicionalmente, cuenta con: Revisar estandar transversal.:",Gestion de Recursos,3. Dotacion,Visitas de verificacion de la Secretaria de Salud Departamental del Cauca,Almaguer,Almaguer,2025,3,13
1736.0,"SERVICIO 748-RADIOLOGIA ODONTOLOGICA estandar de Medicamentos, DispositivosMedirns e insumos 14. Cumple con los criterios que le sean aplicables de todos los servicios. No cumple con los criterios que le sean aplicables de todos los servicios.",Gestion de Recursos,"4. Medicamentos, dispositivos medicos e insumos",Visitas de verificacion de la Secretaria de Salud Departamental del Cauca,Almaguer,Almaguer,2025,3,13
1737.0,SERVICIO 748-RADIOLOGIA ODONTOLOGICA estandar de procesos Prioritarios: 15. Cumple con los criterios que le sean aplicables de todos los servicios y adicionalmente cuenta con la siguiente informacion documentada: El prestador no cumple con los criterios que le sean aplicables de todos los servicios 15.3. verificacion de la adherencia a los procedimientos realizados en la instalacion y cualquier otra consideracion sobre la proteccion radiologica de la instalacion No cuenta con la informacion ...,Misionales,5. Procesos Prioritarios,Visitas de verificacion de la Secretaria de Salud Departamental del Cauca,Almaguer,Almaguer,2025,3,13
1738.0,"SERVICIO 748-RADIOLOGIA ODONTOLOGICA estandar de historias clinicas 18. Cumple con los criterios que le sean aplicables de todos los servicios y adicionalmente, cuenta con los siguientes registros: El criterio no cumple con los criterios que sean aplicables a todos los servicios. 18.1. Numero de exposiciones, e imagenes tomadas que incluya el nombre del paciente, y nombre del estudio realizado. En visita no se evidencia registros de numero de exposiciones de radiografias, no se evidencia reg...",Misionales,2. Infraestructura,Visitas de verificacion de la Secretaria de Salud Departamental del Cauca,Almaguer,Almaguer,2025,3,13
1739.0,SERVICIO 749-TOMA DE MUESTRAS DE CUELLO UTERINO Y GINECOLOGICAS: Estandar de Talento Humano: 1. Cumple con los criterios que le sean aplicables de todos los servicios y adicionalmente cuenta con: Ver Estandar transversal Talento Humano,Gestion de Talento Humano,1. Talento Humano,Visitas de verificacion de la Secretaria de Salud Departamental del Cauca,Almaguer,Almaguer,2025,3,13
1740.0,SERVICIO 749-TOMA DE MUESTRAS DE CUELLO UTERINO Y GINECOLOGICAS: Estandar de Infraestructura: 3. Cumple con los criterios que le sean aplicables de todos los servicios y adicionalmente cuenta con: No cumple con todos los criterios aplicable a los servicios.,Gestion de Recursos,2. Infraestructura,Visitas de verificacion de la Secretaria de Salud Departamental del Cauca,Almaguer,Almaguer,2025,3,13
1741.0,SERVICIO 749-TOMA DE MUESTRAS DE CUELLO UTERINO Y GINECOLOGICAS: Estandar de Dotacion: 6. Cumple con los criterios que le sean aplicables de todos los servicios y adicionalmente cuenta con: Revisar estandar transversal.,Gestion de Recursos,3. Dotacion,Visitas de verificacion de la Secretaria de Salud Departamental del Cauca,Almaguer,Almaguer,2025,3,13
1742.0,"SERVICIO 749-TOMA DE MUESTRAS DE CUELLO UTERINO Y GINECOLOGICAS: Estandar de Medicamentos, Dispositivos Medicos e Insumos: 7. Cumple con los criterios que le sean aplicables de todos los servicios y adicionalmente cuenta con: No cumple con los criterios que le sean aplicables de todos los servicios",Misionales,"4. Medicamentos, dispositivos medicos e insumos",Visitas de verificacion de la Secretaria de Salud Departamental del Cauca,Almaguer,Almaguer,2025,3,13
1743.0,"SERVICIO 749-TOMA DE MUESTRAS DE CUELLO UTERINO Y GINECOLOGICAS: Estandar de Procesos Prioritarios: 8. Cumple con los criterios que le sean aplicables de todos los servicios y adicionalmente, cuenta con la siguiente informacion documentada: No cumplen con los criterios que le son aplicables de todos los servicios 8.4. Control de calidad. No cuenta con la informacion documentada.",Misionales,5. Procesos Prioritarios,Visitas de verificacion de la Secretaria de Salud Departamental del Cauca,Almaguer,Almaguer,2025,3,13
1744.0,SERVICIO 749-TOMA DE MUESTRAS DE CUELLO UTERINO Y GINECOLOGICAS: Estandar de historia clinica y procesos prioritarios 9. Cumple con los criterios que le sean aplicables de todos los servicios y adicionalmente cuenta con los siguientes registros: No cumplen con los criterios que le son aplicables de todos los servicios. 9.4. Analisis del control de calidad y de las medidas preventivas y correctivas. No cuenta con la informacion documentada.,Misionales,6. Historia clinica y registros,Visitas de verificacion de la Secretaria de Salud Departamental del Cauca,Almaguer,Almaguer,2025,3,13
1745.0,"SERVICIO-- 1101-ATENCION DEL PARTO: Estandar de Talento Humano 1. Cumple con los criterios que le sean aplicables de todos los servicios y adicionalmente, cuenta con: Ver Estandar transversal Talento Humano",Gestion de Talento Humano,1. Talento Humano,Visitas de verificacion de la Secretaria de Salud Departamental del Cauca,Almaguer,Almaguer,2025,3,13
1746.0,"SERVICIO-- 1101-ATENCION DEL PARTO: Estandar de Infraestructura: 9. Cumple con los criterios que le sean aplicables de todos los servicios y adicionalmente cuenta con: No cumple con todos los criterios aplicable a los servicios. 11.2. Sistema de vacio. Cuenta con sistema de vacio, pero la red no se encuentran funcionamiento Barrera fisica movil o fija entre camillas que permite facil limpieza y desinfeccion y la privacidad del paciente, cuando exista mas de una camilla. No cuenta con barrer...",Gestion de Recursos,2. Infraestructura,Visitas de verificacion de la Secretaria de Salud Departamental del Cauca,Almaguer,Almaguer,2025,3,13
1747.0,"SERVICIO-- 1101-ATENCION DEL PARTO:Estandar de Medicamentos, Dispositivos Medicos e insumos: 24 Cumple con los criterios que le sean aplicables de todos los servicios y adicionalmente cuenta con: No cumple con los criterios que le sean aplicables de todos los servicios. 24.1. Cateteres para vena umbilical. No cuenta con Cateteres para vena umbilical. 25.1. Cateteres para vena umbilical. No cuenta con Cateteres para vena umbilical.",Misionales,"4. Medicamentos, dispositivos medicos e insumos",Visitas de verificacion de la Secretaria de Salud Departamental del Cauca,Almaguer,Almaguer,2025,3,13
1748.0,"SERVICIO-- 1101-ATENCION DEL PARTO:Estandar de Procesos Prioritarios: 27. Cumple con los criterios que le sean aplicables de todos los servicios y adicionalmente cuenta con la siguiente informacion documentada: Ver transversal de procesos prioritarios. 27.1. Atencion del parto. La ESE cuenta con documento disminuir los riesgos de enfermedad y muerte de la mujer y el recien nacido y optimizar el pronostico de los mismo durante todas las etapas del parto, iniciando con la admision de la pacient...",Misionales,5. Procesos Prioritarios,Visitas de verificacion de la Secretaria de Salud Departamental del Cauca,Almaguer,Almaguer,2025,3,13
1749.0,"SERVICIO-- 1101-ATENCION DEL PARTO Estandar de Historia Clinica y Registros: 30. Cumple con los criterios que le sean aplicables de todos los servicios y adicionalmente cuenta con partograma para toda materna en trabajo de parto. Ver transversal de historia clinica, cuenta con historia clinica digital que incluye partograma.",Misionales,6. Historia clinica y registros,Visitas de verificacion de la Secretaria de Salud Departamental del Cauca,Almaguer,Almaguer,2025,3,13
1750.0,SERVICIO 1102-URGENCIAS: Estandar de Talento Humano: 1. Cumple con los criterios que le sean aplicables de todos los servicios y adicionalmente cuenta con: Ver Estandar transversal Talento Humano.,Gestion de Talento Humano,1. Talento Humano,Visitas de verificacion de la Secretaria de Salud Departamental del Cauca,Almaguer,Almaguer,2025,3,13
1751.0,"SERVICIO 1102-URGENCIAS: Estandar de Infraestructura: 18. Cumple con los criterios que le sean aplicables de todos los servicios y adicionalmente cuenta con: No cumple con todos los criterios aplicable a los servicios. 18.2. Unidades sanitarias discriminadas por sexo. De las cuales minimo una (1) unidad sanitaria discriminada por sexo, es apta para personas con movilidad reducida. Cuenta con unidades sanitarias discriminadas por sexo para movilidad reducidad 18.4. Ambiente para descontamin...",Gestion de Recursos,2. Infraestructura,Visitas de verificacion de la Secretaria de Salud Departamental del Cauca,Almaguer,Almaguer,2025,3,13
1752.0,"SERVICIO 1102-URGENCIAS: Estandar de Dotacion: 22. Cumple con los criterios que le sean aplicables de todos los servicios y adicionalmente cuenta con: Revisar estandar transversal. 22.3. Elementos para sujecion fisica para pacientes adultos y pediatricos. No cuenta con elementos para sujecion fisica para pacientes adultos y pediatricos. 22.4. Equipo de toracostomia, No cuenta con equipo de toracostomia. 22.8. Bomba de infusion. No cuenta con bomba de infusion. 23. Consultorio de urgenc...",Gestion de Recursos,3. Dotacion,Visitas de verificacion de la Secretaria de Salud Departamental del Cauca,Almaguer,Almaguer,2025,3,13
1753.0,"SERVICIO 1102-URGENCIAS: Estandar de Medicamentos, Dispositivos Medicos e Insumos : 34. Cumple con los Criterios que le sean aplicables de todos los servicios y adicionalmente cuenta con: No cumple con los criterios que le sean aplicables de todos los servicios",Misionales,"4. Medicamentos, dispositivos medicos e insumos",Visitas de verificacion de la Secretaria de Salud Departamental del Cauca,Almaguer,Almaguer,2025,3,13
1754.0,"SERVICIO 1102-URGENCIAS: estandar de historia clinica y registros 39. Cumple con los criterios que le sean aplicables de todos ,los servicios. ver transversal de historia clinica",Misionales,6. Historia clinica y registros,Visitas de verificacion de la Secretaria de Salud Departamental del Cauca,Almaguer,Almaguer,2025,3,13
1755.0,"SERVICIO 1103-TRANSPORTE ASISTENCIAL BASICO - AMBULANCIA OEU782: 1. Cumple con los criterios que le sean aplicables de todos los servicios y adicionalmente, cuenta con: Ver Estandar transversal Talento Humano 1.1. Tecnologo en atencion prehospitalaria o tecnico profesional en atencion prehospitalaria o auxiliar en enfermerla, en cualquier caso, cuenta con constancia de asistencia en las acciones de formacion continua en soporte vital basico. Disponibilidad de auxiliares de enfermeria consta...",Misionales,1. Talento Humano,Visitas de verificacion de la Secretaria de Salud Departamental del Cauca,Almaguer,Almaguer,2025,3,13
1756.0,"SERVICIO 1103-TRANSPORTE ASISTENCIAL BASICO - AMBULANCIA OEU782: ESTANDAR DE INFRAESTRUCTURA: Cuenta con conductores con licencia para la conduccion del respectivo vehiculo, expedida por la autoridad competente. No todo el personal conductor cuenta con constancia de asistencia en las acciones de formacion continua en primeros auxilios o de primer respondiente. 12.2. Disponibilidad de area o ambiente para realizar el proceso de aseo, limpieza y desinfeccion de los vehrculos. Cuando el prestador...",Misionales,2. Infraestructura,Visitas de verificacion de la Secretaria de Salud Departamental del Cauca,Almaguer,Almaguer,2025,3,13
1757.0,"SERVICIO 1103-TRANSPORTE ASISTENCIAL BASICO - AMBULANCIA OEU782: Estandar de Dotacion: 31.23. Resucitador pulmonar manual. No cuenta con resucitador pulmonar manual. Estandar de Medicamentos, Dispositivos Medicos e Insumos: 36. Cumple con los criterios que le sean aplicables de todos los servicios y adicionalmente el prestador define los medicamentos, dispositivos medicos e insumas requeridos de acuerdo con lo documentado en el estandar de procesos prioritarios. No cumple con los criterios ...",Gestion de Recursos,3. Dotacion,Visitas de verificacion de la Secretaria de Salud Departamental del Cauca,Almaguer,Almaguer,2025,3,13
1758.0,"SERVICIO 1103-TRANSPORTE ASISTENCIAL BASICO - AMBULANCIA OEU782: Estandar de Procesos Prioritarios: 41, Cumple con los criterios que le sean aplicables de todos los servicios y adicionalmente cuenta con la siguiente informacion documentada: El prestador no cumple con los criterios que le sean aplicables de todos los servicios . 41.3. Atencion en salud de pacientes con problemas y trastornos en salud mental o consumo de sustancias psicoactivas. El prestador cuenta con documento "" Protocolo tr...",Misionales,5. Procesos Prioritarios,Visitas de verificacion de la Secretaria de Salud Departamental del Cauca,Almaguer,Almaguer,2025,3,13
1759.0,SERVICIO 1103-TRANSPORTE ASISTENCIAL BASICO - AMBULANCIA OEU782: standar de Historia Clinica y Registros 43. Cumple con los criterios que le sean aplicables de todos los servicios y adicionalmente cuenta con: El prestador no cumple con los criterios que sean aplicables a todos los servicios. 43.1.1. Nombre de los pacientes atendidos o trasladados. El prestador cuenta con informacion de pacientes trasladado pero no define la ambulancia y/o vehiculo utilizado para el traslado 43.1.2. Nombre d...,Misionales,6. Historia clinica y registros,Visitas de verificacion de la Secretaria de Salud Departamental del Cauca,Almaguer,Almaguer,2025,3,13
1760.0,"SERVICIO 1103-TRANSPORTE ASISTENCIAL BASICO - AMBULANCIA OCD865 Estandar de Talento Humano: 1. Cumple con los criterios que le sean aplicables de todos los servicios y adicionalmente, cuenta con: Ver Estandar transversal Talento Humano 1.1. Tecnologo en atencion prehospitalaria o tecnico profesional en atencion prehospitalaria o auxiliar en enfermerla, en cualquier caso, cuenta con constancia de asistencia en las acciones de formacion continua en soporte vital basico. Disponibilidad de auxi...",Misionales,1. Talento Humano,Visitas de verificacion de la Secretaria de Salud Departamental del Cauca,Almaguer,Almaguer,2025,3,13
1761.0,"SERVICIO 1103-TRANSPORTE ASISTENCIAL BASICO - AMBULANCIA OCD865 Estandar de Infraestructura 12.2. Disponibilidad de area o ambiente para realizar el proceso de aseo, limpieza y desinfeccion de los vehrculos. Cuando el prestador de servicios de salud contrate el proceso de aseo, limpieza y desinfeccion de los vehiculos con un tercero, cuenta con un contrato, o convenio o acuerdo escrito entre las partes. Para este caso el tercero cuenta con los permisos correspondientes expedidos por la autorida...",Gestion de Recursos,2. Infraestructura,Visitas de verificacion de la Secretaria de Salud Departamental del Cauca,Almaguer,Almaguer,2025,3,13
1762.0,"SERVICIO 1103-TRANSPORTE ASISTENCIAL BASICO - AMBULANCIA OCD865 Estandar de Dotacion: 31. Cumplen con los criterios definidos para todos los servicios y adicionalmente, cuentan con: Revisar estandar transversal. 31.2. Fonendoscopio adulto y pediatrico. Cuenta con fonendoscopio pediatrico, no cuenta con fonendoscopio adulto. 31.3. Tensiometro adulto y pediatrico. Cuenta con tensiometro pediatrico, no cuenta con fonendoscopio adulto. 31.6. Glucometro. No cuenta con glucometro. 31.12. Sill...",Gestion de Recursos,3. Dotacion,Visitas de verificacion de la Secretaria de Salud Departamental del Cauca,Almaguer,Almaguer,2025,3,13
1763.0,"SERVICIO 1103-TRANSPORTE ASISTENCIAL BASICO - AMBULANCIA OCD865 Estandar de Estandar de Medicamentos, Dispositivos Medicos e Insumos 37.1. Oxigeno medicinal. Cuenta con oxigeno medicinal 37.2. Aditamento supraglotico de varias tallas adulto y pediatrico. No cuenta con aditamento supraglotico",Misionales,"4. Medicamentos, dispositivos medicos e insumos",Visitas de verificacion de la Secretaria de Salud Departamental del Cauca,Almaguer,Almaguer,2025,3,13
1764.0,"SERVICIO 1103-TRANSPORTE ASISTENCIAL BASICO - AMBULANCIA OCD865 Estandar de Procesos Prioritarios: 41, Cumple con los criterios que le sean aplicables de todos los servicios y adicionalmente cuenta con la siguiente informacion documentada: El prestador no cumple con los criterios que le sean aplicables de todos los servicios . 41.3. Atencion en salud de pacientes con problemas y trastornos en salud mental o consumo de sustancias psicoactivas. El prestador cuenta con documento "" Protocolo tr...",Misionales,5. Procesos Prioritarios,Visitas de verificacion de la Secretaria de Salud Departamental del Cauca,Almaguer,Almaguer,2025,3,13
1765.0,SERVICIO 1103-TRANSPORTE ASISTENCIAL BASICO - AMBULANCIA OCD865 Estandar de Historia Clinica y Registros: Cumple con los criterios que le sean aplicables de todos los servicios y adicionalmente cuenta con: El prestador no cumple cpn los criterios que sean aplicables a todos los servicios. 43.1.1. Nombre de los pacientes atendidos o trasladados. El prestador cuenta con informacion de pacientes trasladado pero no define la ambulancia y/o vehiculo utilizado para el traslado 43.1.2. Nombre del...,Misionales,6. Historia clinica y registros,Visitas de verificacion de la Secretaria de Salud Departamental del Cauca,Almaguer,Almaguer,2025,3,13
1766.0,"SERVICIO 1103-TRANSPORTE ASISTENCIAL BASICO - AMBULANCIA ORO272: ESTANDAR DE TALENTO HUMANO 1. Cumple con los criterios que le sean aplicables de todos los servicios y adicionalmente, cuenta con: Ver Estandar transversal Talento Humano 1.1. Tecnologo en atencion prehospitalaria o tecnico profesional en atencion prehospitalaria o auxiliar en enfermerla, en cualquier caso, cuenta con constancia de asistencia en las acciones de formacion continua en soporte vital basico. Disponibilidad de aux...",Gestion de Talento Humano,1. Talento Humano,Visitas de verificacion de la Secretaria de Salud Departamental del Cauca,Almaguer,Almaguer,2025,3,13
1767.0,"SERVICIO 1103-TRANSPORTE ASISTENCIAL BASICO - AMBULANCIA ORO272: ESTANDAR DE INFRAESTRUCTURA: 12.2. Disponibilidad de area o ambiente para realizar el proceso de aseo, limpieza y desinfeccion de los vehrculos. Cuando el prestador de servicios de salud contrate el proceso de aseo, limpieza y desinfeccion de los vehiculos con un tercero, cuenta con un contrato, o convenio o acuerdo escrito entre las partes. Para este caso el tercero cuenta con los permisos correspondientes expedidos por la autor...",Gestion de Recursos,2. Infraestructura,Visitas de verificacion de la Secretaria de Salud Departamental del Cauca,Almaguer,Almaguer,2025,3,13
1768.0,"SERVICIO 1103-TRANSPORTE ASISTENCIAL BASICO - AMBULANCIA ORO272: Estandar de Dotacion: 31. Cumplen con los criterios definidos para todos los servicios y adicionalmente, cuentan con: Revisar estandar transversal. 31.5. Aspirador nasal manual. No cuenta con aspirador nasal manual. 31.7. Torniquetes para el control de hemorragias. No cuenta con torniquetes para el control de hemorragias. 31.10. Tabla espinal corta o chaleco de extraccion vehicular No cuenta con tabla de espinal corta. 31....",Gestion de Recursos,3. Dotacion,Visitas de verificacion de la Secretaria de Salud Departamental del Cauca,Almaguer,Almaguer,2025,3,13
1769.0,"SERVICIO 1103-TRANSPORTE ASISTENCIAL BASICO - AMBULANCIA ORO272: Estandar de Medicamentos, Dispositivos Medicos e Insumos 36. Cumple con los criterios que le sean aplicables de todos los servicios y adicionalmente el prestador define los medicamentos, dispositivos medicos e insumas requeridos de acuerdo con lo documentado en el estandar de procesos prioritarios. No Cumple con los criterios que le sean aplicables de todos los servicios 37.2. Aditamento supraglotico de varias tallas adulto y pe...",Misionales,"4. Medicamentos, dispositivos medicos e insumos",Visitas de verificacion de la Secretaria de Salud Departamental del Cauca,Almaguer,Almaguer,2025,3,13
1770.0,"SERVICIO 1103-TRANSPORTE ASISTENCIAL BASICO - AMBULANCIA ORO272: Estandar de Procesos Prioritarios 41. Cumple con los criterios que le sean aplicables de todos los servicios y adicionalmente cuenta con la siguiente informacion documentada: El prestador no cumple con los criterios que le sean aplicables de todos los servicios . 41.3. Atencion en salud de pacientes con problemas y trastornos en salud mental o consumo de sustancias psicoactivas. El prestador cuenta con documento "" Protocolo tr...",Misionales,5. Procesos Prioritarios,Visitas de verificacion de la Secretaria de Salud Departamental del Cauca,Almaguer,Almaguer,2025,3,13
1771.0,Estandar de Historia Clinica y Registros 43. Cumple con los criterios que le sean aplicables de todos los servicios y adicionalmente cuenta con: El prestador no cumple con los criterios que sean aplicables a todos los servicios. 43.1.1. Nombre de los pacientes atendidos o trasladados. El prestador cuenta con informacion de pacientes trasladado pero no define la ambulancia y/o vehiculo utilizado para el traslado 43.1.2. Nombre del acompanante o responsable. El prestador cuenta con informaci...,Misionales,6. Historia clinica y registros,Visitas de verificacion de la Secretaria de Salud Departamental del Cauca,Almaguer,Almaguer,2025,3,13
1851.0,"3. El prestador de servicios de salud determina la cantidad necesaria de talento humano requerido para cada uno de los servicios ofertados y prestados, de acuerdo con la capacidad instalada, la relacion entre oferta y demanda, la oportunidad en la prestacion, tiempo de la atencion y el riesgo en la atencion. Este criterio no aplica para el profesional independiente de salud: Cuentan con el documento "" MANUAL DE SUFICIENCIA DE LA RED"" Codigo MA-AP-TH-02 Septiembre 2023 Version 0, el cual debe se...",Gestion de Talento Humano,1. Talento Humano,Visitas de verificacion de la Secretaria de Salud Departamental del Cauca,Santa Rosa,Santa Rosa,2025,3,12
1852.0,"6. El talento humano en salud de los servicios de atencion del parto, cuidado intensivo y cuidado intermedio neonatal, pediatrico y adultos, cuentan con constancia de asistencia en las acciones de formacion continua para la gestion del duelo: No todo el talento humano del servicio de atencion del parto cuenta con constancia de asistencia.",Gestion de Talento Humano,1. Talento Humano,Visitas de verificacion de la Secretaria de Salud Departamental del Cauca,Santa Rosa,Santa Rosa,2025,3,12
1853.0,"8. Los profesionales de la medicina de los servicios de hospitalizacion de baja, mediana y alta complejidad, hospitalizacion paciente cronico con y sin ventilador, cuidados intensivos neonatales, pediatricos y adultos; urgencias y servicios del grupo quirurgico en modalidad intramural, cuentan con certificacion vigente de aprobacion de la evaluacion de competencias esenciales para el cuidado de la donante expedida por el Instituto Nacional de Salud: No todo el talento humano cuenta con certific...",Gestion de Talento Humano,1. Talento Humano,Visitas de verificacion de la Secretaria de Salud Departamental del Cauca,Santa Rosa,Santa Rosa,2025,3,12
1854.0,"11. El talento humano en salud de los servicios de transporte asistencial, atencion prehospitalaria y urgencias, cuentan con constancia de asistencia en las acciones de formacion continua en la atencion a personas victimas de ataques con agentes quimicos: No todo el talento humano de los servicios de transporte asistencial, atencion prehospitalaria y...",Gestion de Talento Humano,1. Talento Humano,Visitas de verificacion de la Secretaria de Salud Departamental del Cauca,Santa Rosa,Santa Rosa,2025,3,12
1855.0,"2. Los servicios de salud de: urgencias, cirugia y del grupo de internacion, asi como en los servicios de salud donde se realice el proceso de esterilizacion, deben contar con ambiente de aseo de uso exclusivo: No se evidencian cuartos de aseo para el grupo de internacion y para el proceso de esterilizacion.",Gestion de Recursos,2. Infraestructura,Visitas de verificacion de la Secretaria de Salud Departamental del Cauca,Santa Rosa,Santa Rosa,2025,3,12
1856.0,"El prestador de servicios de salud que realice el proceso de esterilizacion, cuenta con: 25.1. Ambiente o area de recibo de material contaminado: No cuenta con ambiente o area de recibo de material contaminado. 25.4. Ambiente o area de empaque: No cuenta con ambiente o area de empaque. 25.6. Ambiente o area para almacenamiento del material esteril: No cuenta con ambiente o area para almacenamiento del material esteril. 25.8. Lavamanos, cuando el proceso se realice fuera del servicio de sa...",Gestion de Recursos,2. Infraestructura,Visitas de verificacion de la Secretaria de Salud Departamental del Cauca,Santa Rosa,Santa Rosa,2025,3,12
1857.0,"30.1. Sala de procedimientos o curaciones. !Ambiente con minimo 8 m2, que cuenta con: 30.1.1. Meson de trabajo: 30.1.2. Poceta, cuando la requiera, segun los procedimientos que el prestador documente en el estandar de procesos prioritarios: 30.1.3. Lavamanos: No cuenta con sala de procedimientos.",Gestion de Recursos,2. Infraestructura,Visitas de verificacion de la Secretaria de Salud Departamental del Cauca,Santa Rosa,Santa Rosa,2025,3,12
1858.0,"32. Puesto de enfermeria Area con dimension variable que, de acuerdo con las necesidades de cada servicio, cumple con las siguientes caracteristicas: 32.1. Superficie de trabajo: 32.2. Permite la monitorizacion permanente de los pacientes o sistemas alternativos para su visualizacion: 32.3. Cuenta con alarma o sistema de llamado a enfermeria, donde se requiera: No cuenta con puesto de enfermeria.",Gestion de Recursos,2. Infraestructura,Visitas de verificacion de la Secretaria de Salud Departamental del Cauca,Santa Rosa,Santa Rosa,2025,3,12
1859.0,"33. Ambiente o area de trabajo limpio, que cuenta con: 33.1. Meson de trabajo: 33.2. Area para el almacenamiento y alistamiento de medicamentos: 33.3. Lavamanos: No cuenta con ambiente o area limpia.",Gestion de Recursos,2. Infraestructura,Visitas de verificacion de la Secretaria de Salud Departamental del Cauca,Santa Rosa,Santa Rosa,2025,3,12
1860.0,"34. Ambiente de trabajo sucio, que cuenta con: 34.1. Meson de trabajo con poceta. 34.2. Lavamanos: No cuenta con ambiente sucio.",Gestion de Recursos,2. Infraestructura,Visitas de verificacion de la Secretaria de Salud Departamental del Cauca,Santa Rosa,Santa Rosa,2025,3,12
1861.0,"35. Estacion de enfermeria, que cuenta con: 35.1. Puesto de enfermeria. 35.2. Ambiente o area de trabajo limpio. 35.3. Ambiente de trabajo sucio: No cuenta con estacion de enfermeria.",Gestion de Recursos,2. Infraestructura,Visitas de verificacion de la Secretaria de Salud Departamental del Cauca,Santa Rosa,Santa Rosa,2025,3,12
1862.0,Disponibilidad de los siguientes ambientes o areas: 35.4. Area o ambiente para el deposito de equipos biomedicos con dimension variable de acuerdo con las necesidades del servicio: No sevidencia ambiente para el deposito de equipos biomedicos con dimensiones variables. 35.5. Area o ambiente para deposito de ropa limpia de dimension variable de acuerdo con las necesidades del servicio: No evidencia ambiente para deposito de ropa limpia de dimension. 35.6. Ambiente para deposito de ropa sucia...,Gestion de Recursos,2. Infraestructura,Visitas de verificacion de la Secretaria de Salud Departamental del Cauca,Santa Rosa,Santa Rosa,2025,3,12
1863.0,"36. Bano, ambiente que cuenta con: 36.1. Sanitario: No cuenta con bano. 36.2. Lavamanos: No cuenta con bano. 36.3. Ducha: No cuenta con bano. 36.4. Alarma o sistema de llamado, donde se requiera: No cuenta con bano. 36.5. Puertas corredizas o con apertura hacia el exterior: No cuenta con bano.",Gestion de Recursos,2. Infraestructura,Visitas de verificacion de la Secretaria de Salud Departamental del Cauca,Santa Rosa,Santa Rosa,2025,3,12
1864.0,"38. La unidad sanitaria adaptada para personas con imovilidad reducida cuenta con: 38.3. Dimensiones que permita el desplazamiento del paciente y maniobra en su interior, las puertas tienen un ancho que permite el facil acceso de pacientes en sillas de ruedas: No cuenta con dimensiones que permita el desplazamiento del paciente y maniobra en su interior. 38.4. Puertas corredizas o con apertura hacia el exterior: No cuenta con puerta con apertura hacia el exterior ni correderas. 38.5. Acceso...",Gestion de Recursos,2. Infraestructura,Visitas de verificacion de la Secretaria de Salud Departamental del Cauca,Santa Rosa,Santa Rosa,2025,3,12
1865.0,"40.1. Ambiente o area con dimension variable de acuerdo al servicio o servicios, independiente de las areas de circulacion, que cuenta con ventilacion e iluminacion natural y/o artificial: Las dimension no son variable de acuerdo a los servicios, independiente de las areas de circulacion, que cuenta con ventilacion e iluminacion natural y artificial.",Gestion de Recursos,2. Infraestructura,Visitas de verificacion de la Secretaria de Salud Departamental del Cauca,Santa Rosa,Santa Rosa,2025,3,12
1866.0,"GENERALIDADES DE LAS CONDICIONES DE ORDEN, ASEO, LIMPIEZA Y DESINFECCION: 41. Las condiciones de orden, aseo, limpieza y desinfeccion son evidentes y responden a un proceso dinamico de acuerdo con los servicios prestados: No cumple con el criterio descrito en este item. 42. En las edificaciones destinadas a la prestacion de servicios de salud, los pisos deben ser resistentes a factores ambientales, deben ser continuos, antideslizantes, impermeables, lavables, solidos, resistentes a procesos ...",Gestion de Recursos,2. Infraestructura,Visitas de verificacion de la Secretaria de Salud Departamental del Cauca,Santa Rosa,Santa Rosa,2025,3,12
1867.0,"2.2. Hoja(s) de vida del(los) equipo(s) biomedicos(s), con los registros de los mantenimientos preventivos y correctivos, segun corresponda: Cuenta con hojas de vida en las cuales se evidencia que el item de adquisicion e instalacion no se encuentran diligenciados, se evidencia frecuencia cuatrimestral de mantenimiento preventivo, algunos equipos no cuentan con la continuidad de los mantenimientos ya que el ultimo reporte es de marzo de 2024, algunos equipos se encuentran solo con reporte de ma...",Gestion de Recursos,3. Dotacion,Visitas de verificacion de la Secretaria de Salud Departamental del Cauca,Santa Rosa,Santa Rosa,2025,3,12
1868.0,4. La dotacion de los servicios de salud esta en concordancia con lo definido por el prestador en el estandar de procesos prioritarios: No se evidencia concordancia con la dotacion segun lo definido por el prestador en el estandar de procesos prioritarios.,Gestion de Recursos,3. Dotacion,Visitas de verificacion de la Secretaria de Salud Departamental del Cauca,Santa Rosa,Santa Rosa,2025,3,12
1869.0,"5. La suficiencia de equipos biomedicos esta relacionada con la de uso de los mismos, incluyendo los tiempos del proceso de esterilizacion, cuando aplique: Cuenta con ""protocolo de suficiencia de equipos"" en este no se describe el tiempo de esterilizacion, ni el instrumental requerido para los servicios, se recomienda ajustar el programa donde se mencione las variables correspondientes.",Gestion de Recursos,3. Dotacion,Visitas de verificacion de la Secretaria de Salud Departamental del Cauca,Santa Rosa,Santa Rosa,2025,3,12
1870.0,16.1. Sistemas de telecomunicaciones de doble via: No cuenta con sistemas de telecomunicacion de doble via.,Gestion de Recursos,3. Dotacion,Visitas de verificacion de la Secretaria de Salud Departamental del Cauca,Santa Rosa,Santa Rosa,2025,3,12
1871.0,El prestador de servicios de salud lleva registros con la informacion de todos los medicamentos para uso humano requeridos en la prestacion de los servicios que oferte; dichos registros cuentan con la siguiente informacion: 1.1. Principio activo: 1.2. Forma farmaceutica: 1.6. Presentacion comercial: 1.7. Unidad de medida: No cuenta con el registro de la informacion correctamente.,Misionales,"4. Medicamentos, dispositivos medicos e insumos",Visitas de verificacion de la Secretaria de Salud Departamental del Cauca,Santa Rosa,Santa Rosa,2025,3,12
1872.0,2. Los dispositivos medicos de uso humano requeridos para la prestacion de los servicios de salud cuentan con informacion documentada que de cuenta de la verificacion y seguimiento de la siguiente informacion: 2.2. Marca del dispositivo: No Cuenta con el registro de la informacion. 2.3. Serie (cuando aplique): No cuenta con el registro de la informacion correctamente. 2.5. Registro sanitario vigente o permiso de comercializacion expedido por ellnvima: No cuenta con el registro de la inform...,Misionales,"4. Medicamentos, dispositivos medicos e insumos",Visitas de verificacion de la Secretaria de Salud Departamental del Cauca,Santa Rosa,Santa Rosa,2025,3,12
1873.0,"3. Los reactivos de diagnostico in vitro requeridos para la prestacion del servicios de salud cuentan con informacion documentada que de cuenta de la verificacion y seguimiento de la siguiente informacion: 3.1. Nombre: 3.2. Marca: 3.3. Presentacion comercial: 3.4. Registro sanitario vigente o permiso de comercializacion expedido por el Invima: 3.5. Clasificacion del riesgo sanitario: 3.6. Vida util, cuando aplique: 3.7. Fecha de vencimiento y lote: No cuenta con el registro de la informacion c...",Misionales,"4. Medicamentos, dispositivos medicos e insumos",Visitas de verificacion de la Secretaria de Salud Departamental del Cauca,Santa Rosa,Santa Rosa,2025,3,12
1874.0,"4. El prestador de servicios de salud de salud cuenta con informacion documentada de los procesos generales segun aplique, para: 4.4. Recepcion: Se evidencia documentado, se evidencia que no cuenta con adherencia, segun lo documentado, se evidencia que el proceso que realizan es totalmente distinto a lo escrito en el manual de procesos y procedimientos del servicio farmaceutico, codigo del documento MA-MIFA- 03 V02. 4.6. Conservacion: Se evidencia documentado, se evidencia que no cuenta con ...",Misionales,"4. Medicamentos, dispositivos medicos e insumos",Visitas de verificacion de la Secretaria de Salud Departamental del Cauca,Santa Rosa,Santa Rosa,2025,3,12
1875.0,"6. El prestador de servicios de salud cuenta con informacion documentada de la planeacion y ejecucion de los programas de farmacovigilancia, tecnovigilancia y reactivovigilancia, que garanticen el seguimiento al uso de medicamentos, dispositivos medicos (incluidos los sobre medida) y reactivos de diagnostico in vitro, cuando aplique: Se evidencia documento de farmacovigilancia con codigo de documento MA-MI-FA-01, no cuenta con adherencia, no cuenta con capacitaciones, no cuenta con usuario para...",Misionales,"4. Medicamentos, dispositivos medicos e insumos",Visitas de verificacion de la Secretaria de Salud Departamental del Cauca,Santa Rosa,Santa Rosa,2025,3,12
1876.0,"7. El prestador de servicios de salud que cuente con reservas de medicamentos, homeopaticos, fitoterapeuticos, medicamentos biologicos, componentes anatomicos, dispositivos medicos (incluidos los sobre medida), reactivos de diagnostico in vitro, y demas insumos asistenciales, debe garantizar que se almacenen en condiciones apropiadas de temperatura, humedad, ventilacion, segregacion y seguridad de acuerdo con las condiciones definidas por el fabricante o el banco del componente anatomico, segun ...",Misionales,"4. Medicamentos, dispositivos medicos e insumos",Visitas de verificacion de la Secretaria de Salud Departamental del Cauca,Santa Rosa,Santa Rosa,2025,3,12
1877.0,"8. Para la aplicacion del protocolo de lavado de manos o higienizacion, los servicios de salud cuentan con los insumos de aseo, limpieza y secado que garanticen su cumplimiento: No cuentan con los insumos de aseo, limpieza y secado que garanticen su cumplimiento, en algunos de los banos de los servicios, se observa que falta la rotulacion de los productos a utilizar.",Misionales,"4. Medicamentos, dispositivos medicos e insumos",Visitas de verificacion de la Secretaria de Salud Departamental del Cauca,Santa Rosa,Santa Rosa,2025,3,12
1878.0,"9. La suficiencia de dispositivos medicos esta relacionada con la frecuencia de uso de los mismos, incluyendo los tiempos del proceso de esterilizacion, cuando aplique: No cuenta con la suficiencia de dispositivos medicos donde se incluye los tiempos del proceso de esterilizacion.",Misionales,"4. Medicamentos, dispositivos medicos e insumos",Visitas de verificacion de la Secretaria de Salud Departamental del Cauca,Santa Rosa,Santa Rosa,2025,3,12
1879.0,"10. El prestador de servicios de salud cuenta con paquete para el manejo de derrames y rupturas de medicamentos, ubicado en un lugar de facil acceso, visible y con adecuada senalizacion, disponible para su uso en los servicios y ambientes donde se requieran. El prestador de servicios de salud define su contenido de acuerdo con los medicamentos utilizados y lo sugerido por el fabricante en las fichas tecnicas: No cuenta con paquete para el manejo de derrames y rupturas de medicamentos, ubicado e...",Misionales,"4. Medicamentos, dispositivos medicos e insumos",Visitas de verificacion de la Secretaria de Salud Departamental del Cauca,Santa Rosa,Santa Rosa,2025,3,12
1880.0,"12. El prestador debe mantener condiciones de almacenamiento, conservacion, control fechas de vencimiento, uso y custodia de los medicamentos, dispositivos medicos e insumos contenidos en los carros de paro: El prestador no mantiene las condiciones de almacenamiento, conservacion, control fechas de vencimiento, uso y custodia de los medicamentos, dispositivos medicos e insumos contenidos en los carros de paro.",Misionales,"4. Medicamentos, dispositivos medicos e insumos",Visitas de verificacion de la Secretaria de Salud Departamental del Cauca,Santa Rosa,Santa Rosa,2025,3,12
1881.0,"15. En los servicios de transporte asistencial, atencion prehospitalaria y urgencias cuenta con kit de emergencias para la atencion a victimas de ataques con agentes quimicos: No cuenta con kit de emergencias para la atencion a victimas de ataques con agentes quimicos.",Misionales,"4. Medicamentos, dispositivos medicos e insumos",Visitas de verificacion de la Secretaria de Salud Departamental del Cauca,Santa Rosa,Santa Rosa,2025,3,12
1882.0,"3. El prestador de servicios de salud cuenta con un comite o instancia que orienta y promueve la politica de seguridad del paciente, el control de infecciones y la optimizacion del uso de antibioticos, cuando los prescriba o administre. En el caso de profesionales independientes de salud podra ser el mismo prestador: La ESE presenta documento acta de reunion creacion comite de seguridad del paciente del 15 de julio de 2024 donde establece que se reuniran de manera trimestral segun cronograma el...",Misionales,5. Procesos Prioritarios,Visitas de verificacion de la Secretaria de Salud Departamental del Cauca,Santa Rosa,Santa Rosa,2025,3,12
1883.0,5. El prestador de servicios de salud promueve la cultura de seguridad del paciente que involucra a todo el personal de Mmanera sistematica con un enfoque educativo no punitivo mediante: 5.1. Capacitacion del personal en el tema de seguridad del paciente y en los principales riesgos de la atencion: La ESE presenta plan de capacitaciones 2024 el cual se encuentra en construccion en lo planeado hasta la fecha no se cuenta con temas de seguridad del paciente.,Misionales,5. Procesos Prioritarios,Visitas de verificacion de la Secretaria de Salud Departamental del Cauca,Santa Rosa,Santa Rosa,2025,3,12
1884.0,"6. El prestador de servicios de salud cuenta con informacion documentada de las actividades y procedimientos que se realizan en el servicio acordes con su objeto, alcance y enfoque diferencial, mediante guias de practica clinica- GPC, procedimientos de atencion, protocolos de atencion y otros documentos que el prestador de servicios de salud determine, dicha informacion incluye talento humano, equipos biomedicos, medicamentos y dispositivos medicos e insumos requeridos: La ESE presenta las sigu...",Misionales,5. Procesos Prioritarios,Visitas de verificacion de la Secretaria de Salud Departamental del Cauca,Santa Rosa,Santa Rosa,2025,3,12
1885.0,"10. El prestador de servicios de salud cuenta con informacion documentada de la adopcion, o adaptacion o desarrollo de guias practica clinica o protocolos basados en evidencia cientifica: No se cuenta con la informacion documentada.",Misionales,5. Procesos Prioritarios,Visitas de verificacion de la Secretaria de Salud Departamental del Cauca,Santa Rosa,Santa Rosa,2025,3,12
1886.0,"12. El prestador de servicios de salud cuenta con la siguiente informacion documentada: 12.1. Deteccion, prevencion y disminucion del riesgo de accidentes e incidentes de caracter radiologico, en los servicios donde aplique: Cuenta con un documento denominado PROGRAMA DE VIGILANCA RADIOLOGICA Version 1 del 13 de dciembre del 2022, no se encuentra socializado ni con medicion de adherencia. 12.2. Aseo, limpieza y desinfeccion de areas y superficies: El prestador presenta el Manual de limpieza ...",Misionales,5. Procesos Prioritarios,Visitas de verificacion de la Secretaria de Salud Departamental del Cauca,Santa Rosa,Santa Rosa,2025,3,12
1887.0,"13.1. Buenas practicas de esterilizacion de acuerdo con los procedimientos y tecnicas que se utilicen, que describa como iminimo los siguientes aspectos: 13.1.1. Recibo de productos contaminados y entrega de material esteril: Cuenta con un manual de buenas practicas de esterilizacion MA-ES-CA-02 Version 01 fecha abril del 2023 aplicable a todas las unidades de atencion, el cual cumple con la especificaciones . Sin embargo el documento no se encuentra socializacion ni cuenta con medicion de adh...",Misionales,5. Procesos Prioritarios,Visitas de verificacion de la Secretaria de Salud Departamental del Cauca,Santa Rosa,Santa Rosa,2025,3,12
1888.0,"15. Los prestadores de servicios de salud tienen definidos procedimientos que garanticen el cumplimiento del no reuso de dispositivos medicos cuando el fabricante asi lo haya establecido: Al momento de la verificacion se evidenica que cuenta documentada la politica de uso y no reuso de dispositivos medicos vigencia 2019 y con un Manual de uso y reuso de dispositivos medicos MA -ES- CA-01 version 01 abril del 2023, en el cual se identifica que cuenta definido con un listado de dispositivos de re...",Misionales,5. Procesos Prioritarios,Visitas de verificacion de la Secretaria de Salud Departamental del Cauca,Santa Rosa,Santa Rosa,2025,3,12
1889.0,"16. Hasta tanto el Ministerio de Salud y Proteccion Social regule la materia, el prestador de servicios de salud podra reusar dispositivos medicos, siempre y cuando el fabricante de dichos dispositivos autorice su reuso. En tal caso, el prestador de servicios de salud cuenta con informacion documentada que defina: 16.1. Los procedimientos, siguiendo las recomendaciones del fabricante, para el reprocesamiento y control de calidad que demuestren la eficacia, desempeno y esterilidad del producto: ...",Misionales,5. Procesos Prioritarios,Visitas de verificacion de la Secretaria de Salud Departamental del Cauca,Santa Rosa,Santa Rosa,2025,3,12
1890.0,"17. Para la referencia de pacientes, el prestador de servicios de salud cuenta con la siguiente informacion documentada: 17.1. Estabilizacion del paciente antes del traslado: Al momento de la verificacion se verifica documento PR-MI-HU 52 VERSION 1 Febrero del 2024. No se evidencia socializacion de documento, no cuenta con medicion de adherencia, no se evidencia dentro del plan de capacitacion del ano 2024 . 17.2. Medidas para el traslado: Al momento de la verificacion se verifica documento ...",Misionales,5. Procesos Prioritarios,Visitas de verificacion de la Secretaria de Salud Departamental del Cauca,Santa Rosa,Santa Rosa,2025,3,12
1891.0,"17.3. Lista de chequeo de los documentos necesarios para el traslado que incluya: 17.3.1. Diligenciamiento del formato de referencia de pacientes: 17.3.2. Resultados de apoyos diagnosticos realizados al paciente: 17.3.3. Resumen de historia clinica: 17.3.4. Mecanismos tecnologicos que le permitan realizar el proceso (software, correo, entre otros): 17.3.5. Talento humano que debe responsabilizarse de cada una de las etapas del proceso: 17.3.6. La referencia de pacientes que se detecten como vic...",Misionales,5. Procesos Prioritarios,Visitas de verificacion de la Secretaria de Salud Departamental del Cauca,Santa Rosa,Santa Rosa,2025,3,12
1892.0,"20. La Institucion Prestadora de Servicios de Salud que cuente con servicios de salud de los grupos de consulta externa, internacion o el servicio de urgencias, cuenta con: 20.1. Documento del proceso institucional que orienta la atencion en salud de las victimas de violencias sexuales. Al momento de la verificacion se evidencia documento de protocolo de atencion a victimas de violencia sexual Codigo MI-PP-VS Version 2. febrero del 2023. Se evidencia que solo esta contextualizado para el punt...",Misionales,5. Procesos Prioritarios,Visitas de verificacion de la Secretaria de Salud Departamental del Cauca,Santa Rosa,Santa Rosa,2025,3,12
1893.0,"22. En los servicios de transporte asistencial, atencion prehospitalaria y urgencias, se cuenta con documento del proceso que orienta la atencion en salud a victimas de ataques con agentes quimicos: Cuenta con protocolo quemaduras por acidos Codigo: PT-MI-UR-53 Version O Fecha julio 2020. Al momento de la verificacion no se tiene programado dentro del plan institucional de capacitacion 2024.",Misionales,5. Procesos Prioritarios,Visitas de verificacion de la Secretaria de Salud Departamental del Cauca,Santa Rosa,Santa Rosa,2025,3,12
1894.0,"23. Los prestadores de servicios de salud cuentan con informacion documentada de las condiciones de almacenamiento, conservacion, control de fechas de vencimiento, uso y custodia de los medicamentos, dispositivos medicos e insumos contenidos en los kits de derrames de medicamentos, ataque con agentes quimicos y de violencias sexuales, segun su contenido: No se cuenta documentado las condiciones de almacenamiento, conservacion, control de fechas de vencimiento, uso y custodia de los medicamentos...",Misionales,5. Procesos Prioritarios,Visitas de verificacion de la Secretaria de Salud Departamental del Cauca,Santa Rosa,Santa Rosa,2025,3,12
1895.0,"24. Las Instituciones Prestadoras de Servicios de Salud con servicios de hospitalizacion, hospitalizacion de paciente cronico con y sin ventilador, cuidado intensivo neonatal, pediatrico y adulto, urgencias y del grupo quirurgico, en la modalidad intramural, cuentan con la siguiente Informacion documentada: 24.1. Manejo de la enfermedad cerebro vascular: Al momento de la verificacion se evidencia documento denominado PROTOCOLO ACCIDENTE CEREBROVASCULAR (ACV), version O fecha 2022, se evidencia...",Misionales,5. Procesos Prioritarios,Visitas de verificacion de la Secretaria de Salud Departamental del Cauca,Santa Rosa,Santa Rosa,2025,3,12
1896.0,"27. Cuando el prestador de servicios de salud realice ""pruebas en el punto de atencion del paciente - (Point of Care Testing - POCT)"" en un servicio habilitado cuenta con: 27.1. Informacion documentada sobre la toma, procesamiento, control de calidad y entrega de resultados: En el momento de la verificacion no se evidencia documentado. 27.2. Controles de calidad realizados por un servicio de laboratorio clinico que puede ser propio o contratado para tal fin, cuando aplique, de acuerdo a las e...",Misionales,5. Procesos Prioritarios,Visitas de verificacion de la Secretaria de Salud Departamental del Cauca,Santa Rosa,Santa Rosa,2025,3,12
1897.0,"28. Orientacion a los usuarios sobre las condiciones, requisitos y restricciones de acceso, permanencia y salida del vehiculo, en condiciones de rutina o en condiciones de emergencia, a cargo del conductor del vehiculo y el talento humano en salud: En el momento de la verificacion no se evidencia documentado.",Misionales,5. Procesos Prioritarios,Visitas de verificacion de la Secretaria de Salud Departamental del Cauca,Santa Rosa,Santa Rosa,2025,3,12
1898.0,29. Mecanismos que garanticen comunicacion para el seguimiento de los pacientes que lo requieran: En el momento de la verificacion no se evidencia documentado.,Misionales,5. Procesos Prioritarios,Visitas de verificacion de la Secretaria de Salud Departamental del Cauca,Santa Rosa,Santa Rosa,2025,3,12
1899.0,"30. Mecanismos de supervision de las actividades realizadas en el marco de los eventos de interes en salud publica, cuando aplique: En el momento de la verificacion no se evidencia documentado.",Misionales,5. Procesos Prioritarios,Visitas de verificacion de la Secretaria de Salud Departamental del Cauca,Santa Rosa,Santa Rosa,2025,3,12
1900.0,"IMODALIDADES INTRAMURAL, EXTRAMURAL: UNIDAD MOVIL, DOMICILIARIA, JORNADA DE SALUD Y TELEMEDICINA PRESTADOR REMISOR - PRESTADOR DE REFERENCIA: 4. Las historias clinicas cuentan con los componentes y los contenidos minimos definidos en la normatividad que regula la materia: La historia clinica digital CADUCEOS SITIS tiene pendiente parametrizar el telefono y parentesco del responsable.",Misionales,6. Historia clinica y registros,Visitas de verificacion de la Secretaria de Salud Departamental del Cauca,Santa Rosa,Santa Rosa,2025,3,12
1901.0,"IMODALIDADES INTRAMURAL, EXTRAMURAL: UNIDAD MOVIL, DOMICILIARIA, JORNADA DE SALUD Y TELEMEDICINA PRESTADOR REMISOR - PRESTADOR DE REFERENCIA: 5. La historia clinica y los registros asistenciales se diligencian en forma clara, legible, sin tachones, enmendaduras, intercalaciones, sin dejar espacios en blanco y sin utilizar siglas: La historia clinica digital CADUCEOS SITIS realiza registros asistenciales de forma clara, legible, sin tachones, enmendaduras, intercalaciones, con utilizacion de si...",Misionales,6. Historia clinica y registros,Visitas de verificacion de la Secretaria de Salud Departamental del Cauca,Santa Rosa,Santa Rosa,2025,3,12
1902.0,"7. El diligenciamiento de los registros de atencion de la historia clinica se realiza simultanea o inmediatamente despues de la atencion en salud: Se evidencia historia cinica digital CADUCEOS SITIS -- el diligenciamiento de los registros de atencion de la historia clinica verificadas se realizan no simultanea o inmediatamente despues de la atencion en salud del servicio de medicina ,enfermeria adicionalmete no hay la suficiencia de usiuarios para el ingreso al sistema en ocasiones no puede ingr...",Misionales,6. Historia clinica y registros,Visitas de verificacion de la Secretaria de Salud Departamental del Cauca,Santa Rosa,Santa Rosa,2025,3,12
1903.0,"8. La historia clinica y demas registros son conservados en archivo unico garantizando la custodia y confidencialidad de los documentos o registros protegidos legalmente por reserva: Se evidencia historia cinica digital CADUCEOS SITIS y demas registros son conservados en archivo unico garantizando la custodia y confidencialidad de los documentos o registros protegidos legalmente por reserva se ingresa usuario ingresa con su contrasena,pero los consetimientos son guardados en los consultorios pe...",Misionales,6. Historia clinica y registros,Visitas de verificacion de la Secretaria de Salud Departamental del Cauca,Santa Rosa,Santa Rosa,2025,3,12
1904.0,"9. El prestador de servicios de salud cuenta con un procedimiento de consentimiento informado que incluye mecanismos para verificar su aplicacion, para que el paciente o usuario o su responsable aprueben o no documentalmente el procedimiento e intervencion en salud a que va a ser sometido, previa informacion de los beneficios, riesgos, alternativas e implicaciones del acto asistencial: Se evidencia que el prestador de servicios de salud cuenta con un MANUAL DE CONSENTIMIENTO INFORMADO que inclu...",Misionales,6. Historia clinica y registros,Visitas de verificacion de la Secretaria de Salud Departamental del Cauca,Santa Rosa,Santa Rosa,2025,3,12
1905.0,"11. Cuenta con los siguientes registros, cuando los prestadores de servicios de salud realicen el proceso de esterilizacion dentro del servicio y fuera de centrales de esterilizacion: 11.1. Actividades documentadas y realizadas en el procedimiento de reuso de dispositivos medicos acorde con las recomendaciones del fabricante, incluyendo el numero de reusos por cada dispositivo esterilizado: No se evidencia registro de de reusos por cada dispositivo esterilizado. 11.2. Registro de cargas: No ...",Misionales,6. Historia clinica y registros,Visitas de verificacion de la Secretaria de Salud Departamental del Cauca,Santa Rosa,Santa Rosa,2025,3,12
1906.0,"IMODALIDAD EXTRAMURAL JORNADA DE SALUD Y UNIDAD MOVIL: 14.7. Nombre de los pacientes atendidos: 14.8. Nombre de los pacientes trasladados: 14.9. Fecha y hora de ingreso al servicio: No se evidencia registro. 14.10. Cuidados por parte del personal de salud: No aporta informacion el prestador. 14.12. Registros de las fechas de llegada y de salida, cuando aplique: No aporta informacion el prestador. 14.13. Registros de las actividades realizadas: No aporta informacion el prestador.",Misionales,6. Historia clinica y registros,Visitas de verificacion de la Secretaria de Salud Departamental del Cauca,Santa Rosa,Santa Rosa,2025,3,12
1907.0,"1. Cumple con los criterios que le sean aplicables de todos los servicios y adicionalmente, disponibilidad de: Ver Estandar transversal Talento Humano.",Gestion de Talento Humano,1. Talento Humano,Visitas de verificacion de la Secretaria de Salud Departamental del Cauca,Santa Rosa,Santa Rosa,2025,3,12
1908.0,Modalidades intramural. telemedicina - prestador remisor - categoria telexpenicia: 20. Cumple con los criterios que le sean aplicables de todos los servicios y adicionalmente cuenta con: No cumple con los criterios que le sean aplicables de todos los servicios. 20.1. Sala de procedimientos cuando el servicio cuente con habitaciones multiples: No cuenta con sala de procedimientos. 20.2. Estacion de enfermeria: No cuenta con estacion de enfermeria. 20.4. Habitacion individual o multiple par...,Gestion de Recursos,2. Infraestructura,Visitas de verificacion de la Secretaria de Salud Departamental del Cauca,Santa Rosa,Santa Rosa,2025,3,12
1909.0,21. Disponibilidad de: 21 .1. Sala de visitas: dispone de sala de visitas. 21.2. Unidades sanitarias discriminadas por sexo: No dispone de unidades sanitarias discriminadas por sexo. 21.3. Ambiente para almacenamiento y distribucion de alimentos: No dispone de ambiente para la preparacion y distribucion de alimentos.,Gestion de Recursos,2. Infraestructura,Visitas de verificacion de la Secretaria de Salud Departamental del Cauca,Santa Rosa,Santa Rosa,2025,3,12
1910.0,25. Cumple con los criterios que le sean aplicables de todos los servicios y adicionalmente cuenta con: Revisar estandar transversal.,Gestion de Recursos,3. Dotacion,Visitas de verificacion de la Secretaria de Salud Departamental del Cauca,Santa Rosa,Santa Rosa,2025,3,12
1911.0,"35. Cumple con los criterios que le sean aplicables de todos los servicios y adicionalmente, cuenta con: No cumple con los criterios que le sean aplicables de todos los servicios.",Gestion de Recursos,"4. Medicamentos, dispositivos medicos e insumos",Visitas de verificacion de la Secretaria de Salud Departamental del Cauca,Santa Rosa,Santa Rosa,2025,3,12
1912.0,"Modalidades intramural, telemedicina - prestador remisor - categoria telexpenicia: 42. Cumple con los criterios que le sean aplicables de todos los servicios y adicionalmente cuenta con la siguiente informacion documentada: Se verifico en el estandar transversal. 42.1. Criterios de ingreso y egreso al servicio: Prestador no presenta documentacion. 42.2. Manejo de las principales causas de hospitalizacion, segun oferta: Se verifica las causas principales de atencion mediante el principio es...",Misionales,5. Procesos Prioritarios,Visitas de verificacion de la Secretaria de Salud Departamental del Cauca,Santa Rosa,Santa Rosa,2025,3,12
1913.0,"48. Cumple con los criterios que le sean aplicables de todos los servicios: Ver transversal de historia clinica, cuenta con historia clinica digital.",Misionales,6. Historia clinica y registros,Visitas de verificacion de la Secretaria de Salud Departamental del Cauca,Santa Rosa,Santa Rosa,2025,3,12
1914.0,"1. Cumple con los criterios que le sean aplicables de todos los servicios y adicionalmente, disponibilidad de: Ver Estandar transversal Talento Humano.",Gestion de Talento Humano,1. Talento Humano,Visitas de verificacion de la Secretaria de Salud Departamental del Cauca,Santa Rosa,Santa Rosa,2025,3,12
1915.0,Modalidades intramural. telemedicina - prestador remisor - categoria telexpenicia: 20. Cumple con los criterios que le sean aplicables de todos los servicios y adicionalmente cuenta con: No cumple con los criterios que le sean aplicables de todos los servicios. 20.1. Sala de procedimientos cuando el servicio cuente con habitaciones multiples: No cuenta con sala de procedimientos. 20.2. Estacion de enfermeria: No cuenta con estacion de enfermeria. 20.4. Habitacion individual o multiple par...,Gestion de Recursos,2. Infraestructura,Visitas de verificacion de la Secretaria de Salud Departamental del Cauca,Santa Rosa,Santa Rosa,2025,3,12
1916.0,21. Disponibilidad de: 21 .1. Sala de visitas: No dispone de sala de visitas. 21.2. Unidades sanitarias discriminadas por sexo: No dispone de unidades sanitarias discriminadas por sexo. 21.3. Ambiente para almacenamiento y distribucion de alimentos: No dispone de ambiente para la preparacion y distribucion de alimentos.,Gestion de Recursos,2. Infraestructura,Visitas de verificacion de la Secretaria de Salud Departamental del Cauca,Santa Rosa,Santa Rosa,2025,3,12
1917.0,25. Cumple con los criterios que le sean aplicables de todos los servicios y adicionalmente cuenta con: Revisar estandar transversal.,Gestion de Recursos,3. Dotacion,Visitas de verificacion de la Secretaria de Salud Departamental del Cauca,Santa Rosa,Santa Rosa,2025,3,12
1918.0,"35. Cumple con los criterios que le sean aplicables de todos los servicios y adicionalmente, cuenta con: No cumple con los criterios que le sean aplicables de todos los servicios.",Gestion de Recursos,"4. Medicamentos, dispositivos medicos e insumos",Visitas de verificacion de la Secretaria de Salud Departamental del Cauca,Santa Rosa,Santa Rosa,2025,3,12
1919.0,"Modalidades intramural, telemedicina - prestador remisor - categoria telexpenicia: 42. Cumple con los criterios que le sean aplicables de todos los servicios y adicionalmente cuenta con la siguiente informacion documentada: Se verifico en el estandar transversal. 42.1. Criterios de ingreso y egreso al servicio: Prestador no presenta documentacion. 42.2. Manejo de las principales causas de hospitalizacion, segun oferta: Se verifica las causas principales de atencion mediante el principio es...",Misionales,5. Procesos Prioritarios,Visitas de verificacion de la Secretaria de Salud Departamental del Cauca,Santa Rosa,Santa Rosa,2025,3,12
1920.0,"42.13. llustrar al paciente en el auto cuidado de la salud y la preservacion de la seguridad de su atencion: El prestador cuenta con documento definido como PROTOCOLO AUTOCUIDADO PACIENTE Y SUS CUIDADORES PT-MI-HO 01- Version 2 fecha junio 20204, no se encuentra socializado para el afip 2024. 42.14. Informacion a usuarios: El prestador no presenta documento solicitado. 42.15. Revision del carro de paro: Cuenta con el documento CHEQUEO DEL DESFIBIRLADOR Y VERIFICACION DEL CARRO DE PARO,sin c...",Misionales,5. Procesos Prioritarios,Visitas de verificacion de la Secretaria de Salud Departamental del Cauca,Santa Rosa,Santa Rosa,2025,3,12
1921.0,"48. Cumple con los criterios que le sean aplicables de todos los servicios: Ver transversal de historia clinica, cuenta con historia clinica digital.",Misionales,6. Historia clinica y registros,Visitas de verificacion de la Secretaria de Salud Departamental del Cauca,Santa Rosa,Santa Rosa,2025,3,12
1922.0,"10.3. Minimo una (1) unidad sanitaria discriminada por sexo apta para personas con movilidad reducida, o bateria sanitaria discriminada por sexo con minimo una (1) unidad sanitaria aptapara personas con movilidad reducida, cuando el prestador cuente con mas de dos consultorios o ambientes de entrevista: No cuenta con bacterias sanitarias discriminadas por sexo con una (1) unidad sanitaria apta para personas con movilidad reducida.",Gestion de Recursos,2. Infraestructura,Visitas de verificacion de la Secretaria de Salud Departamental del Cauca,Santa Rosa,Santa Rosa,2025,3,12
1923.0,"19. El consultorio donde se realice examen fisico cumple con los criterios que le sean aplicables de todos los servicios y adicionalmente cuenta con: 19.5. Equipo de organos de los sentidos: No cuenta con equipo de organos de los sentidos. 19.6. Martillo de reflejos: No cuenta con martillo de reflejos. 19.10. Termometro, cuando lo requiera: No cuenta con termometro.",Gestion de Recursos,3. Dotacion,Visitas de verificacion de la Secretaria de Salud Departamental del Cauca,Santa Rosa,Santa Rosa,2025,3,12
1924.0,"24. Para la consulta externa de medicina general, cuenta con: 24.1. Fonendoscopio para adulto o pediatrico segun la oferta del servicio. 24.2. Tensiometro para adulto o pediatrico segun la oferta del servicio: 24.3. Equipo de organos de los sentidos: 24.4. Oximetro: 24.5. Glucometro: 24.6. Martillo de reflejos: 24.7. Termometro, cuanto lo requiera: 24.8. Cinta metrica: 24.9. Bascula grado medico o pesa bebe, segun la oferta del servicio: No cuenta con el equipo de este item correspondiente.",Gestion de Recursos,3. Dotacion,Visitas de verificacion de la Secretaria de Salud Departamental del Cauca,Santa Rosa,Santa Rosa,2025,3,12
1925.0,25. El prestador de servicios de salud cuenta con la dotacion necesaria para realizar los procedimientos documentados en el estandar de procesos prioritarios: Se encuentra documentado en el estandar de procesos prioritarios pero no se evidencian los equipos.,Gestion de Recursos,3. Dotacion,Visitas de verificacion de la Secretaria de Salud Departamental del Cauca,Santa Rosa,Santa Rosa,2025,3,12
1926.0,32. Cumple con los criterios que le sean aplicables de todos los servicios: No Cumple con los criterios que le sean aplicables de todos los servicios.,Misionales,"4. Medicamentos, dispositivos medicos e insumos",Visitas de verificacion de la Secretaria de Salud Departamental del Cauca,Santa Rosa,Santa Rosa,2025,3,12
1927.0,"35. Cumple con los criterios que le sean aplicables de todos los servicios y adicionalmente cuando se realicen procedimientos. cuenta con la siguiente informacion documentada: 35.1. Procedimientos que se pueden realizar, incluyendo aquellos que requieran anestesia local y no impliquen anestesia regional ni seneral: Presenta el listado de procedimiento que se ejecutan dentro de la parte asistencial por parte delos profesionales de enfermeria para los servicios intramurales, para la prestacion e...",Misionales,5. Procesos Prioritarios,Visitas de verificacion de la Secretaria de Salud Departamental del Cauca,Santa Rosa,Santa Rosa,2025,3,12
1928.0,"41. Cumple con los criterios que le sean aplicables de todos los servicios: Ver transversal de historia clinica, cuenta con historia clinica digital.",Misionales,6. Historia clinica y registros,Visitas de verificacion de la Secretaria de Salud Departamental del Cauca,Santa Rosa,Santa Rosa,2025,3,12
1929.0,"10.3. Minimo una (1) unidad sanitaria discriminada por sexo apta para personas con movilidad reducida, o bateria sanitaria discriminada por sexo con minimo una (1) unidad sanitaria apta para personas con movilidad reducida, cuando el prestador cuente con mas de dos consultorios o ambientes de entrevista: No cuenta con bacterias sanitarias discriminadas por sexo con una (1) unidad sanitaria apta para personas con movilidad reducida.",Gestion de Recursos,2. Infraestructura,Visitas de verificacion de la Secretaria de Salud Departamental del Cauca,Santa Rosa,Santa Rosa,2025,3,12
1930.0,32. Cumple con los criterios que le sean aplicables de todos los servicios: No Cumple con los criterios que le sean aplicables de todos los servicios.,Gestion de Recursos,"4. Medicamentos, dispositivos medicos e insumos",Visitas de verificacion de la Secretaria de Salud Departamental del Cauca,Santa Rosa,Santa Rosa,2025,3,12
1931.0,"35. Cumple con los criterios que le sean aplicables de todos los servicios y adicionalmente cuando se realicen procedimientos. cuenta con la siguiente informacion documentada: 35.1. Procedimientos que se pueden realizar, incluyendo aquellos que requieran anestesia local y no impliquen anestesia regional ni general: Presenta el listado de procedimiento que se ejecutan dentro de la parte asistencial por parte de los profesionales de medicina general para los servicios intramurales, para la prest...",Misionales,5. Procesos Prioritarios,Visitas de verificacion de la Secretaria de Salud Departamental del Cauca,Santa Rosa,Santa Rosa,2025,3,12
1932.0,"41. Cumple con los criterios que le sean aplicables de todos los servicios: Ver transversal de historia clinica, cuenta con historia clinica digital.",Misionales,6. Historia clinica y registros,Visitas de verificacion de la Secretaria de Salud Departamental del Cauca,Santa Rosa,Santa Rosa,2025,3,12
1933.0,"10.3. Minimo una (1) unidad sanitaria discriminada por sexo apta para personas con movilidad reducida, o bateria sanitaria discriminada por sexo con minimo una (1) unidad sanitaria apta para personas con movilidad reducida, cuando el prestador cuente con mas de dos consultorios o ambientes de entrevista: No cuenta con bacterias sanitarias discriminadas por sexo con una (1) unidad sanitaria apta para personas con movilidad reducida.",Gestion de Recursos,2. Infraestructura,Visitas de verificacion de la Secretaria de Salud Departamental del Cauca,Santa Rosa,Santa Rosa,2025,3,12
1934.0,32. Cumple con los criterios que le sean aplicables de todos los servicios: No Cumple con los criterios que le sean aplicables de todos los servicios.,Gestion de Recursos,"4. Medicamentos, dispositivos medicos e insumos",Visitas de verificacion de la Secretaria de Salud Departamental del Cauca,Santa Rosa,Santa Rosa,2025,3,12
1935.0,"41. Cumple con los criterios que le sean aplicables de todos los servicios: En visita de verificacion no cumple con los criterios que le sean aplicables de todos los servicios, adicionalmente se evidencia que en el servicio la profesional no cuenta con computador para los registros de la historia clinica al momento de la atencion , se evidencia que no todas las historias clinicas cuentan con consentimientos informados.",Misionales,6. Historia clinica y registros,Visitas de verificacion de la Secretaria de Salud Departamental del Cauca,Santa Rosa,Santa Rosa,2025,3,12
1936.0,"10.3. Minimo una (1) unidad sanitaria discriminada por sexo apta para personas con movilidad reducida, o bateria sanitaria discriminada por sexo con minimo una (1) unidad sanitaria apta para personas con movilidad reducida, cuando el prestador cuente con mas de dos consultorios o ambientes de entrevista: No cuenta con bacterias sanitarias discriminadas por sexo con una (1) unidad sanitaria apta para personas con movilidad reducida.",Gestion de Recursos,2. Infraestructura,Visitas de verificacion de la Secretaria de Salud Departamental del Cauca,Santa Rosa,Santa Rosa,2025,3,12
1937.0,"23.6. Instrumental basico definido por el prestador de acuerdo con la oferta del servicio (adultos o pediatria), la capacidad instalada, los procedimientos documentados en el estandar de procesos prioritarios y la tecnica de esterilizacion y numero de ciclos de esterilizacion al dia: En el estandar de procesos prioritarios no se evidencia documentado el instrumental de acuerdo a lo verificado, tampoco se evidencia la tecnica de esterilizacion y numero de ciclos de esterilizacion al dia.",Gestion de Recursos,3. Dotacion,Visitas de verificacion de la Secretaria de Salud Departamental del Cauca,Santa Rosa,Santa Rosa,2025,3,12
1938.0,"26. Para la consulta odontologica, cuenta con: 26.2. Lampara de fotocurado o amalgamador segun la oferta del servicio: No cuentan con lampara de fotocurado para la modalidad. 26.6. Instrumental basico esteril definido por el prestador de acuerdo con la oferta del servicio (adultos o pediatria), la capacidad instalada y los procedimientos documentados en el estandar de procesos prioritarios: En el estandar de procesos prioritarios no se evidencia documentado el instrumental de acuerdo a lo ve...",Gestion de Recursos,3. Dotacion,Visitas de verificacion de la Secretaria de Salud Departamental del Cauca,Santa Rosa,Santa Rosa,2025,3,12
1939.0,27. Cumple con los criterios que le sean aplicables de todos los servicios: Revisar estandar transversal.,Gestion de Recursos,3. Dotacion,Visitas de verificacion de la Secretaria de Salud Departamental del Cauca,Santa Rosa,Santa Rosa,2025,3,12
1940.0,32. Cumple con los criterios que le sean aplicables de todos los servicios: No Cumple con los criterios que le sean aplicables de todos los servicios.,Misionales,"4. Medicamentos, dispositivos medicos e insumos",Visitas de verificacion de la Secretaria de Salud Departamental del Cauca,Santa Rosa,Santa Rosa,2025,3,12
1941.0,"35.1. Procedimientos que se pueden realizar, incluyendo aquellos que requieran anestesia local y no impliquen anestesia regional ni general: El prestador no cuenta con documento donde se evidencia los requisitos para manejo de anestesia local, cuenta con anotaciones en los protocolos de procedimientos donde deginie el manejo de la anestesia pero no describe las cantidades y riesgos posibles para el manejo y uso de los anestesico locales.",Misionales,5. Procesos Prioritarios,Visitas de verificacion de la Secretaria de Salud Departamental del Cauca,Santa Rosa,Santa Rosa,2025,3,12
1942.0,35.2. Informacion al paciente sobre: 35.2.1. Preparacion: 35.2.2. Recomendaciones post procedimiento: 35.2.3. Controles: 35.2.4. Posibles complicaciones: No cuenta con la informacion solicitada.,Misionales,5. Procesos Prioritarios,Visitas de verificacion de la Secretaria de Salud Departamental del Cauca,Santa Rosa,Santa Rosa,2025,3,12
1943.0,"41. Cumple con los criterios que le sean aplicables de todos los servicios: El prestador no cuenta con registros de consentimientos firmados por el paciente ni por el profesional, se evidencia espacios vacios, en los registros de la historia clinica.",Misionales,6. Historia clinica y registros,Visitas de verificacion de la Secretaria de Salud Departamental del Cauca,Santa Rosa,Santa Rosa,2025,3,12
1944.0,1.1. Profesional de la medicina o profesional de la enfermeria: Se debe asignar un profesional de la Enfermeria o de la medicina para la supervision del personal auxiliar.,Gestion de Talento Humano,1. Talento Humano,Visitas de verificacion de la Secretaria de Salud Departamental del Cauca,Santa Rosa,Santa Rosa,2025,3,12
1945.0,"4.4 Ambiente de vacunacion, para administracion de Mmedicamentos biologicos, que cuenta con: 4.4.3. Area para el alistamiento de termos o cajas termicas: No cuenta con area para el alistamiento de termos. 4.4.4. Area de cadena de frio que incluye un meson con poceta, con capacidad para el lavado de los termos, con grifo cuello de cisne o ducha telefono, que puede estar ubicado en otro ambiente diferente al consultorio: No cuenta con area de cadena de frio. 4.4.6. Lavamanos: No cuenta con l...",Gestion de Recursos,2. Infraestructura,Visitas de verificacion de la Secretaria de Salud Departamental del Cauca,Santa Rosa,Santa Rosa,2025,3,12
1946.0,"5. Adicional a los criterios definidos para todos los servicios, la sede del prestador de servicios de salud que habilite el servicio de vacunacion cuenta con: 5.1. Ambiente para el alistamiento de termos y cajas termicas: No cuenta con area el alistamiento de termos o cajas termicas. 5.2. Ambiente de cadena de frio, que puede ser el mismo de la modalidad intramural, que incluye un meson con poceta, con capacidad para el lavado de los termos, con grifo cuello de cisne o ducha telefono: No Cu...",Gestion de Recursos,2. Infraestructura,Visitas de verificacion de la Secretaria de Salud Departamental del Cauca,Santa Rosa,Santa Rosa,2025,3,12
1947.0,"8.1 Si se presenta interrupcion de la cadena de frio, el prestador de servicios de salud realiza notificacion segun el procedimiento establecido por el Invima: No cumplen con los criterios que sean aplicables de todos los servicio, cuenta con protocolo de notificacion si se presenta interrupcion de la cadena de frio.",Misionales,"4. Medicamentos, dispositivos medicos e insumos",Visitas de verificacion de la Secretaria de Salud Departamental del Cauca,Santa Rosa,Santa Rosa,2025,3,12
1948.0,"10. Cumple con los criterios que le sean aplicables de todos los servicios, la modalidad intramural y adicionalmente cuenta con: 10.1 Si el prestador de servicios de salud administra la vacuna en un ambiente diferente al consultorio de vacunacion cuenta con informacion documentada para el alistamiento de los biologicos para uso diario, asi como la conservacion de la cadena de frio. El prestador presenta documento denominado SALIDA EXTRAMURAL Pt-mi-ce-25 Version 03 Fecha enero 2024, el cual se ...",Misionales,5. Procesos Prioritarios,Visitas de verificacion de la Secretaria de Salud Departamental del Cauca,Santa Rosa,Santa Rosa,2025,3,12
1949.0,"1. Cumple con los criterios que le sean aplicables de todos los servicios y adicionalmente, cuenta con: Ver Estandar transversal Talento Humano.",Gestion de Talento Humano,1. Talento Humano,Visitas de verificacion de la Secretaria de Salud Departamental del Cauca,Santa Rosa,Santa Rosa,2025,3,12
1950.0,7. Cumple con los criterios que le sean aplicables de todos los servicios: No cumple con todos los criterios aplicable a los servicios.,Gestion de Recursos,2. Infraestructura,Visitas de verificacion de la Secretaria de Salud Departamental del Cauca,Santa Rosa,Santa Rosa,2025,3,12
1951.0,"8. Cuenta con: 8.2.2. Ducha manual o lavaojos que puede ser compartida entre los ambientes tecnicos: No cuenta con ducha manual o lavaojos. 8.4. Ambiente para la toma de muestras especiales (cuando las realice), que cumple con los criterios definidos para el servicio de toma de muestras de laboratorio clinico: No cuenta con ambiente para la toma de muestras especiales. 8.5. Cubiculo para toma de muestras, (cuando se realice), quecumple con los criterios definidos para el servicio de toma de...",Gestion de Recursos,2. Infraestructura,Visitas de verificacion de la Secretaria de Salud Departamental del Cauca,Santa Rosa,Santa Rosa,2025,3,12
1952.0,"12. Cumple con los criterios que le sean aplicables de todos los servicios y adicionalmente, cuenta con: Revisar estandar transversal.",Gestion de Recursos,3. Dotacion,Visitas de verificacion de la Secretaria de Salud Departamental del Cauca,Santa Rosa,Santa Rosa,2025,3,12
1953.0,"14. Cumple con los criterios que le sean aplicables de todos los servicios y adicionalmente cuenta con: Medicamentos, dispositivos medicos e insumos requeridos para el procesamiento de las muestras, de acuerdo con las pruebas que realice: No Cumple con los criterios que le sean aplicables de todos los servicios, cuenta con Medicamentos, dispositivos medicos e insumos requeridos para el procesamiento de las muestras.",Gestion de Recursos,"4. Medicamentos, dispositivos medicos e insumos",Visitas de verificacion de la Secretaria de Salud Departamental del Cauca,Santa Rosa,Santa Rosa,2025,3,12
1954.0,"Modalidades intramural, extramural unidad movil, jornada de salud, telemedicina - prestador remisor: 16. Cumple con los criterios que le sean aplicables de todos los servicios y adicionalmente cuenta con la siguiente informacion documentada: Nota: No registra observacion. 16.1. Programa de control de calidad interno y externo, que contemple las pruebas realizadas: El prestador para la vigencia 2024 no ha participado en el control externo de calidad, presenta soporte de contratacion desde el ...",Gestion de Calidad,5. Procesos Prioritarios,Visitas de verificacion de la Secretaria de Salud Departamental del Cauca,Santa Rosa,Santa Rosa,2025,3,12
1955.0,"Modalidades intramural, extramural unidad movil, jornada de salud, telemedicina - prestador remisor 18. Cumple con los criterios que le sean aplicables de todos los servicios y adicionalmente cuenta con: No cumple con los criterios que le son aplicables a todos los servicios. 18.3. Registro de validacion secundaria o verificacion: El prestador no presenta la informacion solicitada. 18.6. Registro de control de calidad interno y externo: Cuenta con registros y analisis del control interno, ...",Misionales,6. Historia clinica y registros,Visitas de verificacion de la Secretaria de Salud Departamental del Cauca,Santa Rosa,Santa Rosa,2025,3,12
1956.0,1. Cumple con los criterios que le sean aplicables de todos los servicios y adicionalmente cuenta con: Ver Estandar transversal Talento Humano.,Gestion de Talento Humano,1. Talento Humano,Visitas de verificacion de la Secretaria de Salud Departamental del Cauca,Santa Rosa,Santa Rosa,2025,3,12
1957.0,3. Cumple con los criterios que le sean aplicables de todos los servicios y adicionalmente: No cumple con todos los criterios aplicable a los servicios.,Gestion de Recursos,2. Infraestructura,Visitas de verificacion de la Secretaria de Salud Departamental del Cauca,Santa Rosa,Santa Rosa,2025,3,12
1958.0,"4. Cuenta con: 4.2. Cubiculo para la toma de muestras: No cuenta con cubiculo para la toma de muestras. 4.3. Ambiente para la toma de muestras especiales cuando lo oferte, cuenta con unidad sanitaria y perchero (si el procedimiento lo indica): No cuenta con ambiente para la toma de muestras especiales. 4.4. Lavamanos: No cuenta con lavamanos. 4.5. Area de preparacion, embalaje y remision de las muestras que cuenta con: No cuenta con area de preparacion, embalaje y remision de las muestas...",Gestion de Recursos,2. Infraestructura,Visitas de verificacion de la Secretaria de Salud Departamental del Cauca,Santa Rosa,Santa Rosa,2025,3,12
1959.0,"Modalidades intramural, extramural unidad movil, jornada de salud y domiciliaria: 7. Cumple con los criterios que le sean aplicables de todos los servicios y adicionalmente cuenta con: Revisar estandar transversal. 7.1 Equipos biomedicos necesarios, segun las muestras que se tomen, de acuerdo con lo documentado en el estandar de procesos prioritarios. No cuenta con la documentacion donde se describan los equipos necesarios para la prestacion del servicio en las modalidades.",Gestion de Recursos,3. Dotacion,Visitas de verificacion de la Secretaria de Salud Departamental del Cauca,Santa Rosa,Santa Rosa,2025,3,12
1960.0,"Modalidades intramural, extramural unidad movil, jornada de dsalud y domiciliaria: 8. Cumple con los criterios que le sean aplicables de todos los servicios y adicionalmente cuenta con: No cumple con los criterios que le sean aplicables de todos los servicios.",Misionales,"4. Medicamentos, dispositivos medicos e insumos",Visitas de verificacion de la Secretaria de Salud Departamental del Cauca,Santa Rosa,Santa Rosa,2025,3,12
1961.0,"Modalidades intramural, extramural unidad movil, jornada de salud y domiciliaria: 9. Cumple con los criterios que le sean aplicables de todos los Servicios y adicionalmente, cuenta con la siguiente informacion documentada: No cumple con los criterios que le son aplicables a todos los servicios. 9.4. Procedimiento y condiciones para la toma de muestras en la modalidad extramural cuando se realicen: El prestador cuenta con documento MA-MI-LA 13 Manual de toma, transporte, conservacion y remisi...",Misionales,5. Procesos Prioritarios,Visitas de verificacion de la Secretaria de Salud Departamental del Cauca,Santa Rosa,Santa Rosa,2025,3,12
1962.0,10. Cumple con los criterios que le sean aplicables de todos los servicios y adicionalmente cuenta con: No cumple con los criterios que le son aplicables a todos los servicios.,Misionales,6. Historia clinica y registros,Visitas de verificacion de la Secretaria de Salud Departamental del Cauca,Santa Rosa,Santa Rosa,2025,3,12
1963.0,"1. Cumple con los criterios que le sean aplicables de todos los: No cuentan con Tecnologo en Regencia de Farmacia, se evidencia que la auxiliar NUBIA JANTEH.",Gestion de Talento Humano,1. Talento Humano,Visitas de verificacion de la Secretaria de Salud Departamental del Cauca,Santa Rosa,Santa Rosa,2025,3,12
1964.0,4. Cumple con los criterios que le sean aplicables de todos los servicios: No cumple con los criterios que le sean aplicables de todos los servicios.,Gestion de Recursos,2. Infraestructura,Visitas de verificacion de la Secretaria de Salud Departamental del Cauca,Santa Rosa,Santa Rosa,2025,3,12
1965.0,11. Cumple con los criterios que le sean aplicables de todos los servicios: No cumple con los criterios que le sean aplicables de todos los servicios.,Misionales,"4. Medicamentos, dispositivos medicos e insumos",Visitas de verificacion de la Secretaria de Salud Departamental del Cauca,Santa Rosa,Santa Rosa,2025,3,12
1966.0,11. Cumple con los criterios que le sean aplicables de todos los servicios: No cumple con los criterios que le sean aplicables de todos los servicios.,Misionales,"4. Medicamentos, dispositivos medicos e insumos",Visitas de verificacion de la Secretaria de Salud Departamental del Cauca,Santa Rosa,Santa Rosa,2025,3,12
1967.0,15. Cumple con los criterios que le sean aplicables de todos los servicios y adicionalmente cuenta con la siguiente informacion documentada: No cumple con los criterios que le sean aplicables de todos los servicios.,Misionales,5. Procesos Prioritarios,Visitas de verificacion de la Secretaria de Salud Departamental del Cauca,Santa Rosa,Santa Rosa,2025,3,12
1968.0,19. Cumple con los criterios que le sean aplicables de todos los servicios: No Cumple con los criterios que le sean aplicables de todos los servicios.,Misionales,6. Historia clinica y registros,Visitas de verificacion de la Secretaria de Salud Departamental del Cauca,Santa Rosa,Santa Rosa,2025,3,12
1969.0,1. Cumple con los criterios que le sean aplicables de todos los servicios y adicionalmente cuenta con: Estandar transversal Talento Humano.,Gestion de Talento Humano,1. Talento Humano,Visitas de verificacion de la Secretaria de Salud Departamental del Cauca,Santa Rosa,Santa Rosa,2025,3,12
1970.0,"Modalidad intramural: 3. Cumple con los criterios que le sean aplicables de todos los servicios y adicionalmente cuenta con: No cumple con todos los criterios aplicable a los servicios. 3.1. Ambiente para la toma de muestras especiales, con unidad sanitaria y perchero: No cuenta con ambiente para la toma de muestras especiales, con unidad sanitaria y perchero. 3.3. Area o ambiente de preparacion, embalaje y remision de las muestras con meson de trabajo: No dispone de area de preparacion, e...",Gestion de Recursos,2. Infraestructura,Visitas de verificacion de la Secretaria de Salud Departamental del Cauca,Santa Rosa,Santa Rosa,2025,3,12
1971.0,6. Cumple con los criterios que le sean aplicables de todos los servicios y adicionalmente cuenta con: Revisar estandar transversal.,Gestion de Recursos,3. Dotacion,Visitas de verificacion de la Secretaria de Salud Departamental del Cauca,Santa Rosa,Santa Rosa,2025,3,12
1972.0,7. Cumple con los criterios que le sean aplicables de todos los servicios y adicionalmente cuenta con: No cumple con los criterios que le sean aplicables de todos los servicios.,Misionales,"4. Medicamentos, dispositivos medicos e insumos",Visitas de verificacion de la Secretaria de Salud Departamental del Cauca,Santa Rosa,Santa Rosa,2025,3,12
1973.0,"odalidades intramural, extramural unidad movil y jornada de salud: 8. Cumple con los criterios que le sean aplicables de todos los servicios y adicionalmente, cuenta con la siguiente informacion documentada: No cumplen con los criterios que le son aplicables de todos los servicios. 8.4. Control de calidad: No cuenta con la informacion documentada. 8.5. Entrega de resultados: El prestador en el momento de la visita se observan resultados pendientes desde el dia 29 de agosto hasta la fecha, ...",Misionales,5. Procesos Prioritarios,Visitas de verificacion de la Secretaria de Salud Departamental del Cauca,Santa Rosa,Santa Rosa,2025,3,12
1974.0,"Modalidades intramural, extramural unidad movil y jornada de salud: 9. Cumple con los criterios que le sean aplicables de todos los servicios y adicionalmente cuenta con los siguientes registros: No cumplen con los criterios que le son aplicables de todos los servicios. 9.4. Analisis del control de calidad y de las medidas preventivas y correctivas: No cuenta con la informacion documentada.",Misionales,6. Historia clinica y registros,Visitas de verificacion de la Secretaria de Salud Departamental del Cauca,Santa Rosa,Santa Rosa,2025,3,12
1975.0,"1. Cumple con los criterios que le sean aplicables de todos los servicios y adicionalmente, cuenta con: Ver Estandar transversal Talento Humano.",Gestion de Talento Humano,1. Talento Humano,Visitas de verificacion de la Secretaria de Salud Departamental del Cauca,Santa Rosa,Santa Rosa,2025,3,12
1976.0,"Modalidades intramural, telemedicina - prestador remisor: 9. Cumple con los criterios que le sean aplicables de todos los servicios y adicionalmente cuenta con: No cumple con todos los criterios aplicable a los servicios. 9.2. Area de recepcion y entrega de pacientes: No cuenta con area de recepcion y entrega de pacientes. 9.3. Vestidor para pacientes que funciona como filtro: No cuenta con vestidor para pacientes que funciona como filtro. 9.4. Vestidor para talento humano que funciona co...",Gestion de Recursos,2. Infraestructura,Visitas de verificacion de la Secretaria de Salud Departamental del Cauca,Santa Rosa,Santa Rosa,2025,3,12
1977.0,"11. Ambiente de trabajo de parto cuenta con: No cuenta con ambiente de trabajo de partos. 11.1. Ambiente para dos camillas por cada mesa de parto: No cuenta con ambiente para dos camillas por cada mesa de parto. 11.2. Sistema de vacio: No cuenta con sistema de vacio, pero la red no se encuentran funcionamiento. Barrera fisica movil o fija entre camillas que permite facil limpieza y desinfeccion y la privacidad del paciente, cuando exista mas de una camilla: No cuenta con barrera fisica mo...",Gestion de Recursos,2. Infraestructura,Visitas de verificacion de la Secretaria de Salud Departamental del Cauca,Santa Rosa,Santa Rosa,2025,3,12
1978.0,"Barrera fisica movil o fija entre camillas que permite facil limpieza y desinfeccion y la privacidad del paciente, cuando exista mas de una camilla: 12.2. Sistema de vacio: No cuenta con sistema de vacio, pero la red no se encuentran funcionamiento. 12.3. Lavamanos quirurgico en cantidad igual al numero de partos, ubicado antes del ingreso a cada sala de partos: No cuenta con dos lavamanos quirurgico. 12.4 La puerta de la sala permite la visualizacion entre el interior y el exterior o cuent...",Gestion de Recursos,2. Infraestructura,Visitas de verificacion de la Secretaria de Salud Departamental del Cauca,Santa Rosa,Santa Rosa,2025,3,12
1979.0,15. Ambiente de recuperacion que cuenta con: No cuenta con ambiente de recuperacion. 15.1 Puesto de enfermeria: No cuenta con peusto de enfermeria. 15.2. Area para dos camillas por cada mesa de parto: No cuenta con dos camillas para la sala de partos.,Gestion de Recursos,2. Infraestructura,Visitas de verificacion de la Secretaria de Salud Departamental del Cauca,Santa Rosa,Santa Rosa,2025,3,12
1980.0,"Modalidades Intramural, telemedicina - prestador remisor: 19. Cumple con los criterios que le sean aplicables de todos los servicios y adicionalmente: Revisar estandar transversal.",Gestion de Recursos,3. Dotacion,Visitas de verificacion de la Secretaria de Salud Departamental del Cauca,Santa Rosa,Santa Rosa,2025,3,12
1981.0,19.2. La sala de partos cuenta con: 19.2.1 Lampara pielftica o cielltica: No cuenta con lampara pielitica. 19.2.3. Equipo para atencion de partos: El equipo para la atencion de partos se encuentra con oxido. 19.2.4. Equipo de episiotomla y episiorrafia: El equipo de episiotomia y episorrafia se encuentra con oxido.,Gestion de Recursos,3. Dotacion,Visitas de verificacion de la Secretaria de Salud Departamental del Cauca,Santa Rosa,Santa Rosa,2025,3,12
1982.0,"19.3.7. Laringoscopio con hoja neonatal: Cuenta con laringoscopio con hojas rectas y curvas para adultos, se evidencia una hoja de paciente neonatal, no se encuentran esteriles.",Gestion de Recursos,3. Dotacion,Visitas de verificacion de la Secretaria de Salud Departamental del Cauca,Santa Rosa,Santa Rosa,2025,3,12
1983.0,"Modalidades intramural, telemedicina - prestador remisor: 24. Cumple con los criterios que le sean aplicables de todos los servicios y adicionalmente cuenta con: No cumple con los criterios que le sean aplicables de todos los servicios. 24.1. Cateteres para vena umbilical: No cuenta con Cateteres para vena umbilical.",Misionales,"4. Medicamentos, dispositivos medicos e insumos",Visitas de verificacion de la Secretaria de Salud Departamental del Cauca,Santa Rosa,Santa Rosa,2025,3,12
1984.0,25.1. Cateteres para vena umbilical: No cuenta con Cateteres para vena umbilical.,Misionales,"4. Medicamentos, dispositivos medicos e insumos",Visitas de verificacion de la Secretaria de Salud Departamental del Cauca,Santa Rosa,Santa Rosa,2025,3,12
1985.0,"Modalidades intramural, telemedicina - prestador remisor: 27. Cumple con los criterios que le sean aplicables de todos los servicios y adicionalmente cuenta con la siguiente informacion documentada: Ver transversal de procesos prioritarios. 27.1. Atencion del parto: La ESE cuenta con documento disminuir los riegos de enfermedad y muerte de la mujer y el recien nacido y optimizar el pronostico de los mismo durante todas las etapas del parto, iniciando con la admision de la paciente en el tria...",Misionales,5. Procesos Prioritarios,Visitas de verificacion de la Secretaria de Salud Departamental del Cauca,Santa Rosa,Santa Rosa,2025,3,12
1986.0,"30. Cumple con los criterios que le sean aplicables de todos los servicios y adicionalmente cuenta con partograma para toda materna en trabajo de parto: Ver transversal de historia clinica, cuenta con historia clinica digital que incluye partograma.",Misionales,6. Historia clinica y registros,Visitas de verificacion de la Secretaria de Salud Departamental del Cauca,Santa Rosa,Santa Rosa,2025,3,12
1987.0,"16. El servicio de urgencias cuenta con: No cumple con todos los criterios aplicable a los servicios. 16.1. Acceso directo desde el exterior de la edificacion, localizado en el mismo piso o nivel donde funciona el servicio: No se evidencia acceso directo desde el exterior de la edificacion, localizado en el mismo piso. 16.2. Ambientes y areas definidas para la prestacion del servicio, ubicadas en el mismo piso o nivel: No cumple con el criterio descrito en este item. 16.3. Circulacion al ...",Gestion de Talento Humano,1. Talento Humano,Visitas de verificacion de la Secretaria de Salud Departamental del Cauca,Santa Rosa,Santa Rosa,2025,3,12
1988.0,"Modalidades intramura/, telemedicina - prestador remisor: 18. Cumple con los criterios que le sean aplicables de todos los servicios y adicionalmente cuenta con: No cumple con todos los criterios aplicable a los servicios. 18.1. Sala de espera: No cuenta con sala de espera. 18.2. Unidades sanitarias discriminadas por sexo. De las cuales minimo una (1) unidad sanitaria discriminada por sexo, es apta para personas con movilidad reducida: No cuenta con unidades sanitarias discriminadas por se...",Gestion de Recursos,2. Infraestructura,Visitas de verificacion de la Secretaria de Salud Departamental del Cauca,Santa Rosa,Santa Rosa,2025,3,12
1989.0,18.14. Sala de reanimacion (12 m2) que cuenta con: No cuenta con sala de reanimacion. 18.14.1 Meson de trabajo con poceta: No cuenta con meson de trabajo con poceta. 18.14.2. Lavamanos: No cuenta con lavamanos.,Gestion de Recursos,2. Infraestructura,Visitas de verificacion de la Secretaria de Salud Departamental del Cauca,Santa Rosa,Santa Rosa,2025,3,12
1990.0,"18.15. Sala de observacion adultos (6 m2 por camilla) independiente por sexo, que cuenta con: No cuenta con sala de observacion adultos de seis (6) camillas. 18.15.1. Estacion de enfermeria que puede compartirse con la sala de observacion pediatrica: No cuenta con estacion de enfermeria. 18.15.2. Bano discriminado por sexo con ducha telefono: No cuenta con bano discriminado por sexo. 18.15.3. Barrera fisica movil o fija entre camillas: No cuenta con barrera fisica movil entre camillas. 1...",Gestion de Recursos,2. Infraestructura,Visitas de verificacion de la Secretaria de Salud Departamental del Cauca,Santa Rosa,Santa Rosa,2025,3,12
1991.0,"18.16. Sala de observacion pediatrica (6 m2 por camilla), que cuenta con: No cuenta con sala de observacion pediatrica para dos (2) camillas. 18.16.1. Estacion de enfermeria que (puede compartirse con la sala de observacion adultos: No cuenta cone estacion de enfermeria que se comparte con observacion adultos. 18.16.2. Bano con ducha telefono y area acondicionada para batiar y vestir los lactantes: No cuenta con bano con ducha telefono. 18.16.3. Barrera fisica movil o fija entre camillas: ...",Gestion de Recursos,2. Infraestructura,Visitas de verificacion de la Secretaria de Salud Departamental del Cauca,Santa Rosa,Santa Rosa,2025,3,12
1992.0,"22. Cumple con los criterios que le sean aplicables de todos los servicios y adicionalmente cuenta con: Revisar estandar transversal. 22.3. Elementos para sujecion fisica para pacientes adultos y pediatricos: No cuenta con elementos para sujecion fisica para pacientes adultos y pediatricos. 22.4. Equipo de toracostomia: No cuenta con equipo de toracostomia. 22.5. Carro de paro para paciente adulto y pediatrico: No cuenta con dotacion a paciente pediatrico, laringoscopio sin esterilizar.",Gestion de Recursos,3. Dotacion,Visitas de verificacion de la Secretaria de Salud Departamental del Cauca,Santa Rosa,Santa Rosa,2025,3,12
1993.0,"23. Consultorio de urgencias, que cuenta con: No cuenta con consultorio de urgencias. 23.2. Tensiometro adulto y pediatrico: No cuenta con tensiometro adulto, no cuenta con tensiometro pediatrico, en el area adaptada. 23.3. Fonendoscopio adulto y pediatrico: No cuenta con fonendoscopio adulto, no cuenta con fonendoscopio pediatrico, en el area. 23.4. Termometro: No cuenta con termometro, en el area adaptada. 23.8. Martillo de reflejos: No cuenta con martillo de reflejos, en el area adap...",Gestion de Recursos,3. Dotacion,Visitas de verificacion de la Secretaria de Salud Departamental del Cauca,Santa Rosa,Santa Rosa,2025,3,12
1994.0,"24. Sala de procedimientos, que cuenta con: 24.3. Equipo de pequena cirugia: No cuenta con equipo de pequena cirugia. 24.4. Dotacion requerida conforme con lo documentado en el estandar de procesos prioritarios: En el estandar de procesos prioritarios no describe la dotacion requerida para el servicio. 24.5. Oxigeno medicinal que puede ser suministrado mediantesalida de oxigeno medicinal o mediante oxigeno medicinal portatil: No cuenta con oxigeno medicinal. 24.6. Succion. Puede ser sumin...",Gestion de Recursos,3. Dotacion,Visitas de verificacion de la Secretaria de Salud Departamental del Cauca,Santa Rosa,Santa Rosa,2025,3,12
1995.0,"26. Sala de observacion, que cuenta con: 26.2. Dotacion requerida conforme con lo documentado en el estandar de procesos prioritarios: En el estandar de procesos prioritarios no describe la dotacion requerida para el servicio. 26.3. Oxigeno medicinal que puede ser suministrado mediante salida de oxigeno medicinal o mediante oxigeno medicinal portatil por camilla: No cuenta con oxigeno medicinal. 26.4. Succion. Puede ser suministrado mediante sistema devacio o mediante aspirador: No cuenta ...",Gestion de Recursos,3. Dotacion,Visitas de verificacion de la Secretaria de Salud Departamental del Cauca,Santa Rosa,Santa Rosa,2025,3,12
1996.0,27. Ambiente de transicion que cuenta con: No cuenta con ambiente de transicion. 27.1. Silla reclinable escualizable: No Cuenta con silla reclinable.,Gestion de Recursos,3. Dotacion,Visitas de verificacion de la Secretaria de Salud Departamental del Cauca,Santa Rosa,Santa Rosa,2025,3,12
1997.0,"28. Sala de reanimacion, que cuenta con: 28.2. Mesa auxiliar rodante: No cuenta con mesa auxilixar rodante. 28.3. Aspirador para cada camilla: No cuenta con aspirador para cada camilla.",Gestion de Recursos,3. Dotacion,Visitas de verificacion de la Secretaria de Salud Departamental del Cauca,Santa Rosa,Santa Rosa,2025,3,12
1998.0,28.4. Monitor de signos vitales con accesorios adultos o pediatricos que cuenta como minimo con: No cuenta con monitor. 28.4.1. Trazado electrocardiografico: No cuenta con monitor. 28.4.2. Presion no invasiva: No cuenta con monitor. 28.4.3. Saturacion de oxigeno: No cuenta con monitor. 28.4.4. Temperatura: No cuenta con monitor. 28.6. Lampara o fuente de iluminacion movil o fija: No cuenta con lampara. 28.7. Carro de paro: No cuenta con carro de paro.,Gestion de Recursos,3. Dotacion,Visitas de verificacion de la Secretaria de Salud Departamental del Cauca,Santa Rosa,Santa Rosa,2025,3,12
1999.0,34. Cumple con los Criterios que le sean aplicables de todos los servicios y adicionalmente cuenta con: No cumple con los criterios que le sean aplicables de todos los servicios.,Misionales,"4. Medicamentos, dispositivos medicos e insumos",Visitas de verificacion de la Secretaria de Salud Departamental del Cauca,Santa Rosa,Santa Rosa,2025,3,12
2000.0,36. Cumple con los criterios definidos en todos los servicios y adicionalmente cuenta con la siguiente informacion documentada: Ver transversal procesos prioritarios. 36.1. Ronda medica de evolucion diaria de pacientes: La ESE presenta PR-MI-HO-01 ronda de seguridad del paciente lo cual no es alugar a lo solicitado en el presente criterio. 36.3. Entrega de turno por parte de enfermeria y de medicina: La ESE presenta documento PT-MI-CE-29 protocolo de recibo y entrega de turno el cual tiene ...,Misionales,5. Procesos Prioritarios,Visitas de verificacion de la Secretaria de Salud Departamental del Cauca,Santa Rosa,Santa Rosa,2025,3,12
2001.0,36.15. Criterios clinicos para la ubicacion y atencion de pacientes en el ambiente de transicion: No cuenta con la informacion solicitada.,Misionales,5. Procesos Prioritarios,Visitas de verificacion de la Secretaria de Salud Departamental del Cauca,Santa Rosa,Santa Rosa,2025,3,12
2002.0,"36.16. Criterios clinicos para referir y recibir a un usuario a servicios de consulta externa, hospitalizacion u otros servicios de cualquier complejidad: No cuenta con la informacion solicitada.",Misionales,5. Procesos Prioritarios,Visitas de verificacion de la Secretaria de Salud Departamental del Cauca,Santa Rosa,Santa Rosa,2025,3,12
2003.0,36.17. Identificacion de pacientes que por su condicion clinica pueden ser tratados en su domicilio: No cuenta con la informacion solicitada.,Misionales,5. Procesos Prioritarios,Visitas de verificacion de la Secretaria de Salud Departamental del Cauca,Santa Rosa,Santa Rosa,2025,3,12
2004.0,36.18. Identificacion de pacientes que por su condicion clinica pueden ser derivados a servicios de consulta externa que cuenten con la estrategia de consulta prioritaria: No cuenta con la informacion solicitada.,Misionales,5. Procesos Prioritarios,Visitas de verificacion de la Secretaria de Salud Departamental del Cauca,Santa Rosa,Santa Rosa,2025,3,12
2005.0,"36.19. Manejo de urgencias que incluya: No cuenta con toda la informacion documentada. 36.19.2. Agitacion psicomotora, conducta suicida y agresion a terceros: La ESE cuenta con documento PT-MI-UR-47 paciente agitado en el servicio de urgencia el cual dicta los lineamientos y estrategias para el manejo del paciente agitado, conducta suicida y agresion a terceros, el cual no se encuentra socializado. 36.19.3. Agudizacion de sintomas psiquiatricos e intervencion en crisis: La ESE cuenta con do...",Misionales,5. Procesos Prioritarios,Visitas de verificacion de la Secretaria de Salud Departamental del Cauca,Santa Rosa,Santa Rosa,2025,3,12
2006.0,"36.21. Informacion al paciente sobre recomendaciones al egreso, criterios de reingreso, controles y posibles complicaciones: No cuenta con la informacion solicitada.",Misionales,5. Procesos Prioritarios,Visitas de verificacion de la Secretaria de Salud Departamental del Cauca,Santa Rosa,Santa Rosa,2025,3,12
2007.0,"36.23. Atencion en salud a victimas de violencia sexual segun normatividad vigente: La ESE cuenta con documento protocolo de atencion a victimas de violencia sexual el cual tiene como objetivo garantizar la atencion integral a toda victima de violencia sexual de acorde a los criterios basicos e indispensables para el abordaje integral de las victimas de violencia sexual, no se cuenta con soporte de socializacion.",Misionales,5. Procesos Prioritarios,Visitas de verificacion de la Secretaria de Salud Departamental del Cauca,Santa Rosa,Santa Rosa,2025,3,12
2008.0,"36.24. Aislamiento de pacientes que por su condicion clinica lo requieran: La ESE cuenta con documento PT-MI-HO-64 aislamiento de paciente el cual define los lineamientos para los diferentes tipos de aislamiento bajo las precauciones universales, no se cuenta con soporte de medicion de adherencia ni de socializacion.",Misionales,5. Procesos Prioritarios,Visitas de verificacion de la Secretaria de Salud Departamental del Cauca,Santa Rosa,Santa Rosa,2025,3,12
2009.0,"36.25. Documento que orienta la atencion en salud de pacientes con problemas y trastornos en salud mental o consumo de sustancias psicoactivas: La ESE cuenta con documento guia clinica para la atencion y manejo de la depresion en salud mental la cual tiene como objetivo establecer pautas de manejo de la depresion que permita un diagnostico oportuno y manejo de los paciente con problemas de salud mental, al momento de la verificacion no se cuenta con soporte de socializacion con el personal de u...",Misionales,5. Procesos Prioritarios,Visitas de verificacion de la Secretaria de Salud Departamental del Cauca,Santa Rosa,Santa Rosa,2025,3,12
2010.0,39. Cumple con los criterios que le sean aplicables de todos los servicios: ver transversal de historia clinica.,Misionales,6. Historia clinica y registros,Visitas de verificacion de la Secretaria de Salud Departamental del Cauca,Santa Rosa,Santa Rosa,2025,3,12
2011.0,"1. Cumple con los criterios que le sean aplicables de todos los servicios y adicionalmente, cuenta con: Ver Estandar transversal Talento Humano. 1.1. Tecnologo en atencion prehospitalaria o tecnico profesional en atencion prehospitalaria o auxiliar en enfermerla, en cualquier caso, cuenta con constancia de asistencia en las acciones de formacion continua en soporte vital basico: Disponibilidad de auxiliares de enfermeria constancia de asistencia en las acciones de formacion continua en soport...",Misionales,1. Talento Humano,Visitas de verificacion de la Secretaria de Salud Departamental del Cauca,Santa Rosa,Santa Rosa,2025,3,12
2012.0,"12.1.3. Area o ambiente para realizar procesos de limpieza y desinfeccion, que cuenta con meson de trabajo con poceta: No cuenta con area para realizar procesos de limpieza y desinfeccion.",Gestion de Recursos,2. Infraestructura,Visitas de verificacion de la Secretaria de Salud Departamental del Cauca,Santa Rosa,Santa Rosa,2025,3,12
2013.0,"12.2. Disponibilidad de area o ambiente para realizar el proceso de aseo, limpieza y desinfeccion de los vehrculos. Cuando el prestador de servicios de salud contrate el proceso de aseo, limpieza y desinfeccion de los vehiculos con un tercero, cuenta con un contrato, o convenio o acuerdo escrito entre las partes. Para este caso el tercero cuenta con los permisos correspondientes expedidos por la autoridad sanitaria y ambiental para tal fin: No cuenta con area para el lavado de las ambulacias.",Gestion de Recursos,2. Infraestructura,Visitas de verificacion de la Secretaria de Salud Departamental del Cauca,Santa Rosa,Santa Rosa,2025,3,12
2014.0,16.3. Sistema de georreferenciacion y comunicacion que permita el monitoreo y contacto con la entidad territorial en salud a traves del CRUE. No cuenta con sistema de comunicaciones de uso exclusivo de la ambulancia realiza la comunicacion por medio del celular personal.,Gestion de Recursos,2. Infraestructura,Visitas de verificacion de la Secretaria de Salud Departamental del Cauca,Santa Rosa,Santa Rosa,2025,3,12
2015.0,"31. Cumplen con los criterios definidos para todos los servicios y adicionalmente, cuentan con: Revisar estandar trasversal. 31.1. Desfibrilador externo automatico, incluyendo electrodos adhesivos para adultos y pediatricos, con fecha de vencimiento vigente. Cuenta con DEA, se le informa al prestador que lo debe incoroporar de manera inmediata al vehiculo. 31.5. Aspirador nasal manual: No cuenta con aspirador nasal manual. 31.8. Camma principal con sistema de anclaje y cinturones de seguri...",Gestion de Recursos,3. Dotacion,Visitas de verificacion de la Secretaria de Salud Departamental del Cauca,Santa Rosa,Santa Rosa,2025,3,12
2016.0,"31.22. Conjunto para inmovilizacion que cuenta con inmovilizadores cervicales graduables, adulto (2) y pediatrico (2), inmovilizadores laterales de cabeza, inmovilizadores para extremidades superiores e inferiores: Cuenta con inmovilizadores cervicales graduables, adulto y pediatrico (2), inmovilizadores laterales de cabeza, no cuenta con inmovilizadores para extremidades superiores e inferiores.",Gestion de Recursos,3. Dotacion,Visitas de verificacion de la Secretaria de Salud Departamental del Cauca,Santa Rosa,Santa Rosa,2025,3,12
2017.0,31.25. Monitor de signos vitales con accesorios adultos y pediatricos que cuenta como minimo con: 31.25.2. Presion no invasiva: No cuenta con accesorio de presion no invasiva. 31.25.3. Saturacion de oxigeno que puede estar integrado en el monitor o externo: No cuenta con accesorio de saturacion de oxigeno.,Gestion de Recursos,3. Dotacion,Visitas de verificacion de la Secretaria de Salud Departamental del Cauca,Santa Rosa,Santa Rosa,2025,3,12
2018.0,"36. Cumple con los criterios que le sean aplicables de todos los servicios y adicionalmente el prestador define los medicamentos, dispositivos medicos e insumas requeridos de acuerdo con lo documentado en el estandar de procesos prioritarios: No Cumple con los criterios que le sean aplicables de todos los servicios.",Gestion de Recursos,"4. Medicamentos, dispositivos medicos e insumos",Visitas de verificacion de la Secretaria de Salud Departamental del Cauca,Santa Rosa,Santa Rosa,2025,3,12
2019.0,37.2. Aditamento supraglotico de varias tallas adulto y pediatrico: No cuenta con aditamento supraglotico.,Gestion de Recursos,"4. Medicamentos, dispositivos medicos e insumos",Visitas de verificacion de la Secretaria de Salud Departamental del Cauca,Santa Rosa,Santa Rosa,2025,3,12
2020.0,41. Cumple con los criterios que le sean aplicables de todos los servy iadciciionaolmsent e cuenta con la siguiente informacion documentada: El prestador no cumple con los criterios que le sean aplicables de todos los servicios.,Misionales,5. Procesos Prioritarios,Visitas de verificacion de la Secretaria de Salud Departamental del Cauca,Santa Rosa,Santa Rosa,2025,3,12
2021.0,43. Cumple con los criterios que le sean aplicables de todos los servicios y adicionalmente cuenta con: El prestador no cumple cpn los criterios que sean aplicables a todos los servicios.,Misionales,6. Historia clinica y registros,Visitas de verificacion de la Secretaria de Salud Departamental del Cauca,Santa Rosa,Santa Rosa,2025,3,12
18.0,La rampa ubicada al ingreso de la institucion no cuenta con cinta antideslizante ni pasamanos.,Gestion de Recursos,2. Infraestructura,Auditoria de Calidad AIC,San Sebastian,no aplica,2025,3,10
19.0,*Los banos no cuentan con senaletica tipo braille;,Gestion de Recursos,2. Infraestructura,Auditoria de Calidad AIC,San Sebastian,no aplica,2025,3,10
20.0,*La senaletica tipo braille no se encuentra ubicada a una altura adecuada para ser utilizada por los usuarios que la requieran.,Gestion de Recursos,2. Infraestructura,Auditoria de Calidad AIC,San Sebastian,no aplica,2025,3,10
21.0,*Los banos ubicados en la sala de espera no cuentan con aditamentos para personas en situacion de discapacidad o movilidad reducida.,Gestion de Recursos,2. Infraestructura,Auditoria de Calidad AIC,San Sebastian,no aplica,2025,3,10
22.0,*Se evidencia que no coincide la informacion descrita en el manual de atencion al usuario describen que cumplen con los tiempos de respuesta de las PQRS; de acuerdo a la circular 05 de 2023 pero manifiestan que realizan la apertura del buzon cada 8 dias; se sugiere que la apertura se realice dia de promedio y creen un formato para describir lo que se encuentre y se realice solo un acta de manera mensual.,SIAU,5. Procesos Prioritarios,Auditoria de Calidad AIC,San Sebastian,no aplica,2025,3,10
23.0,*Se sugiere instalar senaletica para atencion preferencias visible en donde se visualicen las imagenes de atencion preferencial.,Gestion de Recursos,2. Infraestructura,Auditoria de Calidad AIC,San Sebastian,no aplica,2025,3,10
24.0,Se evidencia que de acuerdo a la capacidad instalada hay habilitados 5 consultorios y tienen en funcionamiento 4 se debe realizar la novedad de cierre de un consultorio el cual fue adecuado para el servicio de farmacia.,Gestion de Recursos,2. Infraestructura,Auditoria de Calidad AIC,San Sebastian,no aplica,2025,3,10
25.0,"*Se evidencia que la enfermera Tatiana Cordoba y Auxiliar de Enfermeria: Yaneri Santiago Anacona No cuenta con el certificado ""pruebas en punto de atencion del paciente - (point of care testing - POCT)""",Gestion de Talento Humano,1. Talento Humano,Auditoria de Calidad AIC,San Sebastian,no aplica,2025,3,10
26.0,*Odontologo: Sebastian Acosta; no cuenta con el curso en soporte vital basico.,Gestion de Talento Humano,1. Talento Humano,Auditoria de Calidad AIC,San Sebastian,no aplica,2025,3,10
27.0,*En el recorrido realizado por la institucion se evidencia que no cuentan con ambiente de aseo de uso exclusivo para el proceso de esterilizacion.,Gestion de Recursos,2. Infraestructura,Auditoria de Calidad AIC,San Sebastian,no aplica,2025,3,10
28.0,*No soportan certificado de mantenimiento de los tanques de agua.,Gestion Ambiental,2. Infraestructura,Auditoria de Calidad AIC,San Sebastian,no aplica,2025,3,10
29.0,*Se evidencia que la rampa ubicada al ingreso de la institucion no cuenta con pasamanos ni piso antideslizante.,Gestion de Recursos,2. Infraestructura,Auditoria de Calidad AIC,San Sebastian,no aplica,2025,3,10
30.0,*No aportan concepto de inspeccion y vigilancia sanitaria por ente departamental o municipal.,Gestion Ambiental,2. Infraestructura,Auditoria de Calidad AIC,San Sebastian,no aplica,2025,3,10
31.0,*No soportan certificado RETIE;,Gestion de Recursos,2. Infraestructura,Auditoria de Calidad AIC,San Sebastian,no aplica,2025,3,10
32.0,*No se evidencia senalizacion ni demarcacion de la ruta de recoleccion de residuos hospitalario; el area de segregacion de residuos no cuenta con senalizacion de acuerdo a los colores normativos.,Gestion Ambiental,2. Infraestructura,Auditoria de Calidad AIC,San Sebastian,no aplica,2025,3,10
33.0,"*La sala de procedimientos del servicio de urgencias no cuenta con meson de trabajo, poceta o lavamanos. * La sala de procedimiento no cuenta con una medida de 8m2. *La sala de procedimientos tiene meson de trabajo. *La sala de procedimientos no cuenta con poceta. *La sala de procedimientos no cuenta con lavamanos.",Gestion de Recursos,2. Infraestructura,Auditoria de Calidad AIC,San Sebastian,no aplica,2025,3,10
38.0,*La estacion de enfermeria no cuenta con monitorizacion permanente de los pacientes o sistemas alternativos para su visualizacion.,Gestion de Recursos,2. Infraestructura,Auditoria de Calidad AIC,San Sebastian,no aplica,2025,3,10
39.0,*La estacion de enfermeria no cuenta con meson de trabajo,Gestion de Recursos,2. Infraestructura,Auditoria de Calidad AIC,San Sebastian,no aplica,2025,3,10
40.0,*El servicio de urgencias no cuenta con ambiente de trabajo sucio,Gestion de Recursos,2. Infraestructura,Auditoria de Calidad AIC,San Sebastian,no aplica,2025,3,10
41.0,*La estacion de enfermeria no cuenta con ambiente o area de trabajo limpio y sucio.,Gestion de Recursos,2. Infraestructura,Auditoria de Calidad AIC,San Sebastian,no aplica,2025,3,10
42.0,*No se evidencia el servicio de urgencia Area o ambiente para deposito de ropa limpia de dimension,Gestion de Recursos,2. Infraestructura,Auditoria de Calidad AIC,San Sebastian,no aplica,2025,3,10
43.0,"*No se evidencia el servicio de urgencia Area o Ambiente para deposito de ropa sucia, con dimension variable de acuerdo con las necesidades del servicio.",Gestion de Recursos,2. Infraestructura,Auditoria de Calidad AIC,San Sebastian,no aplica,2025,3,10
44.0,* El bano para usuarios en situacion de discapacidad y movilidad reducida no cuenta con alarma de llamado.,Gestion de Recursos,2. Infraestructura,Auditoria de Calidad AIC,San Sebastian,no aplica,2025,3,10
45.0,* El piso del consultorio de procedimiento de citologias no cuenta con estandares de calidad se evidencian dilataciones debajo de la camilla hay un puro el cual es foco de infeccion.,Gestion de Recursos,2. Infraestructura,Auditoria de Calidad AIC,San Sebastian,no aplica,2025,3,10
46.0,"*Se evidencia que la sala parto, sala de procedimientos, consultorio de citologias, laboratorio clinico, central de esterilizacion no cuenta con media cana en la union entre la pared y el piso.",Gestion de Recursos,2. Infraestructura,Auditoria de Calidad AIC,San Sebastian,no aplica,2025,3,10
47.0,* El archivo de historias clinicas fisicas no se encuentra adecuadamente se observan cajas abiertas no cuenta con ubicacion de en estantes; se evidencia en un area abierta lo cual no garantiza la seguridad de las mismas.,Gestion de Recursos,2. Infraestructura,Auditoria de Calidad AIC,San Sebastian,no aplica,2025,3,10
48.0,* No soporta concepto sanitario de la entidad competente.,Gestion de Recursos,2. Infraestructura,Auditoria de Calidad AIC,San Sebastian,no aplica,2025,3,10
50.0,DOPLER FETAL ubicado en sala de procedimientos 2 Serie m19606510018; MARCA: EDAM - No soportan certificado de Calibracion de acuerdo al numero de serie verificada en el inventario de equipos biomedicos.,Gestion de Recursos,3. Dotacion,Auditoria de Calidad AIC,San Sebastian,no aplica,2025,3,10
51.0,ENCUBADORA DE TRANSPORTE: Ubicacion Sala partos SERIE 2013 MARCA MEDICALL; No soportan certificado de calibracion.,Gestion de Recursos,3. Dotacion,Auditoria de Calidad AIC,San Sebastian,no aplica,2025,3,10
52.0,Se solicita actualizar el inventario de equipos biomedicos ya que se evidencian equipos que no se encuentran registrados en dicho documento,Gestion de Recursos,3. Dotacion,Auditoria de Calidad AIC,San Sebastian,no aplica,2025,3,10
53.0,*No soporta concepto sanitario de la entidad competente,Gestion de Recursos,3. Dotacion,Auditoria de Calidad AIC,San Sebastian,no aplica,2025,3,10
54.0,*El Kardex de dispositivos medicos no cuenta con el item Serie,Gestion de Recursos,"4. Medicamentos, dispositivos medicos e insumos",Auditoria de Calidad AIC,San Sebastian,no aplica,2025,3,10
55.0,*El Kardex de dispositivos medicos no cuenta con el item Clasificacion por riesgo,Gestion de Recursos,"4. Medicamentos, dispositivos medicos e insumos",Auditoria de Calidad AIC,San Sebastian,no aplica,2025,3,10
56.0,*El Kardex de dispositivos medicos no cuenta con el item Vida Util.,Gestion de Recursos,"4. Medicamentos, dispositivos medicos e insumos",Auditoria de Calidad AIC,San Sebastian,no aplica,2025,3,10
57.0,*El Kardex de reactivos no cuenta con item de vida Util,Gestion de Recursos,"4. Medicamentos, dispositivos medicos e insumos",Auditoria de Calidad AIC,San Sebastian,no aplica,2025,3,10
58.0,*No cuentan con kit de derrames de medicamentos en el servicio de urgencias.,Gestion de Recursos,"4. Medicamentos, dispositivos medicos e insumos",Auditoria de Calidad AIC,San Sebastian,no aplica,2025,3,10
59.0,*No soportan lista de chequeo para medir adherencia de la guia de infeccion de vias urinarias,Gestion Ambulatoria,5. Procesos Prioritarios,Auditoria de Calidad AIC,San Sebastian,no aplica,2025,3,10
60.0,*No soportan socializacion de guia de practica clinica de parasitosis intestinal,Gestion Ambulatoria,5. Procesos Prioritarios,Auditoria de Calidad AIC,San Sebastian,no aplica,2025,3,10
61.0,No soportan socializacion del MANUAL DE BUENAS PRACTICAS DE ESTERILIZACION DE LA CENTRAL DE ESTERILIZACION codigo MA-ES-SA-02,Misionales,5. Procesos Prioritarios,Auditoria de Calidad AIC,San Sebastian,no aplica,2025,3,10
62.0,*Se evidencia que no hay un adecuado control de calidad y toma de medidas preventivas en el area de esterilizacion en el recorrido se evidencia la central de esterilizacion abierta; la funcionaria que realiza el procedimiento no cuenta con ningun elemento de bioseguridad para manipular material en dicha area.,Misionales,5. Procesos Prioritarios,Auditoria de Calidad AIC,San Sebastian,no aplica,2025,3,10
63.0,*No se evidencia socializcion actualizada de la politica de reuso de dispositivos de odontologia y no reuso de dispositivos medicos.,Misionales,5. Procesos Prioritarios,Auditoria de Calidad AIC,San Sebastian,no aplica,2025,3,10
64.0,"*No cuentan con manual de proceso, control de calidad y entrega de resultados de pruebas rapidas point of care POCT.",Misionales,5. Procesos Prioritarios,Auditoria de Calidad AIC,San Sebastian,no aplica,2025,3,10
65.0,"*No soportan protocolo de muerte digna que garantice, en el ambito de sus competencias, la atencion y orientacion al paciente que manifieste su derecho a morir dignamente en el que incluya los aspectos de las areas administrativas; Interaccion y acompanamiento a la familia o acudientes.; Articulacion con la EAPB; Etapas, elementos, responsables y plazos para dar cumplimiento a las obligaciones a su cargo, incorporando el reporte de informacion; Actividades e intervenciones de seguimiento y contr...",Misionales,5. Procesos Prioritarios,Auditoria de Calidad AIC,San Sebastian,no aplica,2025,3,10
66.0,"*De acuerdo a la resolucion 1995 Por la cual se establecen normas para el manejo de la Historia Clinica en el ARTICULO 9 IDENTIFICACION DEL USUARIO. describe que la historia clinica debe contener ocupacion del usuario, nombre y telefono del acompanante; nombre, telefono y parentesco LO CUAL NO SE EVIDENCIA EN EL FORMATO DE HC SOPORTADO POR EL PRESTADOR DEL SERVICIO DE URGENCIAS.""",Sistema de Informacion y Comunicacion,6. Historia clinica y registros,Auditoria de Calidad AIC,San Sebastian,no aplica,2025,3,10
67.0,*Se evidencia utilizacion de siglas en algunas de las historias clinicas soportadas por el prestador.,Sistema de Informacion y Comunicacion,6. Historia clinica y registros,Auditoria de Calidad AIC,San Sebastian,no aplica,2025,3,10
68.0,"*Se verifica la siguiente Historia clinica CC 4756555 no es coherente en el item revision por sistemas se registra que las extremidades se encuentran es estado normal y el usuario ingresa por una herida en la mano izquierda.""",Sistema de Informacion y Comunicacion,6. Historia clinica y registros,Auditoria de Calidad AIC,San Sebastian,no aplica,2025,3,10
69.0,*Se verifica la siguiente historia clinica CC 1065097838; en diferentes atenciones la cual no se evidencia la firma del profesional que atendio la usuaria se observa un recuadro negro,Sistema de Informacion y Comunicacion,6. Historia clinica y registros,Auditoria de Calidad AIC,San Sebastian,no aplica,2025,3,10
70.0,*Se evidencia un archivo de historias clinicas manuales las cuales no se encentran organizadas adecuadamente se observan en cajas algunas abiertas no garantizan la custodia y confidencialidad ya que la puerta se encuentra abierta.,Sistema de Informacion y Comunicacion,6. Historia clinica y registros,Auditoria de Calidad AIC,San Sebastian,no aplica,2025,3,10
71.0,*Se evidencia que en el area de esterilizacion no llevan un adecuado registro de control de calidad.,Sistema de Informacion y Comunicacion,6. Historia clinica y registros,Auditoria de Calidad AIC,San Sebastian,no aplica,2025,3,10
72.0,*No soporta contratos celebrados por interdependencia; soportan documento aceptacion de la oferta al contrato 013-2025 cuyo objeto es (prestacion de servicios como gestor de residuos peligrosos para la disposicion final del respell; con la empresa GESTIONES AMBIENTALES LTDA el cual no tiene firmas entre las partes que demuestre la legalizacion;,Asesoria Juridica,7. Interdependencia,Auditoria de Calidad AIC,San Sebastian,no aplica,2025,3,10
73.0,*No soporta contrato de alimentacion de pacientes para el servicio de hospitalizacion.,Asesoria Juridica,7. Interdependencia,Auditoria de Calidad AIC,San Sebastian,no aplica,2025,3,10
74.0,*Soportan Acta de supervision del contrato de ASHERI sin firma de supervision.,Asesoria Juridica,7. Interdependencia,Auditoria de Calidad AIC,San Sebastian,no aplica,2025,3,10
75.0,*No soportan acta de supervision del contrato de alimentacion; no es posible verificar si se esta cumpliendo con los tiempos de entrega del alimento a los usuarios.,Asesoria Juridica,7. Interdependencia,Auditoria de Calidad AIC,San Sebastian,no aplica,2025,3,10
76.0,*El servicio de hospitalizacion no cuenta con guarda ropa,Gestion de Recursos,11.4.1 Servicio de hospitalizacion,Auditoria de Calidad AIC,San Sebastian,no aplica,2025,3,10
77.0,*El area de hospitalizacion las camas de adulto y pediatricas estan en el mismo espacio,Gestion de Recursos,11.4.1 Servicio de hospitalizacion,Auditoria de Calidad AIC,San Sebastian,no aplica,2025,3,10
78.0,*El servicio de hospitalizacion no cuenta con habitacion de aislamiento.,Gestion de Recursos,11.4.1 Servicio de hospitalizacion,Auditoria de Calidad AIC,San Sebastian,no aplica,2025,3,10
79.0,*Las habitaciones no cuentan con area de guarda ropa,Gestion de Recursos,11.4.1 Servicio de hospitalizacion,Auditoria de Calidad AIC,San Sebastian,no aplica,2025,3,10
80.0,*En el servicio de hospitalizacion no se evidencia ambiente para almacenamiento y distribucion de alimentos,Gestion de Recursos,11.4.1 Servicio de hospitalizacion,Auditoria de Calidad AIC,San Sebastian,no aplica,2025,3,10
81.0,*No soportan protocolo de ronda medica de pacientes,Gestion de Calidad,11.4.1 Servicio de hospitalizacion,Auditoria de Calidad AIC,San Sebastian,no aplica,2025,3,10
82.0,*No soportan protocolo de sujecion o inmovilizacion terapeutica de pacientes,Gestion de Calidad,11.4.1 Servicio de hospitalizacion,Auditoria de Calidad AIC,San Sebastian,no aplica,2025,3,10
83.0,*No soportan el contrato de alimentacion.,Asesoria Juridica,11.4.1 Servicio de hospitalizacion,Auditoria de Calidad AIC,San Sebastian,no aplica,2025,3,10
84.0,"*Cuentan con banos discriminados por sexo, pero no cuentan con aditamentos para poblacion discapacitada",Gestion de Recursos,11.6.1 Servicio de urgencias,Auditoria de Calidad AIC,San Sebastian,no aplica,2025,3,10
85.0,"*No cuenta con Ambiente para descontaminacion de pacientes, con ducha telefono y sistema de drenaje.",Gestion de Recursos,11.6.1 Servicio de urgencias,Auditoria de Calidad AIC,San Sebastian,no aplica,2025,3,10
86.0,"*No cuenta con ambiente para atencion de la Enfermedad Respiratoria Aguda, cuando se requiera",Gestion de Recursos,11.6.1 Servicio de urgencias,Auditoria de Calidad AIC,San Sebastian,no aplica,2025,3,10
87.0,"*No cuentan con Ambiente para rehidratacion oral,",Gestion de Recursos,11.6.1 Servicio de urgencias,Auditoria de Calidad AIC,San Sebastian,no aplica,2025,3,10
88.0,*No cuenta con Ambiente de aislamiento.,Gestion de Recursos,11.6.1 Servicio de urgencias,Auditoria de Calidad AIC,San Sebastian,no aplica,2025,3,10
89.0,*La Sala de reanimacion no cuenta con Meson de trabajo con poceta,Gestion de Recursos,11.6.1 Servicio de urgencias,Auditoria de Calidad AIC,San Sebastian,no aplica,2025,3,10
90.0,* No se evidencia equipo de nebulizacion en el servicio de urgencias de acuerdo al inventario suministrado por el prestador.,Gestion de Recursos,11.6.1 Servicio de urgencias,Auditoria de Calidad AIC,San Sebastian,no aplica,2025,3,10
91.0,* El servicio de urgencias no cuenta con sala de reanimacion se realiza en el area de procedimientos,Gestion de Recursos,11.6.1 Servicio de urgencias,Auditoria de Calidad AIC,San Sebastian,no aplica,2025,3,10
92.0,* Los kits de violencia sexual y atencion a victimas de ataques con agentes quimicos que se evidencian en el servicio de urgencias no cuentan con lista de chequeo de verificacion.,Gestion de Recursos,11.6.1 Servicio de urgencias,Auditoria de Calidad AIC,San Sebastian,no aplica,2025,3,10
93.0,*No soporta contrato de alimentacion de pacientes para el servicio de hospitalizacion.,Gestion de Recursos,11.6.1 Servicio de urgencias,Auditoria de Calidad AIC,San Sebastian,no aplica,2025,3,10
3.0,"Criterio 6. El talento humano en salud de los servicios de atencion del parto, cuidado intensivo y cuidado intermedio neonatal, pediatrico y adultos, cuentan con constancia de asistencia en las acciones de formacion continua para la gestion del duelo. Observacion: No todo el talento humano del servicio de atencion del parto cuenta con constancia de asistencia en las acciones de formacion continua para la gestion del duelo",Gestion de Hospitalizacion y Sala Partos,1. Talento Humano,Visitas de verificacion de la Secretaria de Salud Departamental del Cauca,La Vega,La Vega,2025,3,9
4.0,"Criterio 8. Los profesionales de la medicina de los servicios de hospitalizacion de baja, mediana y alta complejidad, hospitalizacion paciente cronico con y sin ventilador, cuidados intensivos neonatales, pediatricos y adultos; urgencias y servicios del grupo quirurgico en modalidad intramural, cuentan con certificacion vigente de aprobacion de la evaluacion de competencias esenciales para el cuidado de la donante expedida por el Instituto Nacional de Salud. Observacion: No todo el talento h...",Gestion de Hospitalizacion y Sala Partos,1. Talento Humano,Visitas de verificacion de la Secretaria de Salud Departamental del Cauca,La Vega,La Vega,2025,3,9
5.0,"Criterio 11. El talento humano en salud de los servicios de transporte asistencial, atencion prehospitalaria y urgencias, cuentan con constancia de asistencia en las acciones de formacion continua en la atencion a personas victimas de ataques con agentes quimicos. Observacion: No todo el talento humano de los servicios de transporte asistencial, atencion prehospitalaria y urgencias, cuentan con constancia de asistencia en las acciones de formacion continua en la atencion a personas victimas...",Gestion de Urgencias,1. Talento Humano,Visitas de verificacion de la Secretaria de Salud Departamental del Cauca,La Vega,La Vega,2025,3,9
6.0,"Criterio 17. Cada prestador de servicios de salud debe contar con el respectivo concepto sanitario que de cumplimiento a lo establecido en la normatividad sanitaria vigente en aspectos tales como: agua para consumo humano, gestion de residuos, control de vectores, orden y aseo, condiciones locativas, entre otros. Este concepto sera emitido por las autoridades sanitarias correspondientes, en el marco de sus competencias, y debe considerar los servicios de apoyo como lavanderia y servicio de alim...",Gestion Ambiental,2. Infraestructura,Visitas de verificacion de la Secretaria de Salud Departamental del Cauca,La Vega,La Vega,2025,3,9
7.0,"Criterio 43. Los cielo rasos o techos y paredes o muros deben ser impermeables, lavables, solidos, resistentes a factores ambientales e incombustibles y de superficie lisa y continua. Observacion: Se evidencian paredes en el servicio de laboratorio clinico que presentan humedades.",Gestion de Recursos,2. Infraestructura,Visitas de verificacion de la Secretaria de Salud Departamental del Cauca,La Vega,La Vega,2025,3,9
8.0,"Criterio 2.2. Hoja(s) de vida del(los) equipo(s) biomedicos(s), con los registros de los mantenimientos preventivos y correctivos, segun corresponda. Observacion: Cuenta con hojas de vida en las cuales se evidencia que no se cuenta con los datos de adquisicion e instalacion, se evidencia que para el dopler, marca: Edan y bombas de infusion el formato de mantenimiento preventivo realizados en 2023 no corresponde a las actividades relacionadas con el equipo, en este se mencionan actividades re...",Gestion de Recursos,3. Dotacion,Visitas de verificacion de la Secretaria de Salud Departamental del Cauca,La Vega,La Vega,2025,3,9
9.0,"Criterio 3. El prestador de servicios de salud cuenta con un programa de capacitacion en el uso de dispositivos medicos cuando estos lo requieran, el cual puede ser desarrollado por el fabricante, importador o por el mismo prestador. Observacion: Cuenta con ""plan de capacitaciones"" donde se evidencia el cronograma de capacitaciones para el ano presente se realizara en noviembre. Se evidencia capacitacion en noviembre de 2023 sobre equipos biomedicos y odontologicos. No se evidencia adherenci...",Gestion de Talento Humano,3. Dotacion,Visitas de verificacion de la Secretaria de Salud Departamental del Cauca,La Vega,La Vega,2025,3,9
10.0,Criterio 4. La dotacion de los servicios de salud esta en concordancia con lo definido por el prestador en el estandar de procesos prioritarios. Observacion: No se evidencia concordancia con la dotacion segun lo definido por el prestador en el estandar de procesos prioritarios.,Gestion de Recursos,3. Dotacion,Visitas de verificacion de la Secretaria de Salud Departamental del Cauca,La Vega,La Vega,2025,3,9
11.0,"Criterio 5. La suficiencia de equipos biomedicos esta relacionada con la frecuencia de uso de los mismos, incluyendo los tiempos del proceso de esterilizacion, cuando aplique. Observacion: Cuenta con ""protocolo de suficiencia de equipos"" en este no se describe el tiempo de esterilizacion, ni el instrumental requerido para los servicios, se recomienda ajustar el programa donde se mencione las variables correspondientes.",Gestion de Recursos,3. Dotacion,Visitas de verificacion de la Secretaria de Salud Departamental del Cauca,La Vega,La Vega,2025,3,9
12.0,"Criterio 8.4.1. Trazado electrocardiografico si no esta incorporado en el desfibrilador. Observacion: Cuenta con carro de paro en sala de reanimacion monitor de signos: marca: comen, modelo: star8000E serie: e7210512150, el equipo no funciona, la pantalla se queda desde el inicio. Se le sugiere al restador la dotacion de este equipo de manera inmediata. Cuenta con carro de paro en sala de partos monitor de signos: marca: comen, modelo: star8000E serie: e7210512191.",Gestion de Recursos,3. Dotacion,Visitas de verificacion de la Secretaria de Salud Departamental del Cauca,La Vega,La Vega,2025,3,9
13.0,"Criterio 8.4.2. Presion no invasiva. Observacion: El monitor de sala de reanimacion cuenta con accesorio de presion no invasiva, pero el equipo no funciona, e le sugiere al prestador la dotacion de este equipo de manera inmediata. El monitor de sala de partos cuenta con accesorio de presion no invasiva.",Gestion de Recursos,3. Dotacion,Visitas de verificacion de la Secretaria de Salud Departamental del Cauca,La Vega,La Vega,2025,3,9
14.0,"8.4.3. Saturacion de oxigeno que puede estar integrado en el monitor o externo. Observacion: El monitor de sala de reanimacion cuenta con accesorio de saturacion de oxigeno, pero el equipo no funciona, se le sugiere al prestador la dotacion de este equipo de manera inmediata. El de sala de partos cuenta con accesorio.",Gestion de Recursos,3. Dotacion,Visitas de verificacion de la Secretaria de Salud Departamental del Cauca,La Vega,La Vega,2025,3,9
15.0,"Criterio 8.4.4. Bateria. Observacion: Cuenta con bateria, pero el equipo no funciona, Se le sugiere al prestador la dotacion de este equipo de manera inmediata. El monitor de sala de partos cuenta con bateria",Gestion de Recursos,3. Dotacion,Visitas de verificacion de la Secretaria de Salud Departamental del Cauca,La Vega,La Vega,2025,3,9
16.0,"Criterio 11. En los sistemas centralizados de gases medicinales, se realiza el mantenimiento a los componentes del sistema por el personal capacitado por el fabricante. Observacion: El prestador cuenta con punto de gases medicinales, informa que no se han utilizado, por tal motivo no han realizado mantenimiento preventivo.",Gestion de Recursos,3. Dotacion,Visitas de verificacion de la Secretaria de Salud Departamental del Cauca,La Vega,La Vega,2025,3,9
17.0,Criterio 16.1. Sistemas de telecomunicaciones de doble via. Observacion: No cuenta con sistemas de telecomunicacion de doble via.,Gestion de Recursos,3. Dotacion,Visitas de verificacion de la Secretaria de Salud Departamental del Cauca,La Vega,La Vega,2025,3,9
1324.0,"13.1.6. Esterilizacion: Cuenta con un manual de buenas practicas de esterilizacion MA-ES-CA-02 Version 01 fecha abril del 2023 aplicable a todas las unidades de atencion, el cual cumple con la especificaciones . Sin embargo el documento no se encuentra socializacion ni cuenta con medicion de adherencias.",Misionales,5. Procesos Prioritarios,Visitas de verificacion de la Secretaria de Salud Departamental del Cauca,La Vega,La Vega,2025,3,9
1325.0,"13.1.7. Almacenamiento: Cuenta con un manual de buenas practicas de esterilizacion MA-ES-CA-02 Version 01 fecha abril del 2023 aplicable a todas las unidades de atencion, el cual cumple con la especificaciones . Sin embargo el documento no se encuentra socializacion ni cuenta con medicion de adherencias.",Misionales,5. Procesos Prioritarios,Visitas de verificacion de la Secretaria de Salud Departamental del Cauca,La Vega,La Vega,2025,3,9
1326.0,"13.1.8. Verificacion de la integridad del material esteril: Cuenta con un manual de buenas practicas de esterilizacion MA-ES-CA-02 Version 01 fecha abril del 2023 aplicable a todas las unidades de atencion, el cual cumple con la especificaciones . Sin embargo el documento no se encuentra socializacion ni cuenta con medicion de adherencias.",Misionales,5. Procesos Prioritarios,Visitas de verificacion de la Secretaria de Salud Departamental del Cauca,La Vega,La Vega,2025,3,9
1327.0,"13.1.9. Control de calidad que incluya el analisis de los reportes de dicho control, para la toma de medidas preventivas y correctivas: Cuenta con un manual de buenas practicas de esterilizacion MA-ES-CA-02 Version 01 fecha abril del 2023 aplicable a todas las unidades de atencion, el cual cumple con la especificaciones . Sin embargo el documento no se encuentra socializacion ni cuenta con medicion de adherencias.",Misionales,5. Procesos Prioritarios,Visitas de verificacion de la Secretaria de Salud Departamental del Cauca,La Vega,La Vega,2025,3,9
1328.0,"15. Los prestadores de servicios de salud tienen definidos procedimientos que garanticen el cumplimiento del no reuso de dispositivos medicos cuando el fabricante asi lo haya establecido: Al momento de la verificacion se evidenica que cuenta documentada la politica de uso y no reuso de dispositivos medicos vigencia 2019 y con un Manual de uso y reuso de dispositivos medicos MA -ES- CA-01 version 01 abril del 2023, en el cual se identifica que cuenta definido con un listado de dispositivos de re...",Misionales,5. Procesos Prioritarios,Visitas de verificacion de la Secretaria de Salud Departamental del Cauca,La Vega,La Vega,2025,3,9
1329.0,"16.1. Los procedimientos, siguiendo las recomendaciones del fabricante, para el reprocesamiento y control de calidad que demuestren la eficacia, desempeno y esterilidad del producto: Al momento de la verificacion se evidenica Manual de uso y reuso de dispositivos medicos MA -ES- CA-01 version 01 abril del 2023, en el cual se identifica que cuenta definido con un listado de dispositivos de reuso, sin embargo se evidencia que no corresponde la ficha tecnica del nombre del dispositivo con la descr...",Misionales,5. Procesos Prioritarios,Visitas de verificacion de la Secretaria de Salud Departamental del Cauca,La Vega,La Vega,2025,3,9
1330.0,"16.2. Acciones de seguimiento a traves de los comites de infecciones, de seguridad del paciente y del programa de tecnovigilancia, que garanticen que el dispositivo no ha perdido la eficacia y desempeno para el cual fue disenado, ni exponga al riesgo de infecciones o complicaciones al usuario: Al momento de la verificacion se evidencia el acto administratico donde implementan los comites institucionales mediante la resolucion 128 de 2018 la cual se encuentra firmada, sin embargo los comite se e...",Misionales,5. Procesos Prioritarios,Visitas de verificacion de la Secretaria de Salud Departamental del Cauca,La Vega,La Vega,2025,3,9
1331.0,"17.1. Estabilizacion del paciente antes del traslado: Al momento de la verificacion se verifica documento PR-MI-HU 52 VERSION 1 Febrero del 2024. No se evidencia socializacion de documento, no cuenta con medicion de adherencia, no se evidencia dentro del plan de capacitacion del ano 2024.",Misionales,5. Procesos Prioritarios,Visitas de verificacion de la Secretaria de Salud Departamental del Cauca,La Vega,La Vega,2025,3,9
1332.0,"17.2. Medidas para el traslado: Al momento de la verificacion se verifica documento PR-MI-HU 52 VERSION 1 Febrero del 2024. No se evidencia socializacion de documento, no cuenta con medicion de adherencia, no se evidencia dentro del plan de capacitacion del ano 2024.",Misionales,5. Procesos Prioritarios,Visitas de verificacion de la Secretaria de Salud Departamental del Cauca,La Vega,La Vega,2025,3,9
1333.0,17.3.1. Diligenciamiento del formato de referencia de pacientes: No presentan documentacion.,Misionales,5. Procesos Prioritarios,Visitas de verificacion de la Secretaria de Salud Departamental del Cauca,La Vega,La Vega,2025,3,9
1334.0,17.3.2. Resultados de apoyos diagnosticos realizados al paciente: No presentan documentacion.,Misionales,5. Procesos Prioritarios,Visitas de verificacion de la Secretaria de Salud Departamental del Cauca,La Vega,La Vega,2025,3,9
1335.0,17.3.3. Resumen de historia clinica: No presentan documentacion.,Misionales,5. Procesos Prioritarios,Visitas de verificacion de la Secretaria de Salud Departamental del Cauca,La Vega,La Vega,2025,3,9
1336.0,"17.3.4. Mecanismos tecnologicos que le permitan realizar el proceso (software, correo, entre otros): No presentan documentacion.",Misionales,5. Procesos Prioritarios,Visitas de verificacion de la Secretaria de Salud Departamental del Cauca,La Vega,La Vega,2025,3,9
1337.0,17.3.5. Talento humano que debe responsabilizarse de cada una de las etapas del proceso: No presentan documentacion.,Misionales,5. Procesos Prioritarios,Visitas de verificacion de la Secretaria de Salud Departamental del Cauca,La Vega,La Vega,2025,3,9
1338.0,17.3.6. La referencia de pacientes que se detecten como victimas de violencia sexual debe hacerse a un servicio de urgencias: No presentan documentacion.,Misionales,5. Procesos Prioritarios,Visitas de verificacion de la Secretaria de Salud Departamental del Cauca,La Vega,La Vega,2025,3,9
1339.0,"20.1. Documento del proceso institucional que orienta la atencion en salud de las victimas de violencias sexuales: Al momento de la verificacion se evidencia documento de protocolo de atencion a victimas de violencia sexual Codigo MI-PP-VS Version 2. febrero del 2023. Se evidencia que solo esta contextualizado para el punto de atencion de almaguer y no se contemplan la totalidad de las sedes, documento que es trasversal a todas la sedes adscritas al prestador. Se verifica acta de socializacion ...",Misionales,5. Procesos Prioritarios,Visitas de verificacion de la Secretaria de Salud Departamental del Cauca,La Vega,La Vega,2025,3,9
1340.0,"22. En los servicios de transporte asistencial, atencion prehospitalaria y urgencias, se cuenta con documento del proceso que orienta la atencion en salud a victimas de ataques con agentes guimicos: Cuenta con protocolo quemaduras por acidos Codigo: PT-MI-UR-53 Version 0 Fecha julio 2020. Al momento de la verificacion no se tiene programado dentro del plan institucional de capacitacion 2024.",Misionales,5. Procesos Prioritarios,Visitas de verificacion de la Secretaria de Salud Departamental del Cauca,La Vega,La Vega,2025,3,9
1341.0,"23. Los prestadores de servicios de salud cuentan con informacion documentada de las condiciones de almacenamiento, conservacion, control de fechas de vencimiento, uso y custodia de los medicamentos, dispositivos medicos e insumos contenidos en los kits de derrames de medicamentos, ataque con agentes quimicos y de violencias: No se cuenta documentado las condiciones de almacenamiento, conservacion, control de fechas de vencimiento, uso y custodia de los medicamentos, dispositivos medicos e insu...",Misionales,5. Procesos Prioritarios,Visitas de verificacion de la Secretaria de Salud Departamental del Cauca,La Vega,La Vega,2025,3,9
1342.0,"24.1. Manejo de la enfermedad cerebro vascular: Al momento de la verificacion se evidencia documento denominado PROTOCOLO ACCIDENTE CEREBROVASCULAR (ACV), version O fecha 2022, se evidencia definido medicamentos. Sin embargo no tiene definido el talento humano definido , no tiene definido dispositivos medicos, ni equipos biomedicos requeridos para la atencion para la prestacion del servicio, no se cuenta incluido la atencion con enfoque diferencial. Dentro del plan de capacitacion 2024, no se e...",Misionales,5. Procesos Prioritarios,Visitas de verificacion de la Secretaria de Salud Departamental del Cauca,La Vega,La Vega,2025,3,9
1343.0,"24.2. Manejo del Trauma Craneoencefalico: Se verifica documento PROTOCOLO DE TRAUMA CRANEONCEFALICO ( TEC) Codigo: FR-MI-HO Version O fecha julio 2022. se evidencia definido el talento humano necesario para la prestacion del servicio. Sin embargo no se tiene definido medicamentos y dispositivos medicos, ni equipos biomedicos requeridos para la atencion para la prestacion del servicio, no se cuenta incluido la atencion con enfoque diferencial. Dentro del plan de capacitacion 2024, no se encuentr...",Misionales,5. Procesos Prioritarios,Visitas de verificacion de la Secretaria de Salud Departamental del Cauca,La Vega,La Vega,2025,3,9
1344.0,"24.3. Deteccion de donantes de componentes anatomicos: Se verifica documento PROTOCOLO DE DONACION DEIGRANOS Codigo PT-MI-UR-06 Version O fecha: julio 2022. Se recomienda contextualizar el documento segun los servicios que se prestan y las condiciones del prestador frente a la deteccion de donantes de componentes anatomicos. Dentro del plan de capacitacion 2024, no se encuentran programado.",Misionales,5. Procesos Prioritarios,Visitas de verificacion de la Secretaria de Salud Departamental del Cauca,La Vega,La Vega,2025,3,9
1345.0,"24.4. Mantenimiento del donante de componentes anatomicos: Se verifica documento PROTOCOLO DE DONACION DE ORGANOS Codigo PT-MI-UR-06 Version O fecha: julio 2022. Se recomienda contextualizar el documento segun los servicios que se prestan y las condiciones del prestador frente a la deteccion de donantes de componentes anatomicos. Dentro del plan de capacitacion 2024, no se encuentran programado.",Misionales,5. Procesos Prioritarios,Visitas de verificacion de la Secretaria de Salud Departamental del Cauca,La Vega,La Vega,2025,3,9
1346.0,"27.1. Informacion documentada sobre la toma, procesamiento, control de calidad y entrega de resultados: En el momento de la verificacion no se evidencia documentado.",Misionales,5. Procesos Prioritarios,Visitas de verificacion de la Secretaria de Salud Departamental del Cauca,La Vega,La Vega,2025,3,9
1347.0,"27.2. Controles de calidad realizados por un servicio de laboratorio clinico que puede ser propio o contratado para tal fin, cuando aplique, de acuerdo a las especificaciones del fabricante: En el momento de la verificacion no se evidencia documentado.",Misionales,5. Procesos Prioritarios,Visitas de verificacion de la Secretaria de Salud Departamental del Cauca,La Vega,La Vega,2025,3,9
1348.0,27.3. Analisis de los reportes del control de calidad y toma de medidas preventivas y correctivas: En el momento de la verificacion no se evidencia documentado.,Misionales,5. Procesos Prioritarios,Visitas de verificacion de la Secretaria de Salud Departamental del Cauca,La Vega,La Vega,2025,3,9
1349.0,"28, Orientacion a los usuarios sobre las condiciones, requisitos y restricciones de acceso, permanencia y salida del vehiculo, en condiciones de rutina o en condiciones de emergencia, a cargo del conductor del vehiculo y el talento humano en salud: En el momento de la verificacion no se evidencia documentado.",Misionales,5. Procesos Prioritarios,Visitas de verificacion de la Secretaria de Salud Departamental del Cauca,La Vega,La Vega,2025,3,9
1350.0,29. Mecanismos que garanticen comunicacion para el seguimiento de los pacientes que lo requieran: En el momento de la verificacion no se evidencia documentado.,Misionales,5. Procesos Prioritarios,Visitas de verificacion de la Secretaria de Salud Departamental del Cauca,La Vega,La Vega,2025,3,9
1351.0,"30. Mecanismos de supervision de las actividades realizadas en el marco de los eventos de interes en salud publica, cuando aplique: En el momento de la verificacion no se evidencia documentado.",Misionales,5. Procesos Prioritarios,Visitas de verificacion de la Secretaria de Salud Departamental del Cauca,La Vega,La Vega,2025,3,9
1352.0,Las historias clinicas cuentan con los componentes y los contenidos minimos definidos en la normatividad que regula la materia: La historia clinica digital CADUCEOS SITIS tiene pendiente parametrizar el telefono y parentesco del responsable.,Misionales,6. Historia clinica y registros,Visitas de verificacion de la Secretaria de Salud Departamental del Cauca,La Vega,La Vega,2025,3,9
1353.0,"5. La historia clinica y los registros asistenciales se diligencian en forma clara, legible, sin tachones, enmendaduras, intercalaciones, sin dejar espacios en blanco y sin utilizar siglas: La historia clinica digital CADUCEOS SITIS realiza registros asistenciales n forma clara, legible, sin tachones, enmendaduras, intercalaciones, con utilizar siglas y s espacios en blanco en lo datos basicos.",Misionales,6. Historia clinica y registros,Visitas de verificacion de la Secretaria de Salud Departamental del Cauca,La Vega,La Vega,2025,3,9
1354.0,"7. El diligenciamiento de los registros de atencion de la historia clinica se realiza simultanea o inmediatamente despues de la atencion en salud: Se evidencia historia cinica digital CADUCEOS SITIS -- el diligenciamiento de los registros de atencion de la historia clinica verificadas se realiza simultanea o inmediatamente despues de la atencion en salud del servicio de medicina ,enfermeria pero la psicologa , fisioterapeuta no tienen computador para el diligenciamiento despues de la atencion lo...",Misionales,6. Historia clinica y registros,Visitas de verificacion de la Secretaria de Salud Departamental del Cauca,La Vega,La Vega,2025,3,9
1355.0,"9. El prestador de servicios de salud cuenta con un procedimiento de consentimiento informado que incluye mecanismos para verificar su aplicacion, para que el paciente o usuario o su responsable aprueben o no documentalmente el procedimiento e intervencion en salud a que va a ser sometido, previa informacion de los beneficios, riesgos, alternativas e implicaciones del acto asistencial: Se evidencia que el prestador de servicios de salud cuenta con un MANUAL DE CONSENTIMIENTO INFORMADO que inclu...",Misionales,6. Historia clinica y registros,Visitas de verificacion de la Secretaria de Salud Departamental del Cauca,La Vega,La Vega,2025,3,9
1356.0,"11.1. Actividades documentadas y realizadas en el procedimiento de reuso de dispositivos medicos acorde con las recomendaciones del fabricante, incluyendo el numero de reusos por cada dispositivo esterilizado: No se evidencia registro de de reusos por cada dispositivo esterilizado.",Misionales,6. Historia clinica y registros,Visitas de verificacion de la Secretaria de Salud Departamental del Cauca,La Vega,La Vega,2025,3,9
1357.0,11.2. Registro de cargas: No se evidencia descrito registro de que se esteriliza en cada carga.,Misionales,6. Historia clinica y registros,Visitas de verificacion de la Secretaria de Salud Departamental del Cauca,La Vega,La Vega,2025,3,9
1358.0,11.3. Resultados del control de calidad: No se evidencian resultados del control de calidad.,Misionales,6. Historia clinica y registros,Visitas de verificacion de la Secretaria de Salud Departamental del Cauca,La Vega,La Vega,2025,3,9
1359.0,11.4. Listas del contenido de los paquetes que se esterilizan: No se evidencia descrito listas del contenido de los paquetes que se esterilizan.,Misionales,6. Historia clinica y registros,Visitas de verificacion de la Secretaria de Salud Departamental del Cauca,La Vega,La Vega,2025,3,9
1360.0,11.5. Etiquetado de cada paquete que permita la trazabilidad de la esterilizacion: No se evidencia etiquetado de cada paquete que permita la trazabilidad de la esterilizacion.,Misionales,6. Historia clinica y registros,Visitas de verificacion de la Secretaria de Salud Departamental del Cauca,La Vega,La Vega,2025,3,9
1361.0,14.7. Nombre de los pacientes atendidos: No se evidencia registro.,Misionales,6. Historia clinica y registros,Visitas de verificacion de la Secretaria de Salud Departamental del Cauca,La Vega,La Vega,2025,3,9
1362.0,14.8. Nombre de los pacientes trasladados: No se evidencia registro.,Misionales,6. Historia clinica y registros,Visitas de verificacion de la Secretaria de Salud Departamental del Cauca,La Vega,La Vega,2025,3,9
1363.0,14.9. Fecha y hora de ingreso al servicio: No se evidencia registro.,Misionales,6. Historia clinica y registros,Visitas de verificacion de la Secretaria de Salud Departamental del Cauca,La Vega,La Vega,2025,3,9
1364.0,14.10. Cuidados por parte del personal de salud: No aporta informacion el prestador.,Misionales,6. Historia clinica y registros,Visitas de verificacion de la Secretaria de Salud Departamental del Cauca,La Vega,La Vega,2025,3,9
1365.0,"14.12. Registros de las fechas de llegada y de salida, cuando aplique: No aporta informacion el prestador.",Misionales,6. Historia clinica y registros,Visitas de verificacion de la Secretaria de Salud Departamental del Cauca,La Vega,La Vega,2025,3,9
1366.0,14.13. Registros de las actividades realizadas: No aporta informacion el prestador.,Misionales,6. Historia clinica y registros,Visitas de verificacion de la Secretaria de Salud Departamental del Cauca,La Vega,La Vega,2025,3,9
1367.0,"1. Cumple servicios y con los criterios que le sean aplicables de todos los adicionalmente, disponibilidad de: Ver Estandar transversal Talento Humano.",Gestion de Talento Humano,1. Talento Humano,Visitas de verificacion de la Secretaria de Salud Departamental del Cauca,La Vega,La Vega,2025,3,9
1368.0,20. Cumple con los criterios que le sean aplicables de todos los servicios y adicionalmente cuenta con: No cumple con los criterios que le sean aplicables de todos los servicios.,Gestion de Recursos,2. Infraestructura,Visitas de verificacion de la Secretaria de Salud Departamental del Cauca,La Vega,La Vega,2025,3,9
1369.0,"20.4.3. La habitacion multiple para pacientes adultos debe tener una capacidad maxima de 4 camas, con area libre minima de 7m2 por cama, separadas con barrera fisica flja o movil: Cuenta con habitaciones para dos camas, perono estan separadas por barrera fisica fija ni movil.",Gestion de Recursos,2. Infraestructura,Visitas de verificacion de la Secretaria de Salud Departamental del Cauca,La Vega,La Vega,2025,3,9
1370.0,25. Cumple con los criterios que le sean aplicables de todos los servicios y adicionalmente cuenta con: Revisar estandar transversal.,Gestion de Recursos,3. Dotacion,Visitas de verificacion de la Secretaria de Salud Departamental del Cauca,La Vega,La Vega,2025,3,9
1371.0,"25.2. Carro de paro. Si el servicio de hospitalizacion esta en varios pisos o niveles, cada piso o nivel, cuenta con minimo un carro de paro, asegurando que se encuentren en permanente disposicion y facil localizacion para brindar una atencion oportuna sin poner en riesgo la vida del paciente: En el carro de paro se encuentra que el monitor no funciona, se le sugiera al prestador la dotacion de este equipo de manera inmediata.",Gestion de Recursos,3. Dotacion,Visitas de verificacion de la Secretaria de Salud Departamental del Cauca,La Vega,La Vega,2025,3,9
1372.0,26.3. Silla de ruedas: No cuenta con silla de ruedas.,Gestion de Recursos,3. Dotacion,Visitas de verificacion de la Secretaria de Salud Departamental del Cauca,La Vega,La Vega,2025,3,9
1373.0,26.4. Tensiometro para adulto o pediatrico de acuerdo con la oferta del servicio: No cuenta con tensiometro adulto y pediatrico.,Gestion de Recursos,3. Dotacion,Visitas de verificacion de la Secretaria de Salud Departamental del Cauca,La Vega,La Vega,2025,3,9
1374.0,26.5. Fonendoscopio adulto o pediatrico de acuerdo con la oferta del servicio: No cuenta con fonendoscopio adulto y pediatrico.,Gestion de Recursos,3. Dotacion,Visitas de verificacion de la Secretaria de Salud Departamental del Cauca,La Vega,La Vega,2025,3,9
1375.0,26.6. Equipo de organos de los sentidos: No cuenta con equipo de organos de los sentidos.,Gestion de Recursos,3. Dotacion,Visitas de verificacion de la Secretaria de Salud Departamental del Cauca,La Vega,La Vega,2025,3,9
1376.0,26.7. Electrocardiografo: No cuenta con electrocardiografo.,Gestion de Recursos,3. Dotacion,Visitas de verificacion de la Secretaria de Salud Departamental del Cauca,La Vega,La Vega,2025,3,9
1377.0,26.8. Oxigeno medicinal que puede ser suministrado mediante salida de oxigeno medicinal o mediante oxigeno medicinal portatil: No cuenta con oxigeno medicinal.,Gestion de Recursos,3. Dotacion,Visitas de verificacion de la Secretaria de Salud Departamental del Cauca,La Vega,La Vega,2025,3,9
1378.0,"35. Cumple con los criterios que le sean aplicables de todos los servicios y adicionalmente, cuenta con: No cumple con los criterios que le sean aplicables de todos los servicios.",Misionales,"4. Medicamentos, dispositivos medicos e insumos",Visitas de verificacion de la Secretaria de Salud Departamental del Cauca,La Vega,La Vega,2025,3,9
1379.0,42. Cumple con los criterios que le sean aplicables de todos los servicios y adicionalmente cuenta con la siguiente informacion documentada: Se verifico en el estandar transversal.,Misionales,5. Procesos Prioritarios,Visitas de verificacion de la Secretaria de Salud Departamental del Cauca,La Vega,La Vega,2025,3,9
1380.0,42.1. Criterios de ingreso y egreso al servicio: Prestador no presenta documentacion.,Misionales,5. Procesos Prioritarios,Visitas de verificacion de la Secretaria de Salud Departamental del Cauca,La Vega,La Vega,2025,3,9
1381.0,"42.2. Manejo de las principales causas de hospitalizacion, segun oferta: Se verifica las causas principales de atencion mediante el principio es pareto y se verifica soporte donde adaptan guia de manejo del ministerio de salud, sin embargo guias de manejo clinico para el servicio especifico no se encuentran documentadas en su totalidad.",Misionales,5. Procesos Prioritarios,Visitas de verificacion de la Secretaria de Salud Departamental del Cauca,La Vega,La Vega,2025,3,9
1382.0,42.3. Ronda medica diaria de evolucion de pacientes: Prestador no presenta documentacion.,Misionales,5. Procesos Prioritarios,Visitas de verificacion de la Secretaria de Salud Departamental del Cauca,La Vega,La Vega,2025,3,9
1383.0,"42.5. Entrega de turno por parte de enfermeria y de medicina: La ESE Cuenta con PROTOCOLO DE RECIBO Y ENTREGA DE TURNO Cadigo: PT-MI-CE-21, se verifica que no se encuentran dentro del plan de capacitacion institucional del 2024, ni cuenta con medicion de adherencia.",Misionales,5. Procesos Prioritarios,Visitas de verificacion de la Secretaria de Salud Departamental del Cauca,La Vega,La Vega,2025,3,9
1384.0,"42.6. Control de liquidos: La ESE presenta documento CONTROL DE LIQUIDOS ADQUIRIDOS Y ELIMINADOS Codigo: PT-MIHO- 22, se verifica que no se encuentran dentro del plan de capacitacion institucional del 2024, ni cuenta con medicion de adherencia.",Misionales,5. Procesos Prioritarios,Visitas de verificacion de la Secretaria de Salud Departamental del Cauca,La Vega,La Vega,2025,3,9
1385.0,"42.7. Plan de cuidados de enfermeria: La ESE presenta documento en Excel de plan de cuidados establecidos por patologias mas frecuentes sin embargo no cuenta con un documento donde se defina los cuidados segun las necesidades del paciente, no se cuenta con la socializacion, ni medicion de adherencia.",Misionales,5. Procesos Prioritarios,Visitas de verificacion de la Secretaria de Salud Departamental del Cauca,La Vega,La Vega,2025,3,9
1386.0,"42.9. Sujecion de pacientes: La ESE presenta documento PT-MI-UR-55 protocolo de inmovilizacion paciente inconsciente y psiquiatrico el cual tiene como objetivo establecer las actividades que garanticen la correcta inmovilizacion del paciente, al momento de la verificacion no se cuenta con soporte de socializacion.",Misionales,5. Procesos Prioritarios,Visitas de verificacion de la Secretaria de Salud Departamental del Cauca,La Vega,La Vega,2025,3,9
1387.0,"42.11. Cateterismo vesical: La ESE presenta documento PT-MI-UR-14 Version 1 fecha agosto del 2020-en el cual no se especifica que elementos son necesarios para la inmovilizacion de pacientes, no se evidencia el alcance de aplicacion del documento.",Misionales,5. Procesos Prioritarios,Visitas de verificacion de la Secretaria de Salud Departamental del Cauca,La Vega,La Vega,2025,3,9
1388.0,"42.13. llustrar al paciente en el auto cuidado de la salud y la preservacion de la seguridad de su atencion: El prestador cuenta con documento definido como PROTOCOLO AUTOCUIDADO PACIENTE Y SUS CUIDADORES PT-MI-HO 01- Version 2 fecha junio 20204, no se encuentra socializado para el ano 2024.",Misionales,5. Procesos Prioritarios,Visitas de verificacion de la Secretaria de Salud Departamental del Cauca,La Vega,La Vega,2025,3,9
1389.0,42.14. Informacion a usuarios: prestador no presenta documento solicitado.,Misionales,5. Procesos Prioritarios,Visitas de verificacion de la Secretaria de Salud Departamental del Cauca,La Vega,La Vega,2025,3,9
1390.0,"42.15. Revision del carro de paro: Cuenta con el documento CHEQUEO DEL DESFIBIYR LVERAIFDICOACRIO N DEL CARRO DE PARO,sin codigo Version 2 Fecha Junio 2022. No se encuentra dentro de la tematica a socializar para el ano 2024.",Misionales,5. Procesos Prioritarios,Visitas de verificacion de la Secretaria de Salud Departamental del Cauca,La Vega,La Vega,2025,3,9
1391.0,"42.16. Actividades de rehabilitacion: fisioterapia, terapia ocupacional y terapia del lenguaje, que incluya los tipos de elementos e insumas requeridos para cada tipo de actividad, segun se requiera: El prestador presenta PROTOCOLO DE ATENCION EN FISIOTERAPIA Codgio PT-MI- CE-53Version O del 2023, cuenta con documentos definidos respecto a la terapia respiratoria y fisica con los insumos requeridos para la prestacion del servicio . Sin embargo no presentan documento, no se evidencia socializaci...",Misionales,5. Procesos Prioritarios,Visitas de verificacion de la Secretaria de Salud Departamental del Cauca,La Vega,La Vega,2025,3,9
1392.0,"48. Cumple con los criterios que le sean aplicables de todos los servicios: Ver transversal de historia clinica, cuenta con historia clinica digital.",Misionales,6. Historia clinica y registros,Visitas de verificacion de la Secretaria de Salud Departamental del Cauca,La Vega,La Vega,2025,3,9
1393.0,1. Cumple con los criterios que le sean aplicables de todos los: Ver Estandar transversal Talento Humano.,Gestion de Talento Humano,1. Talento Humano,Visitas de verificacion de la Secretaria de Salud Departamental del Cauca,La Vega,La Vega,2025,3,9
1394.0,20. Cumple con los criterios que le sean aplicables de todos los servicios y adicionalmente cuenta con: No cumple con los criterios que le sean aplicables de todos los servicios.,Gestion de Recursos,2. Infraestructura,Visitas de verificacion de la Secretaria de Salud Departamental del Cauca,La Vega,La Vega,2025,3,9
1395.0,"20.4.3. La habitacion multiple para pacientes adultos debe tener una capacidad maxima de 4 camas, con area libre minima de 7 m2 por cama, separadas con barrera fisica flja o movil: Cuenta con habitaciones para dos camas, perono estan separadas por barrera fisica fija ni movil.",Gestion de Recursos,2. Infraestructura,Visitas de verificacion de la Secretaria de Salud Departamental del Cauca,La Vega,La Vega,2025,3,9
1396.0,25. Cumple con los criterios que le sean aplicables de todos los servicios y adicionalmente cuenta con: Revisar estandar transversal.,Gestion de Recursos,3. Dotacion,Visitas de verificacion de la Secretaria de Salud Departamental del Cauca,La Vega,La Vega,2025,3,9
1397.0,"25.2. Carro de paro. Si el servicio de hospitalizacion esta en varios pisos o niveles, cada piso o nivel, cuenta con minimo un carro de paro, asegurando que se encuentren en permanente disposicion y facil localizacion para brindar una atencion oportuna sin poner en riesgo la vida del paciente: En el carro de paro se encuentra que el monitor no funciona, se le sugiera al prestador la dotacion de este equipo de manera inmediata.",Gestion de Recursos,3. Dotacion,Visitas de verificacion de la Secretaria de Salud Departamental del Cauca,La Vega,La Vega,2025,3,9
1398.0,26.3. Silla de ruedas: No cuenta con silla de ruedas.,Gestion de Recursos,3. Dotacion,Visitas de verificacion de la Secretaria de Salud Departamental del Cauca,La Vega,La Vega,2025,3,9
1399.0,26.4. Tensiometro para adulto o pediatrico de acuerdo con la oferta del servicio: No cuenta con tensiometro adulto y pediatrico.,Gestion de Recursos,3. Dotacion,Visitas de verificacion de la Secretaria de Salud Departamental del Cauca,La Vega,La Vega,2025,3,9
1400.0,26.5. Fonendoscopio adulto o pediatrico de acuerdo con la oferta del servicio: No cuenta con fonendoscopio adulto y pediatrico.,Gestion de Recursos,3. Dotacion,Visitas de verificacion de la Secretaria de Salud Departamental del Cauca,La Vega,La Vega,2025,3,9
1401.0,26.6. Equipo de organos de los sentidos: No cuenta con equipo de organos de los sentidos.,Gestion de Recursos,3. Dotacion,Visitas de verificacion de la Secretaria de Salud Departamental del Cauca,La Vega,La Vega,2025,3,9
1402.0,26.7. Electrocardiografo: No cuenta con electrocardiografo.,Gestion de Recursos,3. Dotacion,Visitas de verificacion de la Secretaria de Salud Departamental del Cauca,La Vega,La Vega,2025,3,9
1403.0,26.8. Oxigeno medicinal que puede ser suministrado mediante salida de oxigeno medicinal o mediante oxigeno medicinal portatil: No cuenta con oxigeno medicinal.,Gestion de Recursos,3. Dotacion,Visitas de verificacion de la Secretaria de Salud Departamental del Cauca,La Vega,La Vega,2025,3,9
1404.0,"35. Cumple con los criterios que le sean aplicables de todos los servicios y adicionalmente, cuenta con: No cumple con los criterios que le sean aplicables de todos los servicios.",Gestion de Recursos,"4. Medicamentos, dispositivos medicos e insumos",Visitas de verificacion de la Secretaria de Salud Departamental del Cauca,La Vega,La Vega,2025,3,9
1405.0,42. Cumple con los criterios que le sean aplicables de todos los servicios y adicionalmente cuenta con la siguiente informacion documentada: Se verifico en el estandar transversal.,Misionales,5. Procesos Prioritarios,Visitas de verificacion de la Secretaria de Salud Departamental del Cauca,La Vega,La Vega,2025,3,9
1406.0,42.1. Criterios de ingreso y egreso al servicio: No presentan documentacion.,Misionales,5. Procesos Prioritarios,Visitas de verificacion de la Secretaria de Salud Departamental del Cauca,La Vega,La Vega,2025,3,9
1407.0,"42.2. Manejo de las principales causas de hospitalizacion, segun oferta: Se verifica las causas principales de atencion mediante el principio es pareto y se verifica soporte donde adaptan guia de manejo del ministerio de salud, sin embargo guias de manejo clinico para el servicio especifico no se encuentran documentadas en su totalidad.",Misionales,5. Procesos Prioritarios,Visitas de verificacion de la Secretaria de Salud Departamental del Cauca,La Vega,La Vega,2025,3,9
1408.0,42.3. Ronda medica diaria de evolucion de pacientes: Prestador no presenta documentacion.,Misionales,5. Procesos Prioritarios,Visitas de verificacion de la Secretaria de Salud Departamental del Cauca,La Vega,La Vega,2025,3,9
1409.0,"42.5. Entrega de turno por parte de enfermeria y de medicina: La ESE Cuenta con PROTOCOLO DE RECIBO Y ENTREGA DE TURNO Codigo: PT-MI-CE-21, se verifica que no se encuentran dentro del plan de capacitacion institucional del 2024, ni cuenta con medicion de adherencia.",Misionales,5. Procesos Prioritarios,Visitas de verificacion de la Secretaria de Salud Departamental del Cauca,La Vega,La Vega,2025,3,9
1410.0,"42.6. Control de liquidos: La ESE presenta documento CONTROL DE LIQUIDOS ADQUIRIDOS Y ELIMINADOS Codigo: PT-MIHO- 22, se verifica que no se encuentran dentro del plan de capacitacion institucional del 2024, ni cuenta con medicion de adherencia.",Misionales,5. Procesos Prioritarios,Visitas de verificacion de la Secretaria de Salud Departamental del Cauca,La Vega,La Vega,2025,3,9
1411.0,"42.7. Plan de cuidados de enfermeria: La ESE presenta documento en Excel de plan de cuidados establecidos por patologias mas frecuentes sin embargo no cuenta con un documento donde se defina los cuidados segun las necesidades del paciente, no se cuenta con la socializacion, ni medicion de adherencia.",Misionales,5. Procesos Prioritarios,Visitas de verificacion de la Secretaria de Salud Departamental del Cauca,La Vega,La Vega,2025,3,9
1412.0,"42.9. Sujecion de pacientes: La ESE presenta documento PT-MI-UR-55 protocolo de inmovilizacion paciente inconsciente y psiquiatrico el cual tiene como objetivo establecer las actividades que garanticen la correcta inmovilizacion del paciente, al momento de la verificacion no se cuenta con soporte de socializacion.",Misionales,5. Procesos Prioritarios,Visitas de verificacion de la Secretaria de Salud Departamental del Cauca,La Vega,La Vega,2025,3,9
1413.0,"42.11. Cateterismo vesical: La ESE presenta documento PT-MI-UR-14 Version 1 fecha agosto del 2020-en el cual no se especifica que elementos son necesarios para la inmovilizacion de pacientes, no se evidencia el alcance de aplicacion del documento.",Misionales,5. Procesos Prioritarios,Visitas de verificacion de la Secretaria de Salud Departamental del Cauca,La Vega,La Vega,2025,3,9
1414.0,"42.13. llustrar al paciente en el auto cuidado de la salud y la preservacion de la seguridad de su atencion: El prestador cuenta con documento definido como PROTOCOLO AUTOCUIDADO PACIENTE Y SUS CUIDADORES PT-MI-HO 01- Version 2 fecha junio 20204, no se encuentra socializado para el ano 2024.",Misionales,5. Procesos Prioritarios,Visitas de verificacion de la Secretaria de Salud Departamental del Cauca,La Vega,La Vega,2025,3,9
1415.0,42.14. Informacien a usuarios: El prestador no presenta documento solicitado:,Misionales,5. Procesos Prioritarios,Visitas de verificacion de la Secretaria de Salud Departamental del Cauca,La Vega,La Vega,2025,3,9
1416.0,"42.15. Revision del carro de paro: Cuenta con el documento CHEQUEO DEL DESFIBIRLADOR Y VERIFICACION DEL CARRO DE PARO, sin codigo Version 2 Fecha Junio 2022. No se encuentra dentro de la tematica a socializar para el ano 2024.",Misionales,5. Procesos Prioritarios,Visitas de verificacion de la Secretaria de Salud Departamental del Cauca,La Vega,La Vega,2025,3,9
1417.0,"42.16. Actividades de rehabilitacion: fisioterapia, terapia ocupacional y terapia del lenguaje, que incluya los tipos de elementos e insumas requeridos para cada tipo de actividad, segun se requiera: El prestador presenta PROTOCOLO DE ATENCION EN FISIOTERAPIA Codgio PT-MI- CE-53Version 0 del 2023, cuenta con documentos definidos respecto a la terapia respiratoria y fisica con los insumos requeridos para la prestacion del servicio . Sin embargo no presentan documento, no se evidencia socializaci...",Misionales,5. Procesos Prioritarios,Visitas de verificacion de la Secretaria de Salud Departamental del Cauca,La Vega,La Vega,2025,3,9
1418.0,"48. Cumple con los criterios que le sean aplicables de todos los servicios: Ver transversal de historia clinica, cuenta con historia clinica digital.",Misionales,6. Historia clinica y registros,Visitas de verificacion de la Secretaria de Salud Departamental del Cauca,La Vega,La Vega,2025,3,9
1419.0,24.1. Fonendoscopio para adulto o pediatrico segun la oferta del servicio: No cuenta con el equipo de este item correspondiente.,Gestion de Recursos,3. Dotacion,Visitas de verificacion de la Secretaria de Salud Departamental del Cauca,La Vega,La Vega,2025,3,9
1420.0,24.2. Tensiometro para adulto o pediatrico segun la oferta del servicio: No cuenta con el equipo de este item correspondiente.,Gestion de Recursos,3. Dotacion,Visitas de verificacion de la Secretaria de Salud Departamental del Cauca,La Vega,La Vega,2025,3,9
1421.0,24.3. Equipo de organos de los sentidos: No cuenta con el equipo de este item correspondiente.,Gestion de Recursos,3. Dotacion,Visitas de verificacion de la Secretaria de Salud Departamental del Cauca,La Vega,La Vega,2025,3,9
1422.0,24.4 Oximetro: No cuenta con el equipo de este item correspondiente.,Gestion de Recursos,3. Dotacion,Visitas de verificacion de la Secretaria de Salud Departamental del Cauca,La Vega,La Vega,2025,3,9
1423.0,24.5. Glucometro: No cuenta con el equipo de este item correspondiente.,Gestion de Recursos,3. Dotacion,Visitas de verificacion de la Secretaria de Salud Departamental del Cauca,La Vega,La Vega,2025,3,9
1424.0,24.6. Martillo de reflejos: No cuenta con el equipo de este item correspondiente.,Gestion de Recursos,3. Dotacion,Visitas de verificacion de la Secretaria de Salud Departamental del Cauca,La Vega,La Vega,2025,3,9
1425.0,"24.7. Termometro, cuanto lo requiera: No cuenta con el equipo de este item correspondiente.",Gestion de Recursos,3. Dotacion,Visitas de verificacion de la Secretaria de Salud Departamental del Cauca,La Vega,La Vega,2025,3,9
1426.0,24.8. Cinta metrica: No cuenta con el equipo de este item correspondiente.,Gestion de Recursos,3. Dotacion,Visitas de verificacion de la Secretaria de Salud Departamental del Cauca,La Vega,La Vega,2025,3,9
1427.0,"24.9. Bascula grado medico o pesa bebe, segun la oferta del servicio: No cuenta con el equipo de este item correspondiente.",Gestion de Recursos,3. Dotacion,Visitas de verificacion de la Secretaria de Salud Departamental del Cauca,La Vega,La Vega,2025,3,9
1428.0,"25. El prestador de servicios de salud cuenta con la dotacion necesaria para realizar los procedimientos documentados en el estandar de procesos prioritarios: El prestador informa de forma verbal que para las salidas extramurales solo utilizan tensiometro, fonendoscopio, bascula y tallimetro, pero esto no se encuentra documentando desde el estandar de procesos prioritarios.",Gestion de Recursos,3. Dotacion,Visitas de verificacion de la Secretaria de Salud Departamental del Cauca,La Vega,La Vega,2025,3,9
1429.0,32. Cumple con los criterios que le sean aplicables de todos los servicios: No Cumple con los criterios que le sean aplicables de todos los servicios.,Gestion de Recursos,"4. Medicamentos, dispositivos medicos e insumos",Visitas de verificacion de la Secretaria de Salud Departamental del Cauca,La Vega,La Vega,2025,3,9
1430.0,"35.1. Procedimientos que se pueden realizar, incluyendo aquellos que requieran anestesia local y no impliquen anestesia regional ni general: Presenta el listado de procedimiento que se ejecutan dentro de la parte asistencial por parte de los profesionales de enfermeria para los servicios intramurales, para la prestacion extramural no cuenta con documentado.",Misionales,5. Procesos Prioritarios,Visitas de verificacion de la Secretaria de Salud Departamental del Cauca,La Vega,La Vega,2025,3,9
1431.0,35.2.1. Preparacion: Los documentos presentados por el prestador no cuentan con todas la especificaciones solicitadas.,Misionales,5. Procesos Prioritarios,Visitas de verificacion de la Secretaria de Salud Departamental del Cauca,La Vega,La Vega,2025,3,9
1432.0,35.2.2. Recomendaciones post procedimiento: Los documentos presentados por el prestador no cuentan con todas la especificaciones solicitadas,Misionales,5. Procesos Prioritarios,Visitas de verificacion de la Secretaria de Salud Departamental del Cauca,La Vega,La Vega,2025,3,9
1433.0,35.2.3. Controles: Los documentos presentados por el prestador no cuentan con todas la especificaciones solicitadas.,Misionales,5. Procesos Prioritarios,Visitas de verificacion de la Secretaria de Salud Departamental del Cauca,La Vega,La Vega,2025,3,9
1434.0,35.2.4. Posibles complicaciones: Los documentos presentados por el prestador no cuentan con todas la especificaciones solicitadas.,Misionales,5. Procesos Prioritarios,Visitas de verificacion de la Secretaria de Salud Departamental del Cauca,La Vega,La Vega,2025,3,9
1435.0,"36.1. Manejo de pacientes con enfermedad respiratoria alta y baja, que incluya ingreso, valoracion y seguimiento del estado critico: El prestador presenta documento MANEJO ENFERMEDAD RESPIRATORIA AGUDA EN LA SALA DE ERA Codigo PR-MI-UR-78 Version 1 Fecha: febrero del 2024, el objetivo es mantener vigilancia continua en pacientes ingresados en el servicios de urgencias con problemas respiratorios sea alta o baja para difundir medidas de prevencion, se tiene definido criterios de ingreso, no se ...",Misionales,5. Procesos Prioritarios,Visitas de verificacion de la Secretaria de Salud Departamental del Cauca,La Vega,La Vega,2025,3,9
1436.0,"41. Cumple con los criterios que le sean aplicables de todos los servicios: Ver transversal de historia clinica, cuenta con historia clinica digital.",Misionales,6. Historia clinica y registros,Visitas de verificacion de la Secretaria de Salud Departamental del Cauca,La Vega,La Vega,2025,3,9
1437.0,24.1. Fonendoscopio para adulto o pediatrico segun la oferta del servicio: No cuenta con el equipo de este item correspondiente.,Gestion de Recursos,3. Dotacion,Visitas de verificacion de la Secretaria de Salud Departamental del Cauca,La Vega,La Vega,2025,3,9
1438.0,24.2. Tensiometro para adulto o pediatrico segun la oferta del servicio: No cuenta con el equipo de este item correspondiente.,Gestion de Recursos,3. Dotacion,Visitas de verificacion de la Secretaria de Salud Departamental del Cauca,La Vega,La Vega,2025,3,9
1439.0,24.3. Equipo de organos de los sentidos: No cuenta con el equipo de este item correspondiente.,Gestion de Recursos,3. Dotacion,Visitas de verificacion de la Secretaria de Salud Departamental del Cauca,La Vega,La Vega,2025,3,9
1440.0,24.4. Oximetro: No cuenta con el equipo de este item correspondiente.,Gestion de Recursos,3. Dotacion,Visitas de verificacion de la Secretaria de Salud Departamental del Cauca,La Vega,La Vega,2025,3,9
1441.0,24.5. Glucometro: No cuenta con el equipo de este item correspondiente.,Gestion de Recursos,3. Dotacion,Visitas de verificacion de la Secretaria de Salud Departamental del Cauca,La Vega,La Vega,2025,3,9
1442.0,24.6. Martillo de reflejos: No cuenta con el equipo de este item correspondiente.,Gestion de Recursos,3. Dotacion,Visitas de verificacion de la Secretaria de Salud Departamental del Cauca,La Vega,La Vega,2025,3,9
1443.0,"24.7. Termometro, cuanto lo requiera: No cuenta con el equipo de este item correspondiente.",Gestion de Recursos,3. Dotacion,Visitas de verificacion de la Secretaria de Salud Departamental del Cauca,La Vega,La Vega,2025,3,9
1444.0,24.8. Cinta metrica: No cuenta con el equipo de este item correspondiente.,Gestion de Recursos,3. Dotacion,Visitas de verificacion de la Secretaria de Salud Departamental del Cauca,La Vega,La Vega,2025,3,9
1445.0,"24.9. Bascula grado medico o pesa bebe, segun la oferta del servicio: No cuenta con el equipo de este item correspondiente.",Gestion de Recursos,3. Dotacion,Visitas de verificacion de la Secretaria de Salud Departamental del Cauca,La Vega,La Vega,2025,3,9
1446.0,"25. El prestador de servicios de salud cuenta con la dotacion necesaria para realizar los procedimientos documentados en el estandar de procesos prioritarios: El prestador informa de forma verbal que para las salidas extramurales solo utilizan tensiometro, fonendoscopio, bascula y tallimetro, pero esto no se encuentra documentando desde el estandar de procesos prioritarios.",Gestion de Recursos,3. Dotacion,Visitas de verificacion de la Secretaria de Salud Departamental del Cauca,La Vega,La Vega,2025,3,9
1447.0,32. Cumple con los criterios que le sean aplicables de todos los servicios: No Cumple con los criterios que le sean aplicables de todos los servicios.,Gestion de Recursos,"4. Medicamentos, dispositivos medicos e insumos",Visitas de verificacion de la Secretaria de Salud Departamental del Cauca,La Vega,La Vega,2025,3,9
1448.0,"35.1. Procedimientos que se pueden realizar, incluyendo aquellos que requieran anestesia local y no impliquen anestesia regional ni general: Presenta el listado de procedimiento que se ejecutan dentro de la parte asistencial por parte de los profesionales de medicina general para los servicios intramurales, para la prestacion extramural no cuenta con documentado.",Misionales,5. Procesos Prioritarios,Visitas de verificacion de la Secretaria de Salud Departamental del Cauca,La Vega,La Vega,2025,3,9
1449.0,35.2.1. Preparacion: Los documentos presentados por el prestador no cuentan con todas la especificaciones solicitadas.,Misionales,5. Procesos Prioritarios,Visitas de verificacion de la Secretaria de Salud Departamental del Cauca,La Vega,La Vega,2025,3,9
1450.0,35.2.2. Recomendaciones post procedimiento: Los documentos presentados por el prestador no cuentan con todas la especificaciones solicitadas.,Misionales,5. Procesos Prioritarios,Visitas de verificacion de la Secretaria de Salud Departamental del Cauca,La Vega,La Vega,2025,3,9
1451.0,35.2.3. Controles: Los documentos presentados por el prestador no cuentan con todas la especificaciones solicitadas.,Misionales,5. Procesos Prioritarios,Visitas de verificacion de la Secretaria de Salud Departamental del Cauca,La Vega,La Vega,2025,3,9
1452.0,35.2.4. Posibles complicaciones: Los documentos presentados por el prestador no cuentan con todas la especificaciones solicitadas.,Misionales,5. Procesos Prioritarios,Visitas de verificacion de la Secretaria de Salud Departamental del Cauca,La Vega,La Vega,2025,3,9
1453.0,"36.1. Manejo de pacientes con enfermedad respiratoria alta y baja, que incluya ingreso, valoracion y seguimiento del estado critico: El prestador presenta documento MANEJO ENFERMEDAD RESPIRATORIA AGUDA EN LA SALA DE ERA Codigo PR-MI-UR-78 Version 1 Fecha: febrero del 2024, el objetivo es mantener vigilancia continua en pacientes ingresados en el servicios de urgencias con problemas respiratorios sea alta o baja para difundir medidas de prevencion, se tiene definido criterios de ingreso, no se e...",Misionales,5. Procesos Prioritarios,Visitas de verificacion de la Secretaria de Salud Departamental del Cauca,La Vega,La Vega,2025,3,9
1454.0,"41. Cumple con los criterios que le sean aplicables de todos los servicios: Ver transversal de historia clinica, cuenta con historia clinica digital.",Misionales,6. Historia clinica y registros,Visitas de verificacion de la Secretaria de Salud Departamental del Cauca,La Vega,La Vega,2025,3,9
1455.0,"23.6. Instrumental basico definido por el prestador de acuerdo con la oferta del servicio (adultos o pediatria), la capacidad instalada, los procedimientos documentados en el estandar de procesos prioritarios y la tecnica de esterilizacion y numero de ciclos de esterilizacion al dia: En el estandar de procesos prioritarios no se evidencia documentado el instrumental de acuerdo a lo verificado, tampoco se evidencia la tecnica de esterilizacion y numero de ciclos de esterilizacion al dia.",Gestion de Recursos,3. Dotacion,Visitas de verificacion de la Secretaria de Salud Departamental del Cauca,La Vega,La Vega,2025,3,9
1456.0,26.2. Lampara de fotocurado o amalgamador segun la oferta del servicio: No cuentan con lampara de fotocurado para la modalidad.,Gestion de Recursos,3. Dotacion,Visitas de verificacion de la Secretaria de Salud Departamental del Cauca,La Vega,La Vega,2025,3,9
1457.0,"26.6. Instrumental basico esteril definido por el prestador de acuerdo con la oferta del servicio (adultos o pediatria), la capacidad instalada y los procedimientos documentados en el estandar de procesos prioritarios: En el estandar de procesos prioritarios no se evidencia documentado el instrumental de acuerdo a lo verificado, tampoco se evidencia la tecnica de esterilizacion y numero de ciclos de esterilizacion al dia.",Gestion de Recursos,3. Dotacion,Visitas de verificacion de la Secretaria de Salud Departamental del Cauca,La Vega,La Vega,2025,3,9
1458.0,27. Cumple con los criterios que le sean aplicables de todos los servicios: Revisar estandar transversal.,Gestion de Recursos,3. Dotacion,Visitas de verificacion de la Secretaria de Salud Departamental del Cauca,La Vega,La Vega,2025,3,9
1459.0,32. Cumple con los criterios que le sean aplicables de todos los servicios: No Cumple con los criterios que le sean aplicables de todos los servicios.,Gestion de Recursos,"4. Medicamentos, dispositivos medicos e insumos",Visitas de verificacion de la Secretaria de Salud Departamental del Cauca,La Vega,La Vega,2025,3,9
1460.0,"35.1. Procedimientos que se pueden realizar, incluyendo aquellos que requieran anestesia local y no impliquen anestesia regional ni general: El prestador no cuenta con documento donde se evidencia los requisitos para manejo de anestesia local, cuenta con anotaciones en los protocolos de procedimientos donde define el manejo de la anestesia pero no describe las cantidades y riesgos posibles para el manejo y uso de los anestesico locales.",Misionales,5. Procesos Prioritarios,Visitas de verificacion de la Secretaria de Salud Departamental del Cauca,La Vega,La Vega,2025,3,9
1461.0,35.2.1. Preparacion: No cuenta con la informacion solicitada.,Misionales,5. Procesos Prioritarios,Visitas de verificacion de la Secretaria de Salud Departamental del Cauca,La Vega,La Vega,2025,3,9
1462.0,35.2.2. Recomendaciones post procedimiento: No cuenta con la informacion solicitada.,Misionales,5. Procesos Prioritarios,Visitas de verificacion de la Secretaria de Salud Departamental del Cauca,La Vega,La Vega,2025,3,9
1463.0,35.2.3. Controles: No cuenta con la informacion solicitada.,Misionales,5. Procesos Prioritarios,Visitas de verificacion de la Secretaria de Salud Departamental del Cauca,La Vega,La Vega,2025,3,9
1464.0,35.2.4. Posibles complicaciones: No cuenta con la informacion solicitada.,Misionales,5. Procesos Prioritarios,Visitas de verificacion de la Secretaria de Salud Departamental del Cauca,La Vega,La Vega,2025,3,9
1465.0,"41. Cumple con los criterios que le sean aplicables de todos los servicios: El prestador no cuenta con registros de consentimientos firmados por el paciente ni por el profesional, se evidencia espacios vacios, en los registros de la historia clinica.",Misionales,6. Historia clinica y registros,Visitas de verificacion de la Secretaria de Salud Departamental del Cauca,La Vega,La Vega,2025,3,9
1466.0,1.1. Profesional de la medicina o profesional de la enfermeria: Se debe asignar un profesional de la Enfermeria o de la medicina para la supervision del personal auxiliar.,Misionales,1. Talento Humano,Visitas de verificacion de la Secretaria de Salud Departamental del Cauca,La Vega,La Vega,2025,3,9
1467.0,"Si se presenta interrupcion de la cadena de frio, el prestador de servicios de salud realiza notificacion segun el procedimiento establecido por el Invima: No cumplen con los criterios que sean aplicables de todos los servicio, cuenta con protocolo de notificacion si se presenta interrupcion de la cadena de frio.",Gestion de Recursos,"4. Medicamentos, dispositivos medicos e insumos",Visitas de verificacion de la Secretaria de Salud Departamental del Cauca,La Vega,La Vega,2025,3,9
1468.0,"10.1 Si el prestador de servicios de salud administra la vacuna en un ambiente diferente al consultorio de vacunacion cuenta con informacion documentada para el alistamiento de los biologicos para uso diario, asi como la conservacion de la cadena de frio: El prestador presenta documento denominado SALIDA EXTRAMURAL PT-MI-CE-25 Version 03 Fecha enero 2024, el cual se identifica que el documento no cuenta con la descripcion de alistamiento del biologicos y se debera ampliar la conservacion de la ...",Misionales,5. Procesos Prioritarios,Visitas de verificacion de la Secretaria de Salud Departamental del Cauca,La Vega,La Vega,2025,3,9
1469.0,32. Cumple con los criterios que le sean aplicables de todos los servicios: No Cumple con los criterios que le sean aplicables de todos los servicios.,Gestion de Recursos,"4. Medicamentos, dispositivos medicos e insumos",Visitas de verificacion de la Secretaria de Salud Departamental del Cauca,La Vega,La Vega,2025,3,9
1470.0,"41. Cumple con los criterios que le sean aplicables de todos los servicios: En visita de verificacion no cumple con los criterios que le sean aplicables de todos los servicios, adicionalmente se evidencia que en el servicio la profesional no cuenta con computador para los registros de la historia clinica al momento de la atencion , se evidencia que no todas las historias clinicas cuentan con consentimientos informados.",Misionales,6. Historia clinica y registros,Visitas de verificacion de la Secretaria de Salud Departamental del Cauca,La Vega,La Vega,2025,3,9
1471.0,"1. Cumple con los criterios que le sean aplicables de todos los servicios y adicionalmente, cuenta con: Ver Estandar transversal Talento Humano.",Gestion de Talento Humano,1. Talento Humano,Visitas de verificacion de la Secretaria de Salud Departamental del Cauca,La Vega,La Vega,2025,3,9
1472.0,7. Cumple con los criterios que le sean aplicables de todos los servicios: No cumple con todos los criterios aplicable a los servicios.,Gestion de Recursos,2. Infraestructura,Visitas de verificacion de la Secretaria de Salud Departamental del Cauca,La Vega,La Vega,2025,3,9
1473.0,"12. Cumple con los criterios que le sean aplicables de todos los servicios y adicionalmente, cuenta con: Revisar estandar transversal.",Gestion de Recursos,3. Dotacion,Visitas de verificacion de la Secretaria de Salud Departamental del Cauca,La Vega,La Vega,2025,3,9
1474.0,"14. Cumple con los criterios que le sean aplicables de todos los servicios y adicionalmente cuenta con: Medicamentos, dispositivos medicos e insumos requeridos para el procesamiento de las Medicamentos, dispositivos medicos e insumos requeridos para el procesamiento de las muestras, de acuerdo con las pruebas que realice: 14. Cumple con los criterios que le sean aplicables de todos los Medicamentos, dispositivos medicos e insumos requeridos para el procesamiento de las muestras.",Gestion de Recursos,"4. Medicamentos, dispositivos medicos e insumos",Visitas de verificacion de la Secretaria de Salud Departamental del Cauca,La Vega,La Vega,2025,3,9
1475.0,16. Cumple con los criterios que le sean aplicables de todos los servicios y adicionalmente cuenta con la siguiente informacion documentada: Verificar trasversal.,Misionales,5. Procesos Prioritarios,Visitas de verificacion de la Secretaria de Salud Departamental del Cauca,La Vega,La Vega,2025,3,9
1476.0,"16.1. Programa de control de calidad interno y externo, que contemple las pruebas realizadas: El prestador para la vigencia 2024 no ha participado en el control externo de calidad, presenta soporte de contratacion desde el mes de octubre 2024, para la participacion en el ano 2023 se observa que el analito de bilirrubinas presenta un mal desempeno, se encuentra con rangos que deben ser intervenidos. Los controles internos se diligencian software Medlab con buen comportamiento.",Misionales,5. Procesos Prioritarios,Visitas de verificacion de la Secretaria de Salud Departamental del Cauca,La Vega,La Vega,2025,3,9
1477.0,16.2. Validacion secundaria o verificacion: No se cuenta con la informacion solicitada en el momento de la visita.,Misionales,5. Procesos Prioritarios,Visitas de verificacion de la Secretaria de Salud Departamental del Cauca,La Vega,La Vega,2025,3,9
1478.0,"16.3. Analisis de los reportes del control de calidad y toma de medidas preventivas y correctivas: Se observan registro de analisis a los reportes, el profesional indica no procesar Bilirrubinas por comportamiento del analito. No se evidencia toma de medidas correctivas para solucionar el mal desempeno de las blirubinas, lo que afecta la oferta de esta prueba necesaria para los pacientes que la requieran.",Misionales,5. Procesos Prioritarios,Visitas de verificacion de la Secretaria de Salud Departamental del Cauca,La Vega,La Vega,2025,3,9
1479.0,"16.4. Toma, identificacion, transporte, conservacion, embalaje y remision de las muestras, cuando aplique: El prestador cuenta con documento MA-MI-LA 13 Manual de toma, transporte, conservacion y remision de muestras de laboratorio clinico, la modalidad extramural no se encuentra documentada, se diligencia el formato registro y transporte de muestras de laboratorio FT-MI-LA- 103 no se cuenta con el diligenciamiento de todos los campos que permiten realizar la trazabilidad de las muestras, no cu...",Misionales,5. Procesos Prioritarios,Visitas de verificacion de la Secretaria de Salud Departamental del Cauca,La Vega,La Vega,2025,3,9
1480.0,"16.6. Supervision de la toma de muestras cuando sea realizada por los auxiliares, cuando aplique: El prestador no presenta la informacion solicitada, se indica que en los servicios de urgencias y hospitalizacion son tomadas por el personas de estos servicios.",Misionales,5. Procesos Prioritarios,Visitas de verificacion de la Secretaria de Salud Departamental del Cauca,La Vega,La Vega,2025,3,9
1481.0,"16.7. Limpieza y desinfeccion del material que se utilice en el procesamiento de las muestras, cuando aplique: El prestador cuenta con documento PT MI-5G-03 Manual de limpieza y desinfeccion se debe ajustar indicando como se debe preparar la solucion del jabon neutro. En el momento de la visita se evidencia que la solucion preparada no se realiza de acuerdo a las indicaciones del fabricante.",Misionales,5. Procesos Prioritarios,Visitas de verificacion de la Secretaria de Salud Departamental del Cauca,La Vega,La Vega,2025,3,9
1482.0,"16.8. Control de calidad de las ""pruebas en el punto de atencion del paciente - (point of care testing -POCT)"", cuando aplique: El prestador no cuenta con controles de calidad para las pruebas de VIH, Sifilis, Dengue, Hepatitis B.",Misionales,5. Procesos Prioritarios,Visitas de verificacion de la Secretaria de Salud Departamental del Cauca,La Vega,La Vega,2025,3,9
1483.0,18. Cumple con los criterios que le sean aplicables de todos los servicios y adicionalmente cuenta con: No cumple con los criterios que le son aplicables a todos los servicios.,Misionales,6. Historia clinica y registros,Visitas de verificacion de la Secretaria de Salud Departamental del Cauca,La Vega,La Vega,2025,3,9
1484.0,18.3. Registro de validacion secundaria o verificacion: El prestador no presenta la informacion solicitada.,Misionales,6. Historia clinica y registros,Visitas de verificacion de la Secretaria de Salud Departamental del Cauca,La Vega,La Vega,2025,3,9
1485.0,"18.6. Registro de control de calidad interno y externo: Cuenta con registros y analisis del control interno, para el control externo en el ano 2024 no tiene ninguna participacion en el programa.",Misionales,6. Historia clinica y registros,Visitas de verificacion de la Secretaria de Salud Departamental del Cauca,La Vega,La Vega,2025,3,9
1486.0,"18.7. Registro de control de calidad de las ""pruebas en el punto de atencion del paciente - (point of care testing - POCT)"", cuando aplique: El prestador no cuenta con controles de calidad para las pruebas de VIH, Sifilis, Dengue, Hepatitis.",Misionales,6. Historia clinica y registros,Visitas de verificacion de la Secretaria de Salud Departamental del Cauca,La Vega,La Vega,2025,3,9
1487.0,1. Cumple con los criterios que le sean aplicables de todos los servicios y adicionalmente cuenta con: Ver Estandar transversal Talento Humano,Gestion de Talento Humano,1. Talento Humano,Visitas de verificacion de la Secretaria de Salud Departamental del Cauca,La Vega,La Vega,2025,3,9
1488.0,"3. Cumple con los criterios que le sean aplicables de todos los servicios y adicionalmente,: No cumple con todos los criterios aplicable a los servicios.",Gestion de Recursos,2. Infraestructura,Visitas de verificacion de la Secretaria de Salud Departamental del Cauca,La Vega,La Vega,2025,3,9
1489.0,7. Cumple con los criterios que le sean aplicables de todos los Servicios y adicionalmente cuenta con: Revisar estandar transversal.,Gestion de Recursos,3. Dotacion,Visitas de verificacion de la Secretaria de Salud Departamental del Cauca,La Vega,La Vega,2025,3,9
1490.0,"Equipos biomedicos necesarios, segun las muestras que se tomen, de acuerdo con lo documentado en el estandar de Iprocesos prioritarios: No cuenta con la documentacion donde se describan los equipos necesarios para la prestacion del servicio en las modalidades.",Gestion de Recursos,3. Dotacion,Visitas de verificacion de la Secretaria de Salud Departamental del Cauca,La Vega,La Vega,2025,3,9
1491.0,Cumple con los criterios que le sean aplicables de todos los servicios y adicionalmente cuenta con: No cumple con los criterios que le sean aplicables de todos los servicios.,Gestion de Recursos,"4. Medicamentos, dispositivos medicos e insumos",Visitas de verificacion de la Secretaria de Salud Departamental del Cauca,La Vega,La Vega,2025,3,9
1492.0,"9. Cumple con los criterios que le sean aplicables de todos los servicios y adicionalmente, cuenta con la siguiente informacion documentada: No cumple con los criterios que le son aplicables a todos los servicios.",Misionales,5. Procesos Prioritarios,Visitas de verificacion de la Secretaria de Salud Departamental del Cauca,La Vega,La Vega,2025,3,9
1493.0,"9.3. Supervision de la toma de muestras cuando sea realizada porlos auxiliares: El prestador no presenta la informacion solicitada, se indica que en los servicios de urgencias y hospitalizacion son tomadas por el personas de estos servicios.",Misionales,5. Procesos Prioritarios,Visitas de verificacion de la Secretaria de Salud Departamental del Cauca,La Vega,La Vega,2025,3,9
1494.0,"9.4. Procedimiento y condiciones para la toma de muestras en la modalidad extramural cuando se realicen: El prestador cuenta con documento MA-MI-LA 13 Manual de toma, transporte, conservacion y remision de muestras de laboratorio clinico, la modalidad extramural no se encuentra documentada, se diligencia el formato registro y transporte de muestras de laboratorio FT-MI-LA- 103 no se cuenta con el diligenciamiento de todos los campos que permiten realizar la trazabilidad de las muestras, no cuen...",Misionales,5. Procesos Prioritarios,Visitas de verificacion de la Secretaria de Salud Departamental del Cauca,La Vega,La Vega,2025,3,9
1495.0,10. Cumple con los criterios que le sean aplicables de todos los servicios y adicionalmente cuenta con: No cumple con los criterios que le son aplicables a todos los servicios.,Misionales,6. Historia clinica y registros,Visitas de verificacion de la Secretaria de Salud Departamental del Cauca,La Vega,La Vega,2025,3,9
1496.0,4. Cumple con los criterios que le sean aplicables de todos los servicios: No cumple con los criterios que le sean aplicables de todos los servicios.,Gestion de Recursos,2. Infraestructura,Visitas de verificacion de la Secretaria de Salud Departamental del Cauca,La Vega,La Vega,2025,3,9
1497.0,11. Cumple con los criterios que le sean aplicables de todos los servicios: No cumple con los criterios que le sean aplicables de todos los servicios.,Gestion de Recursos,"4. Medicamentos, dispositivos medicos e insumos",Visitas de verificacion de la Secretaria de Salud Departamental del Cauca,La Vega,La Vega,2025,3,9
1498.0,15. Cumple con los criterios que le sean aplicables de todos los servicios y adicionalmente cuenta con la siguiente informacion documentada: Verificar trasversal.,Misionales,5. Procesos Prioritarios,Visitas de verificacion de la Secretaria de Salud Departamental del Cauca,La Vega,La Vega,2025,3,9
1499.0,"15.1. Procesos generales que realice, elaborado por el responsable del servicio: No cuenta con los procesos acorde a los servicios prestados.",Misionales,5. Procesos Prioritarios,Visitas de verificacion de la Secretaria de Salud Departamental del Cauca,La Vega,La Vega,2025,3,9
1500.0,19. Cumple con los criterios que le sean aplicables de todos los servicios: No cumple con los criterios que le son aplicables a todos los servicios.,Misionales,6. Historia clinica y registros,Visitas de verificacion de la Secretaria de Salud Departamental del Cauca,La Vega,La Vega,2025,3,9
1501.0,"21. El consultorio donde se realicen procedimientos cuenta con la dotacion minima definida para el consultorio donde se realice examen fisico y adicionalmente cuenta con la dotacion necesaria para realizar los procedimientos documentados en el estandar de procesos prioritarios: Cuenta con protocolos para la atencion, pero se evidencia que la dotacion no esta en concordancia segun lo estipulado en el estandar de procesos prioritarios.",Gestion de Recursos,3. Dotacion,Visitas de verificacion de la Secretaria de Salud Departamental del Cauca,La Vega,La Vega,2025,3,9
1502.0,32. Cumple con los criterios que le sean aplicables de todos los servicios: No cumple con los criterios que le sean aplicables de todos los servicios.,Gestion de Recursos,"4. Medicamentos, dispositivos medicos e insumos",Visitas de verificacion de la Secretaria de Salud Departamental del Cauca,La Vega,La Vega,2025,3,9
1503.0,35.2.1. Preparacion: El prestador no presenta soportes para dar cumplimiento a este criterio. Se debe realizar educacion de manera fisica al paciente.,Misionales,5. Procesos Prioritarios,Visitas de verificacion de la Secretaria de Salud Departamental del Cauca,La Vega,La Vega,2025,3,9
1504.0,"35.2.2. Recomendaciones post procedimiento: El prestador documenta en la historia clinica las recomendaciones post tratamiento al completar las terapias, se debe ajustar a cada terapia individual. Se debe realizar educacion de manera fisica al paciente.",Misionales,5. Procesos Prioritarios,Visitas de verificacion de la Secretaria de Salud Departamental del Cauca,La Vega,La Vega,2025,3,9
1505.0,35.2.3. Controles: El prestador cuenta con formato terapias fisicas o respiratorias FT-MI-CE-69 donde se diligencia el control de las terapias realizadas. Se debe realizar educacion de manera fisica al paciente.,Misionales,5. Procesos Prioritarios,Visitas de verificacion de la Secretaria de Salud Departamental del Cauca,La Vega,La Vega,2025,3,9
1506.0,35.2.4. Posibles complicaciones: El prestador cuenta con informacion documentada Consentimiento informado FT-MI-UR-09 para fisioterapia donde se indica las posibles contraindicaciones generales. Se debe realizar educacion de manera fisica al paciente.,Misionales,5. Procesos Prioritarios,Visitas de verificacion de la Secretaria de Salud Departamental del Cauca,La Vega,La Vega,2025,3,9
1507.0,41. Cumple con los criterios que le sean aplicables de todos los servicios: No cumple con los criterios que le son aplicables a todos los servicios.,Misionales,6. Historia clinica y registros,Visitas de verificacion de la Secretaria de Salud Departamental del Cauca,La Vega,La Vega,2025,3,9
1508.0,1. Cumple con los criterios que le sean aplicables de todos los servicios y adicionalmente: Ver Estandar transversal Talento Humano.,Gestion de Talento Humano,1. Talento Humano,Visitas de verificacion de la Secretaria de Salud Departamental del Cauca,La Vega,La Vega,2025,3,9
1509.0,8. Cumple con los criterios que le sean aplicables de todos los servicios Cuenta con: No cumple con todos los criterios aplicable a los servicios.,Gestion de Recursos,2. Infraestructura,Visitas de verificacion de la Secretaria de Salud Departamental del Cauca,La Vega,La Vega,2025,3,9
1510.0,18. Cumple con los criterios que le sean aplicables de todos los servicios y adicionalmente: Revisar estandar transversal.,Gestion de Recursos,3. Dotacion,Visitas de verificacion de la Secretaria de Salud Departamental del Cauca,La Vega,La Vega,2025,3,9
1511.0,"28. Cumple con los criterios que le sean aplicables de todos los servicios y adicionalmente, cuenta con la siguiente informacion documentada: El prestador no cumple con los criterios que sean aplicables a todos los servicios.",Misionales,5. Procesos Prioritarios,Visitas de verificacion de la Secretaria de Salud Departamental del Cauca,La Vega,La Vega,2025,3,9
1512.0,"33. Cumple con los criterios que le sean aplicables de todos los servicios y adicionalmente, cuenta con los siguientes registros: El prestador no cumple con los criterios que le sean aplicables de todos los servicios.",Misionales,6. Historia clinica y registros,Visitas de verificacion de la Secretaria de Salud Departamental del Cauca,La Vega,La Vega,2025,3,9
1513.0,"1.Cumple con los criterios que le sean aplicables de todos los servicios y adicionalmente, cuenta con: Profesional de odontologia o tecnologo en radiologia e imagenes diagnosticas, o tecnico profesional o auxiliar de odontologia o auxiliar en salud oral o auxiliar de higiene oral: Ver Estandar transversal Talento Humano Cuenta con Profesional de odontologia, con curso atencion a victimas de violencia Universidad cooperativa de colombia 2023 y Curso Proteccion Radiologia Universidad cooperativa ...",Gestion de Talento Humano,1. Talento Humano,Visitas de verificacion de la Secretaria de Salud Departamental del Cauca,La Vega,La Vega,2025,3,9
1514.0,5. Cumple con los criterios que le sean aplicables de todos los servicios y adicionalmente cuenta con profesional de la salud que atiende a distancia: No cumple con todos los criterios aplicable a los servicios.,Gestion de Recursos,2. Infraestructura,Visitas de verificacion de la Secretaria de Salud Departamental del Cauca,La Vega,La Vega,2025,3,9
1515.0,6.Cumple con los criterios que le sean aplicables de todos los servicios y adicionalmente cuenta con: No cumple con todos los criterios aplicable a los servicios.,Gestion de Recursos,2. Infraestructura,Visitas de verificacion de la Secretaria de Salud Departamental del Cauca,La Vega,La Vega,2025,3,9
1516.0,"10. Cumple con los criterios que le sean aplicables de todos los servicios y adicionalmente, cuenta con: Revisar estandar transversal.",Gestion de Recursos,3. Dotacion,Visitas de verificacion de la Secretaria de Salud Departamental del Cauca,La Vega,La Vega,2025,3,9
1517.0,15. Cumple con los criterios que le sean aplicables de todos los servicios y adicionalmente cuenta con la siguiente informacion documentada: El prestador no cumple con los criterios que le sean aplicables de todos los servicios.,Misionales,5. Procesos Prioritarios,Visitas de verificacion de la Secretaria de Salud Departamental del Cauca,La Vega,La Vega,2025,3,9
1518.0,"15.3. Verificacion de la adherencia a los procedimientos realizados en la instalacion y cualquier otra consideracion sobre la proteccion radiologica de la instalacion: No cuenta con la informacion solicitada, no cuenta con adherencia a acciones realizadas para el servicio ofertado.",Misionales,5. Procesos Prioritarios,Visitas de verificacion de la Secretaria de Salud Departamental del Cauca,La Vega,La Vega,2025,3,9
1519.0,"15.4. Realizacion y supervision de toma de radiografias odontologicas cuando no sea realizada por el odontologo, que incluya como minimo la calidad de la imagen y radioproteccion: No cuenta con registros de toma de radiografia para realizar el control de calidad.",Misionales,5. Procesos Prioritarios,Visitas de verificacion de la Secretaria de Salud Departamental del Cauca,La Vega,La Vega,2025,3,9
1520.0,15.5. Interpretacion y lectura de las radiografias odontologicas por parte del Odontologo: El prestador no cuenta con los registros de facil acceso para la lectura de las tomas de radiografias odontoldgicas.,Misionales,5. Procesos Prioritarios,Visitas de verificacion de la Secretaria de Salud Departamental del Cauca,La Vega,La Vega,2025,3,9
1521.0,"18. Cumple con los criterios que le sean aplicables de todos los servicios y adicionalmente, cuenta con los siguientes registros: El prestado no cumple con los criterios que sean aplicables a todos los servicios.",Misionales,6. Historia clinica y registros,Visitas de verificacion de la Secretaria de Salud Departamental del Cauca,La Vega,La Vega,2025,3,9
1522.0,"18.1. Numero de exposiciones, e imagenes tomadas que incluya el nombre del paciente, y nombre del estudio realizado. En visita no se evidencia registros de numero de exposiciones de radiografias, no se evidencia registros de nombres de pacientes o del estudio realizado.",Misionales,6. Historia clinica y registros,Visitas de verificacion de la Secretaria de Salud Departamental del Cauca,La Vega,La Vega,2025,3,9
1523.0,18.3. Numero de estudios rechazados de acuerdo a la tecnologia empleada: El prestador no cuenta con registros de estudios rechazados de acuerdo a la tecnologia usada.,Misionales,6. Historia clinica y registros,Visitas de verificacion de la Secretaria de Salud Departamental del Cauca,La Vega,La Vega,2025,3,9
1524.0,1. Cumple con los criterios que le sean aplicables de todos los servicios y adicionalmente cuenta con: Ver Estandar transversal Talento Humano.,Misionales,1. Talento Humano,Visitas de verificacion de la Secretaria de Salud Departamental del Cauca,La Vega,La Vega,2025,3,9
1525.0,3. Cumple con los criterios que le sean aplicables de todos los servicios y adicionalmente cuenta con: No cumple con todos los criterios aplicable a los servicios.,Gestion de Recursos,2. Infraestructura,Visitas de verificacion de la Secretaria de Salud Departamental del Cauca,La Vega,La Vega,2025,3,9
1526.0,6. Cumple con los criterios que le sean aplicables de todos los servicios y adicionalmente cuenta con: Revisar estandar transversal.,Gestion de Recursos,3. Dotacion,Visitas de verificacion de la Secretaria de Salud Departamental del Cauca,La Vega,La Vega,2025,3,9
1527.0,7. Cumple con los criterios que le sean aplicables de todos los servicios y adicionalmente cuenta con: No cumple con los criterios que le sean aplicables de todos los servicios.,Gestion de Recursos,"4. Medicamentos, dispositivos medicos e insumos",Visitas de verificacion de la Secretaria de Salud Departamental del Cauca,La Vega,La Vega,2025,3,9
1528.0,"8. Cumple con los criterios que le sean aplicables de todos los servicios y adicionalmente, cuenta con la siguiente informacion documentada: No cumplen con los criterios que le son aplicables de todos los servicios.",Misionales,5. Procesos Prioritarios,Visitas de verificacion de la Secretaria de Salud Departamental del Cauca,La Vega,La Vega,2025,3,9
1529.0,"8.1. Toma, identificacion, transporte, conservacion, embalaje y remision de las muestras: El prestador cuenta con procedimiento tamizaje del cancer cervicouterino (acido acetico) PT-MICE- 34, cuenta con soporte de capacitacion a la personal asistencia con fecha 12-06-2024, para latoma de las citologias no se realiza cambio o proteccion de la camilla entre pacientes.",Misionales,5. Procesos Prioritarios,Visitas de verificacion de la Secretaria de Salud Departamental del Cauca,La Vega,La Vega,2025,3,9
1530.0,"8.2. Toma de muestras de tejido del cuello del utero, pruebas ADN/VPH, tecnicas de inspeccion visual y muestras ginecologicas cuando se oferte: El prestador no presenta la informacion solicitada durante la visita.",Misionales,5. Procesos Prioritarios,Visitas de verificacion de la Secretaria de Salud Departamental del Cauca,La Vega,La Vega,2025,3,9
1531.0,8.4. Control de calidad: No cuenta con la informacion documentada.,Misionales,5. Procesos Prioritarios,Visitas de verificacion de la Secretaria de Salud Departamental del Cauca,La Vega,La Vega,2025,3,9
1532.0,"8.5. Entrega de resultados: El prestador en el momento de la visita se observan resultados pendientes desde el dia 29 de agosto hasta la fecha, el seguimiento refieren realizarlo con el seguimiento a la entrega de resultados con la base CCU de la dimension 5 de la Secretaria de Salud Departamental, Toda citologias positivas son reportadas a las EAPB pero al observar la base se observa que la oportunidad de entrega esta hasta de 30 dias.",Misionales,5. Procesos Prioritarios,Visitas de verificacion de la Secretaria de Salud Departamental del Cauca,La Vega,La Vega,2025,3,9
1533.0,9. Cumple con los criterios que le sean aplicables de todos los servicios y adicionalmente cuenta con los siguientes registros: No cumplen con los criterios que le son aplicables de todos los servicios.,Misionales,6. Historia clinica y registros,Visitas de verificacion de la Secretaria de Salud Departamental del Cauca,La Vega,La Vega,2025,3,9
1534.0,9.4. Analisis del control de calidad y de las medidas preventivas y correctivas. No cuenta con la informacion documentada.,Misionales,6. Historia clinica y registros,Visitas de verificacion de la Secretaria de Salud Departamental del Cauca,La Vega,La Vega,2025,3,9
1535.0,"10. Cumple con los criterios que le sean aplicables de todos los servicios y adicionalmente disponibilidad de laboratorio de citologia cervico-uterinas o servicio de patologia: La EAPB solo contratan con el prestador la toma de las muestra, indican que las EPS contratan con tres prestadores AIC con UNILAB, ASMET con BIOS, Nueva EPS con rehabilitar. Se observa en la base de datos del departamento oportunidad de entrega alta hasta de 30 dias para resultados.",Misionales,7. Interdependencia,Visitas de verificacion de la Secretaria de Salud Departamental del Cauca,La Vega,La Vega,2025,3,9
1536.0,"1. Cumple con los criterios que le sean aplicables de todos los servicios y adicionalmente, cuenta con: Ver Estandar transversal Talento Humano.",Gestion de Talento Humano,1. Talento Humano,Visitas de verificacion de la Secretaria de Salud Departamental del Cauca,La Vega,La Vega,2025,3,9
1537.0,9. Cumple con los criterios que le sean aplicables de todos los servicios y adicionalmente cuenta con: No cumple con todos los criterios aplicable a los servicios.,Gestion de Recursos,2. Infraestructura,Visitas de verificacion de la Secretaria de Salud Departamental del Cauca,La Vega,La Vega,2025,3,9
1538.0,"11.2. Sistema de vacio: Cuenta con sistema de vacio, pero la red no se encuentran funcionamiento.",Gestion de Recursos,2. Infraestructura,Visitas de verificacion de la Secretaria de Salud Departamental del Cauca,La Vega,La Vega,2025,3,9
1539.0,"Barrera fisica movil o fija entre camillas que permite facil limpieza y desinfeccion y la privacidad del paciente, cuando exista mas de una camilla: No cuenta con barrera fisica movil ni fija entre camillas.",Gestion de Recursos,2. Infraestructura,Visitas de verificacion de la Secretaria de Salud Departamental del Cauca,La Vega,La Vega,2025,3,9
1540.0,"12.2. Sistema de vacio: Cuenta con sistema de vacio, pero la red no se encuentran funcionamiento.",Gestion de Recursos,2. Infraestructura,Visitas de verificacion de la Secretaria de Salud Departamental del Cauca,La Vega,La Vega,2025,3,9
1541.0,19. Cumple con los criterios que le sean aplicables de todos los servicios y adicionalmente: Revisar estandar transversal.,Gestion de Recursos,3. Dotacion,Visitas de verificacion de la Secretaria de Salud Departamental del Cauca,La Vega,La Vega,2025,3,9
1542.0,19.1.3. Oxigeno medicinal que puede ser suministrado mediante salida de oxigeno medicinal o mediante oxigeno medicinal portatil por camilla: No cuenta clon oxigeno medicinal.,Gestion de Recursos,3. Dotacion,Visitas de verificacion de la Secretaria de Salud Departamental del Cauca,La Vega,La Vega,2025,3,9
1543.0,19.2.2. Mesa para atencion de partos: La mesa para la atencion de partos se encuentra con oxido.,Gestion de Recursos,3. Dotacion,Visitas de verificacion de la Secretaria de Salud Departamental del Cauca,La Vega,La Vega,2025,3,9
1544.0,19.3.5. Oximetro con sensor neonatal: No cuenta con oxigeno con sensor neonatal.,Gestion de Recursos,3. Dotacion,Visitas de verificacion de la Secretaria de Salud Departamental del Cauca,La Vega,La Vega,2025,3,9
1545.0,"19.3.7. Laringoscopio con hoja neonatal: Cuenta con laringoscopio con hojas rectas y curvas para adultos, se evidencia una hoja de paciente neonatal, no se encuentran esteriles.",Gestion de Recursos,3. Dotacion,Visitas de verificacion de la Secretaria de Salud Departamental del Cauca,La Vega,La Vega,2025,3,9
1546.0,19.4.3. Oxigeno medicinal que puede ser suministrado mediante salida de oxigeno medicinal o mediante oxigeno medicinal portatil por camilla. No cuenta con oxigeno medicinal.,Gestion de Recursos,3. Dotacion,Visitas de verificacion de la Secretaria de Salud Departamental del Cauca,La Vega,La Vega,2025,3,9
1547.0,19.4.4. Succion. Puede ser suministrado mediante sistema de vaclo o mediante aspirador: No cuenta con succion.,Gestion de Recursos,3. Dotacion,Visitas de verificacion de la Secretaria de Salud Departamental del Cauca,La Vega,La Vega,2025,3,9
1548.0,19.5.5. Silla de ruedas: No cuenta silla de ruedas.,Gestion de Recursos,3. Dotacion,Visitas de verificacion de la Secretaria de Salud Departamental del Cauca,La Vega,La Vega,2025,3,9
1549.0,19.5.6. Oxigeno medicinal que puede ser suministrado mediante salida de oxigeno medicinal o mediante oxigeno medicinal portatil por camilla: No cuenta con oxigeno medicinal.,Gestion de Recursos,3. Dotacion,Visitas de verificacion de la Secretaria de Salud Departamental del Cauca,La Vega,La Vega,2025,3,9
1550.0,24. Cumple con los criterios que le sean aplicables de todos los servicios y adicionalmente cuenta con: No cumple con los criterios que le sean aplicables de todos los servicios.,Gestion de Recursos,"4. Medicamentos, dispositivos medicos e insumos",Visitas de verificacion de la Secretaria de Salud Departamental del Cauca,La Vega,La Vega,2025,3,9
1551.0,24.1. Cateteres para vena umbilical: No cuenta con Cateteres para vena umbilical.,Gestion de Recursos,"4. Medicamentos, dispositivos medicos e insumos",Visitas de verificacion de la Secretaria de Salud Departamental del Cauca,La Vega,La Vega,2025,3,9
1552.0,25.1. Cateteres para vena umbilical: No cuenta con Cateteres para vena umbilical.,Gestion de Recursos,"4. Medicamentos, dispositivos medicos e insumos",Visitas de verificacion de la Secretaria de Salud Departamental del Cauca,La Vega,La Vega,2025,3,9
1553.0,27. Cumple con los criterios que le sean aplicables de todos los servicios y adicionalmente cuenta con la siguiente informacion documentada: Ver transversal de procesos prioritarios.,Misionales,5. Procesos Prioritarios,Visitas de verificacion de la Secretaria de Salud Departamental del Cauca,La Vega,La Vega,2025,3,9
1554.0,"27.1. Atencion del parto: La ESE cuenta con documento disminuir los riegos de enfermedad y muerte de la mujer y el recien nacido y optimizar el pronostico de los mismo durante todas las etapas del parto, iniciando con la admision de la paciente en el triage de urgencias adulto en el cual se realiza un valoracion completa de la gestante, al momento de la verificacion se constato que el personal encargado de realizar el triage obstetrico y de atencion del parto no cuenta con capacitaciones en man...",Misionales,5. Procesos Prioritarios,Visitas de verificacion de la Secretaria de Salud Departamental del Cauca,La Vega,La Vega,2025,3,9
1555.0,"27.3. Manejo de complicaciones intraparto e instrumentacion: La ESE cuenta con documento protocolo parto instrumentado y protocolo de codigo rojo de los cuales se cuenta con soporte de socializacion de protocolo de codigo rojo, pese a eso al momento de la verificacion medico de turno del dia 30 de septiembre y medica del 1 de octubre manifestaron que no han recibido capacitacion relacionada con los eventos obstetricos en la institucion.",Misionales,5. Procesos Prioritarios,Visitas de verificacion de la Secretaria de Salud Departamental del Cauca,La Vega,La Vega,2025,3,9
1556.0,27.4. Atencion al recien nacido que incluya: No cuenta con todos los criterios.,Misionales,5. Procesos Prioritarios,Visitas de verificacion de la Secretaria de Salud Departamental del Cauca,La Vega,La Vega,2025,3,9
1557.0,27.4.4. Criterios de remision: No se cuenta con la informacion documentada.,Misionales,5. Procesos Prioritarios,Visitas de verificacion de la Secretaria de Salud Departamental del Cauca,La Vega,La Vega,2025,3,9
1558.0,"27.4.5. Vacunacion: La ESE cuenta con documento PT-MI-PP-07 vacunacion del recien nacido el cual tiene como objetivo garantizar el inicio del esquema vacunal del recien nacido, mediante la aplicacion de las vacunas antihepatitis b y BCG no se cuenta con soporte de socializacion de dicho documento.",Misionales,5. Procesos Prioritarios,Visitas de verificacion de la Secretaria de Salud Departamental del Cauca,La Vega,La Vega,2025,3,9
1559.0,"30. Cumple con los criterios que le sean aplicables de todos los servicios y adicionalmente cuenta con partograma para toda materna en trabajo de parto: Ver transversal de historia clinica, cuenta con historia clinica digital que incluye partograma.",Misionales,6. Historia clinica y registros,Visitas de verificacion de la Secretaria de Salud Departamental del Cauca,La Vega,La Vega,2025,3,9
1560.0,1. Cumple con los criterios que le sean aplicables de todos los servicios y adicionalmente cuenta con: Ver Estandar transversal Talento Humano.,Gestion de Talento Humano,1. Talento Humano,Visitas de verificacion de la Secretaria de Salud Departamental del Cauca,La Vega,La Vega,2025,3,9
1561.0,15. Cumple con los criterios que le sean aplicables de todos los servicios y adicionalmente: No cumple con todos los criterios aplicable a los servicios.,Gestion de Recursos,2. Infraestructura,Visitas de verificacion de la Secretaria de Salud Departamental del Cauca,La Vega,La Vega,2025,3,9
1562.0,18. Cumple con los criterios que le sean aplicables de todos los servicios y adicionalmente cuenta con: No cumple con todos los criterios aplicable a los servicios.,Gestion de Recursos,2. Infraestructura,Visitas de verificacion de la Secretaria de Salud Departamental del Cauca,La Vega,La Vega,2025,3,9
1563.0,22. Cumple con los criterios que le sean aplicables de todos los servicios y adicionalmente cuenta con: Revisar estandar transversal.,Gestion de Recursos,3. Dotacion,Visitas de verificacion de la Secretaria de Salud Departamental del Cauca,La Vega,La Vega,2025,3,9
1564.0,22.3. Elementos para sujecion fisica para pacientes adultos y pediatricos: No cuenta con elementos para sujecion fisica para pacientes adultos y pediatricos.,Gestion de Recursos,3. Dotacion,Visitas de verificacion de la Secretaria de Salud Departamental del Cauca,La Vega,La Vega,2025,3,9
1565.0,22.4. Equipo de toracostomia: No cuenta con equipo de toracostomia.,Gestion de Recursos,3. Dotacion,Visitas de verificacion de la Secretaria de Salud Departamental del Cauca,La Vega,La Vega,2025,3,9
1566.0,"22.5. Carro de paro para paciente adulto y pediatrico: No cuenta con dotacion a paciente pediatrico, laringoscopio sin esterilizar.",Gestion de Recursos,3. Dotacion,Visitas de verificacion de la Secretaria de Salud Departamental del Cauca,La Vega,La Vega,2025,3,9
1567.0,"23.2. Tensiometro adulto y pediatrico: Cuenta con tensiometro adulto, no cuenta con tensiometro pediatrico.",Gestion de Recursos,3. Dotacion,Visitas de verificacion de la Secretaria de Salud Departamental del Cauca,La Vega,La Vega,2025,3,9
1568.0,"23.3. Fonendoscopio adulto y pediatrico: Cuenta con fonendoscopio adulto, no cuenta con fonendoscopio pediatrico.",Gestion de Recursos,3. Dotacion,Visitas de verificacion de la Secretaria de Salud Departamental del Cauca,La Vega,La Vega,2025,3,9
1569.0,23.4. Termometro: No cuenta con termometro.,Gestion de Recursos,3. Dotacion,Visitas de verificacion de la Secretaria de Salud Departamental del Cauca,La Vega,La Vega,2025,3,9
1570.0,23.8. Martillo de reflejos: No cuenta con martillo de reflejos.,Gestion de Recursos,3. Dotacion,Visitas de verificacion de la Secretaria de Salud Departamental del Cauca,La Vega,La Vega,2025,3,9
1571.0,24.3. Equipo de pequena cirugia: No cuenta con equipo de pequena cirugia.,Gestion de Recursos,3. Dotacion,Visitas de verificacion de la Secretaria de Salud Departamental del Cauca,La Vega,La Vega,2025,3,9
1572.0,24.4. Dotacion requerida conforme con lo documentado en el estandar de procesos prioritarios: En el estandar de procesos prioritarios no describe la dotacion requerida para el servicio.,Gestion de Recursos,3. Dotacion,Visitas de verificacion de la Secretaria de Salud Departamental del Cauca,La Vega,La Vega,2025,3,9
1573.0,24.6. Succion. Puede ser suministrado mediante sistema de vacio o mediante aspirador: No cuenta con succion.,Gestion de Recursos,3. Dotacion,Visitas de verificacion de la Secretaria de Salud Departamental del Cauca,La Vega,La Vega,2025,3,9
1574.0,26.2. Dotacion requerida conforme con lo documentado en el estandar de procesos prioritarios: En el estandar de procesos prioritarios no describe la dotacion requerida para el servicio.,Gestion de Recursos,3. Dotacion,Visitas de verificacion de la Secretaria de Salud Departamental del Cauca,La Vega,La Vega,2025,3,9
1575.0,26.3. Oxigeno medicinal que puede ser suministrado mediante salida de oxigeno medicinal o mediante oxigeno medicinal portatil por camilla: No cuenta con oxigeno medicinal.,Gestion de Recursos,3. Dotacion,Visitas de verificacion de la Secretaria de Salud Departamental del Cauca,La Vega,La Vega,2025,3,9
1576.0,26.4. Succion. Puede ser suministrado mediante sistema de vacio o mediante aspirador: No cuenta con succion.,Gestion de Recursos,3. Dotacion,Visitas de verificacion de la Secretaria de Salud Departamental del Cauca,La Vega,La Vega,2025,3,9
1577.0,28.2. Mesa auxiliar rodante: No cuenta con mesa auxilixar rodante.,Gestion de Recursos,3. Dotacion,Visitas de verificacion de la Secretaria de Salud Departamental del Cauca,La Vega,La Vega,2025,3,9
1578.0,28.3. Aspirador para cada camilla: No cuenta con aspirador para cada camilla.,Gestion de Recursos,3. Dotacion,Visitas de verificacion de la Secretaria de Salud Departamental del Cauca,La Vega,La Vega,2025,3,9
1579.0,"28.4. Monitor de signos vitales con accesorios adultos o pediatricos que cuenta como minimo con: Monitor de signos: marca: comen, modelo: star8000E serie: e7210512150, el equipo no funciona, la pantalla se queda desde el inicio. Se le sugiere al prestador la dotacion de este equipo de manera inmediata.",Gestion de Recursos,3. Dotacion,Visitas de verificacion de la Secretaria de Salud Departamental del Cauca,La Vega,La Vega,2025,3,9
1580.0,"28.4.1. Trazado electrocardiografico: Cuenta con accesorio, el equipo no funciona.",Gestion de Recursos,3. Dotacion,Visitas de verificacion de la Secretaria de Salud Departamental del Cauca,La Vega,La Vega,2025,3,9
1581.0,"28.4.2. Presion no invasiva: Cuenta con accesorio, el equipo no funciona.",Gestion de Recursos,3. Dotacion,Visitas de verificacion de la Secretaria de Salud Departamental del Cauca,La Vega,La Vega,2025,3,9
1582.0,"28.4.3. Saturacion de oxigeno: Cuenta con accesorio, el equipo no funciona.",Gestion de Recursos,3. Dotacion,Visitas de verificacion de la Secretaria de Salud Departamental del Cauca,La Vega,La Vega,2025,3,9
1583.0,"28.4.4. Temperatura: Cuenta con accesorio, el equipo no funciona.",Gestion de Recursos,3. Dotacion,Visitas de verificacion de la Secretaria de Salud Departamental del Cauca,La Vega,La Vega,2025,3,9
1584.0,28.6. Lampara o fuente de iluminacion movil o fija: Cuenta con lampara.,Gestion de Recursos,3. Dotacion,Visitas de verificacion de la Secretaria de Salud Departamental del Cauca,La Vega,La Vega,2025,3,9
1585.0,"28.7. Carro de paro: El monitor del carro de paro no funciona, se le sugiere al prestador la dotacion de este equipo de manera inmediata.",Gestion de Recursos,3. Dotacion,Visitas de verificacion de la Secretaria de Salud Departamental del Cauca,La Vega,La Vega,2025,3,9
1586.0,34. Cumple con los Criterios que le sean aplicables de todos los servicios y adicionalmente cuenta con: Mo cumple con los criterios que le sean aplicables de todos los servicios.,Gestion de Recursos,"4. Medicamentos, dispositivos medicos e insumos",Visitas de verificacion de la Secretaria de Salud Departamental del Cauca,La Vega,La Vega,2025,3,9
1587.0,36. Cumple con los criterios definidos en todos los servicios y adicionalmente cuenta con la siguiente informacion documentada: Ver transversal procesos prioritarios.,Misionales,5. Procesos Prioritarios,Visitas de verificacion de la Secretaria de Salud Departamental del Cauca,La Vega,La Vega,2025,3,9
1588.0,36.1. Ronda medica de evolucion diaria de pacientes: La ESE presenta PR-MI-HO-01 ronda de seguridad del paciente lo cual no es alugar a lo solicitado en el presente criterio.,Misionales,5. Procesos Prioritarios,Visitas de verificacion de la Secretaria de Salud Departamental del Cauca,La Vega,La Vega,2025,3,9
1589.0,"36.3. Entrega de turno por parte de enfermeria y de medicina: La ESE presenta documento PT-MI-CE-29 protocolo de recibo y entrega de turno el cual tiene como objetivo establecer las actividades necesarias para la correcta entrega y recibo de turno que garanticen la continuidad en la prestacion de los servicios dicha entrega y recibo de turno se registra en la historia clinica del paciente, no se cuenta con soporte de socializacion de dicho documento, por lo tanto no se puede garantizar que dich...",Misionales,5. Procesos Prioritarios,Visitas de verificacion de la Secretaria de Salud Departamental del Cauca,La Vega,La Vega,2025,3,9
1590.0,"36.4. Control de liquidos: La ESE presenta documento PT-MI-HO-22 protocolo control de liquidos administrados y eliminados en el cual se relaciona los elementos e insumos necesarios, los elementos de proteccion personal, no se cuenta con soporte de socializacion de dicho documento por lo tanto no se puede garantizar que esten en ejecucion.",Misionales,5. Procesos Prioritarios,Visitas de verificacion de la Secretaria de Salud Departamental del Cauca,La Vega,La Vega,2025,3,9
1591.0,"36.5. Plan de cuidados de enfermeria: La ESE presenta formato de plan de cuidados de enfermeria el cual ya esta estandarizado por patologia, no se cuenta con documento macro del plan de cuidados al igual que no se cuenta con soporte de socializacion de dicho documento por lo que no se puede garantizar que dicho plan de enfermeria se este ejecutando.",Misionales,5. Procesos Prioritarios,Visitas de verificacion de la Secretaria de Salud Departamental del Cauca,La Vega,La Vega,2025,3,9
1592.0,"36.7. Sujecion de pacientes: La ESE presenta documento PT-MI-UR-55 protocolo de inmovilizacion paciente inconsciente y psiquiatrico el cual tiene como objetivo establecer las actividades que garanticen la correcta inmovilizacion del paciente, al momento de la verificacion no se cuenta con soporte de socializacion.",Misionales,5. Procesos Prioritarios,Visitas de verificacion de la Secretaria de Salud Departamental del Cauca,La Vega,La Vega,2025,3,9
1593.0,"36.9. Cateterismo vesical: La ESE presenta documento PT-MI-UR-14 protocolo prevencion y paso de sonda vesical el cual tiene como objetivo disminuir el riesgo de infeccion en el tracto urinario mediante una correcta tecnica aseptica, al momento de la verificacion no se cuenta con soporte de socializacion ni medicion de adherencia por lo que no se puede garantizar que dicho documento se encuentre ejecutado por lo anterior el prestador no cumple con el criterio verificado.",Misionales,5. Procesos Prioritarios,Visitas de verificacion de la Secretaria de Salud Departamental del Cauca,La Vega,La Vega,2025,3,9
1594.0,36.10. Preparacion para la toma de imagenes diagnosticas: No cuenta con la informacion solicitada.,Misionales,5. Procesos Prioritarios,Visitas de verificacion de la Secretaria de Salud Departamental del Cauca,La Vega,La Vega,2025,3,9
1595.0,36.11. Informacion a familiares o responsables sobre el estado de salud del paciente: No cuenta con la informacion solicitada.,Misionales,5. Procesos Prioritarios,Visitas de verificacion de la Secretaria de Salud Departamental del Cauca,La Vega,La Vega,2025,3,9
1596.0,"36.13. Seleccion y clasificacion de pacientes - TRIAGE: La ESE cuenta con documento PT-MI-UR-29 protocolo de triage el cual tiene como objetivo definir las pautas que permitan priorizar la atencion de los pacientes a su llegada a urgencias atreves de una evaluacion rapida de enfermeria, al momento de la verificacion no se cuenta socializacion ni medicion de adherencia por lo que no se puede garantizar que el documento se encuentre en ejecucion.",Misionales,5. Procesos Prioritarios,Visitas de verificacion de la Secretaria de Salud Departamental del Cauca,La Vega,La Vega,2025,3,9
1597.0,36.15. Criterios clinicos para la ubicacion y atencion de pacientes en el ambiente de transicion: No cuenta con la informacion solicitada.,Misionales,5. Procesos Prioritarios,Visitas de verificacion de la Secretaria de Salud Departamental del Cauca,La Vega,La Vega,2025,3,9
1598.0,"36.16. Criterios clinicos para referir y recibir a un usuario a servicios de consulta externa, hospitalizacion u otros servicios de cualquier complejidad: No cuenta con la informacion solicitada.",Misionales,5. Procesos Prioritarios,Visitas de verificacion de la Secretaria de Salud Departamental del Cauca,La Vega,La Vega,2025,3,9
1599.0,36.17. Identificacion de pacientes que por su condicion clinica pueden ser tratados en su domicilio: No cuenta con la informacion solicitada.,Misionales,5. Procesos Prioritarios,Visitas de verificacion de la Secretaria de Salud Departamental del Cauca,La Vega,La Vega,2025,3,9
1600.0,36.18. Identificacion de pacientes que por su condicion clinica pueden ser derivados a servicios de consulta externa que cuenten con la estrategia de consulta prioritaria: No cuenta con la informacion solicitada.,Misionales,5. Procesos Prioritarios,Visitas de verificacion de la Secretaria de Salud Departamental del Cauca,La Vega,La Vega,2025,3,9
1601.0,36.19. Manejo de urgencias que incluya: No cuenta con toda la informacion documentada.,Misionales,5. Procesos Prioritarios,Visitas de verificacion de la Secretaria de Salud Departamental del Cauca,La Vega,La Vega,2025,3,9
1602.0,"36.19.2. Agitacion psicomotora, conducta suicida y agresion a terceros: La ESE cuenta con documento PT-MI-UR-47 paciente agitado en el servicio de urgencia el cual dicta los lineamientos y estrategias para el manejo del paciente agitado, conducta suicida y agresion a terceros, el cual no se encuentra socializado.",Misionales,5. Procesos Prioritarios,Visitas de verificacion de la Secretaria de Salud Departamental del Cauca,La Vega,La Vega,2025,3,9
1603.0,"36.19.3. Agudizacion de sintomas psiquiatricos e intervencion en crisis: La ESE cuenta con documento PT-MI-UR-47 paciente agitado en el servicio de urgencia el cual dicta los lineamientos y estrategias para el manejo del paciente agitado, conducta suicida y agresion a terceros, el cual no se encuentra socializado.",Misionales,5. Procesos Prioritarios,Visitas de verificacion de la Secretaria de Salud Departamental del Cauca,La Vega,La Vega,2025,3,9
1604.0,"36.21. Informacion al paciente sobre recomendaciones al egreso, criterios de reingreso, controles y posibles complicaciones: No cuenta con la informacion solicitada.",Misionales,5. Procesos Prioritarios,Visitas de verificacion de la Secretaria de Salud Departamental del Cauca,La Vega,La Vega,2025,3,9
1605.0,"36.23. Atencion en salud a victimas de violencia sexual segun normatividad vigente: La ESE cuenta con documento protocolo de atencion a victimas de violencia sexual el cual tiene como objetivo garantizar la atencion integral a toda victima de violencia sexual de acorde a los criterios basicos e indispensables para el abordaje integral de las victimas de violencia sexual, no se cuenta con soporte de socializacion.",Misionales,5. Procesos Prioritarios,Visitas de verificacion de la Secretaria de Salud Departamental del Cauca,La Vega,La Vega,2025,3,9
1606.0,"36.24. Aislamiento de pacientes que por su condicion clinica lo requieran: La ESE cuenta con documento PT-MI-HO-64 aislamiento de paciente el cual define los lineamientos para los diferentes tipos de aislamiento bajo las precauciones universales, no se cuenta con soporte de medicion de adherencia ni de socializacion.",Misionales,5. Procesos Prioritarios,Visitas de verificacion de la Secretaria de Salud Departamental del Cauca,La Vega,La Vega,2025,3,9
1607.0,"36.25. Documento que orienta la atencion en salud de pacientes con problemas y trastornos en salud mental o consumo de sustancias psicoactivas: La ESE cuenta con documento guia clinica para la atencion y manejo de la depresion en salud mental la cual tiene como objetivo establecer pautas de manejo de la depresion que permita un diagnostico oportuno y manejo de los paciente con problemas de salud mental, al momento de la verificacion no se cuenta con soporte de socializacion con el personal de u...",Misionales,5. Procesos Prioritarios,Visitas de verificacion de la Secretaria de Salud Departamental del Cauca,La Vega,La Vega,2025,3,9
1608.0,39. Cumple con los criterios que le sean aplicables de todos los servicios: Ver transversal de historia clinica.,Misionales,6. Historia clinica y registros,Visitas de verificacion de la Secretaria de Salud Departamental del Cauca,La Vega,La Vega,2025,3,9
1609.0,1. Cumple con los criterios que le sean aplicables de todos los servicios y adicionalmente cuenta con: Ver Estandar transversal Talento Humano.,Gestion de Talento Humano,1. Talento Humano,Visitas de verificacion de la Secretaria de Salud Departamental del Cauca,La Vega,La Vega,2025,3,9
1610.0,"1.1. Tecnologo en atencion prehospitalaria o tecnico profesional en atencion prehospitalaria o auxiliar en enfermerla, en cualquier caso, cuenta con constancia de asistencia en las acciones de formacion continua en soporte vital basico: Disponibilidad de auxiliares de enfermeria constancia de asistencia en las acciones de formacion continua en soporte vital basico.",Gestion de Talento Humano,1. Talento Humano,Visitas de verificacion de la Secretaria de Salud Departamental del Cauca,La Vega,La Vega,2025,3,9
1611.0,"31. Cumplen con los criterios definidos para todos los servicios y adicionalmente, cuentan con: Revisar estandar trasversal.",Gestion de Recursos,3. Dotacion,Visitas de verificacion de la Secretaria de Salud Departamental del Cauca,La Vega,La Vega,2025,3,9
1612.0,31.7. Torniquetes para el control de hemorragias: Cuenta con torniquetes para el control de hemorragias.,Gestion de Recursos,3. Dotacion,Visitas de verificacion de la Secretaria de Salud Departamental del Cauca,La Vega,La Vega,2025,3,9
1613.0,31.13. Pinzas de Magill: No cuenta con pinzas de magil aptas para prestar el servicio.,Gestion de Recursos,3. Dotacion,Visitas de verificacion de la Secretaria de Salud Departamental del Cauca,La Vega,La Vega,2025,3,9
1614.0,"31.22. Conjunto para inmovilizacion que cuenta con inmovilizadores cervicales graduables, adulto (2) y pediatrico (2), inmovilizadores laterales de cabeza, inmovilizadores para extremidades superiores e inferiores: Cuenta con inmovilizadores cervicales graduables, adulto y pediatrico (2), inmovilizadores laterales de cabeza, no cuenta con inmovilizadores para extremidades superiores e inferiores.",Gestion de Recursos,3. Dotacion,Visitas de verificacion de la Secretaria de Salud Departamental del Cauca,La Vega,La Vega,2025,3,9
1615.0,"31.25.1. Trazado electrocardiografico si no esta incorporado en el desfibrilador: No cuenta con accesorios de trazado electrocardiografico, se le sugiere al prestador la dotacion de este equipo de manera inmediata.",Gestion de Recursos,3. Dotacion,Visitas de verificacion de la Secretaria de Salud Departamental del Cauca,La Vega,La Vega,2025,3,9
1616.0,"36. Cumple con los criterios que le sean aplicables de todos los servicios y adicionalmente el prestador define los medicamentos, dispositivos medicos e insumas requeridos de acuerdo con lo documentado en el estandar de procesos prioritarios: No Cumple con los criterios que le sean aplicables de todos los servicios.",Gestion de Recursos,"4. Medicamentos, dispositivos medicos e insumos",Visitas de verificacion de la Secretaria de Salud Departamental del Cauca,La Vega,La Vega,2025,3,9
1617.0,37.2. Aditamento supraglotico de varias tallas adulto y pediatrico: No tiene observacion.,Gestion de Recursos,"4. Medicamentos, dispositivos medicos e insumos",Visitas de verificacion de la Secretaria de Salud Departamental del Cauca,La Vega,La Vega,2025,3,9
1618.0,"39.1. Los medicamentos, dispositivos medicos e insumas definidos por el prestador de servicios de salud de acuerdo con la morbilidad, riesgos de complicaciones mas frecuentes y lo documentado para el procedimiento de reanimacion cardio cerebro pulmonar: No cuenta con los medicamentos, dispositivos medicos e insumos, se observa que los pocos dispositivos medicos estan en mala conservacion.",Gestion de Recursos,"4. Medicamentos, dispositivos medicos e insumos",Visitas de verificacion de la Secretaria de Salud Departamental del Cauca,La Vega,La Vega,2025,3,9
1619.0,41. Cumple con los criterios que le sean aplicables de todos los servicios y adicionalmente cuenta con la siguiente informacion documentada: El prestador no cumple con los criterios que le sean aplicables de todos los servicios.,Misionales,5. Procesos Prioritarios,Visitas de verificacion de la Secretaria de Salud Departamental del Cauca,La Vega,La Vega,2025,3,9
1620.0,41.3. Atencion en salud de pacientes con problemas y trastornos en salud mental o consumo de sustancias psicoactivas: El prestador no cuenta con la informacion solicitada.,Misionales,5. Procesos Prioritarios,Visitas de verificacion de la Secretaria de Salud Departamental del Cauca,La Vega,La Vega,2025,3,9
1621.0,43. Cumple con los criterios que le sean aplicables de todos los servicios y adicionalmente cuenta con: El prestador no cumple con los criterios que sean aplicables a todos los servicios.,Misionales,6. Historia clinica y registros,Visitas de verificacion de la Secretaria de Salud Departamental del Cauca,La Vega,La Vega,2025,3,9
1622.0,43.1.1. Nombre de los pacientes atendidos o trasladados: El prestador cuenta con informacion de pacientes trasladado pero no define la ambulancia y/o vehiculo utilizado para el traslado.,Misionales,6. Historia clinica y registros,Visitas de verificacion de la Secretaria de Salud Departamental del Cauca,La Vega,La Vega,2025,3,9
1623.0,43.1.2. Nombre del acompanante o responsable: prestador cuenta con informacion de trasladado pero no define la ambulancia y/o vehiculo utilizado para el traslado.,Misionales,6. Historia clinica y registros,Visitas de verificacion de la Secretaria de Salud Departamental del Cauca,La Vega,La Vega,2025,3,9
1624.0,43.1.3. Fecha: El prestador cuenta con informacion de trasladado pero no define la ambulancia y/o vehiculo utilizado para el traslado.,Misionales,6. Historia clinica y registros,Visitas de verificacion de la Secretaria de Salud Departamental del Cauca,La Vega,La Vega,2025,3,9
1625.0,43.1.4. Hora: El prestador cuenta con informacion de trasladado pero no define la ambulancia y/o vehiculo utilizado para el traslado.,Misionales,6. Historia clinica y registros,Visitas de verificacion de la Secretaria de Salud Departamental del Cauca,La Vega,La Vega,2025,3,9
1626.0,43.1.5. Origen: El prestador cuenta con informacion de trasladado pero no define la ambulancia y/o vehiculo utilizado para el traslado.,Misionales,6. Historia clinica y registros,Visitas de verificacion de la Secretaria de Salud Departamental del Cauca,La Vega,La Vega,2025,3,9
1627.0,43.1.6. Destino del servicio: El prestador cuenta con informacion de trasladado pero no define la ambulancia y/o vehiculo utilizado para el traslado.,Misionales,6. Historia clinica y registros,Visitas de verificacion de la Secretaria de Salud Departamental del Cauca,La Vega,La Vega,2025,3,9
1628.0,43.1.7. Tipo de servicio: El prestador cuenta con informacion de trasladado pero no define la ambulancia y/o vehiculo utilizado para el traslado.,Misionales,6. Historia clinica y registros,Visitas de verificacion de la Secretaria de Salud Departamental del Cauca,La Vega,La Vega,2025,3,9
1629.0,43.1.8. Nombre del personal que atiende el servicio: El prestador cuenta con informacion de trasladado pero no define la ambulancia y/o vehiculo utilizado para el traslado.,Misionales,6. Historia clinica y registros,Visitas de verificacion de la Secretaria de Salud Departamental del Cauca,La Vega,La Vega,2025,3,9
1630.0,43.1.9. Evolucion y procedimientos durante el traslado o atencion de los pacientes en el programa o servicio: El prestador cuenta con informacion de trasladado pero no define la ambulancia y/o vehiculo utilizado para el traslado.,Misionales,6. Historia clinica y registros,Visitas de verificacion de la Secretaria de Salud Departamental del Cauca,La Vega,La Vega,2025,3,9
1631.0,"1. Cumple con los criterios que le sean aplicables de todos los servicios y adicionalmente, cuenta con: Ver Estandar transversal Talento Humano.",Gestion de Talento Humano,1. Talento Humano,Visitas de verificacion de la Secretaria de Salud Departamental del Cauca,La Vega,La Vega,2025,3,9
1632.0,"1.1. Tecnologo en atencion prehospitalaria o tecnico profesional en atencion prehospitalaria o auxiliar en enfermerla, en cualquier caso, cuenta con constancia de asistencia en las acciones de formacion continua en soporte vital basico: Disponibilidad de auxiliares de enfermeria constancia de asistencia en las acciones de formacion continua en soporte vital basico.",Gestion de Talento Humano,1. Talento Humano,Visitas de verificacion de la Secretaria de Salud Departamental del Cauca,La Vega,La Vega,2025,3,9
1633.0,"31. Cumplen con los criterios definidos para todos los servicios y adicionalmente, cuentan con: Ver estandar trasversal.",Gestion de Recursos,3. Dotacion,Visitas de verificacion de la Secretaria de Salud Departamental del Cauca,La Vega,La Vega,2025,3,9
1634.0,"36. Cumple con los criterios que le sean aplicables de todos los servicios y adicionalmente el prestador define los medicamentos, dispositivos medicos e insumas requeridos de acuerdo con lo documentado en el estandar de procesos prioritarios: No Cumple con los criterios que le sean aplicables de todos los servicios.",Gestion de Recursos,"4. Medicamentos, dispositivos medicos e insumos",Visitas de verificacion de la Secretaria de Salud Departamental del Cauca,La Vega,La Vega,2025,3,9
1635.0,41. Cumple con los criterios que le sean aplicables de todos los servicios y adicionalmente cuenta con la siguiente informacion documentada: El prestador no cumple con los criterios que le sean aplicables de todos los servicios.,Misionales,5. Procesos Prioritarios,Visitas de verificacion de la Secretaria de Salud Departamental del Cauca,La Vega,La Vega,2025,3,9
1636.0,41.3. Atencion en salud de pacientes con problemas y trastornos en salud mental o consumo de sustancias psicoactivas: El prestador no cuenta con la informacion solicitada.,Misionales,5. Procesos Prioritarios,Visitas de verificacion de la Secretaria de Salud Departamental del Cauca,La Vega,La Vega,2025,3,9
1637.0,"1.1. Tecnologo en atencion prehospitalaria o tecnico profesional en atencion prehospitalaria o auxiliar en enfermerla, en cualquier caso, cuenta con constancia de asistencia en las acciones de formacion continua en soporte vital basico: Disponibilidad de auxiliares de enfermeria constancia de asistencia en las acciones de formacion continua en soporte vital basico.",Gestion de Talento Humano,1. Talento Humano,Visitas de verificacion de la Secretaria de Salud Departamental del Cauca,La Vega,La Vega,2025,3,9
1638.0,"31. Cumplen con los criterios definidos para todos los servicios y adicionalmente, cuentan con: Ver estandar trasversal.",Gestion de Recursos,3. Dotacion,Visitas de verificacion de la Secretaria de Salud Departamental del Cauca,La Vega,La Vega,2025,3,9
1639.0,"36. Cumple con los criterios que le sean aplicables de todos los servicios y adicionalmente el prestador define los medicamentos, dispositivos medicos e insumas requeridos de acuerdo con lo documentado en el estandar de procesos prioritarios: No Cumple con los criterios que le sean aplicables de todos los servicios.",Gestion de Recursos,"4. Medicamentos, dispositivos medicos e insumos",Visitas de verificacion de la Secretaria de Salud Departamental del Cauca,La Vega,La Vega,2025,3,9
1640.0,41. Cumple con los criterios que le sean aplicables de todos los servicios y adicionalmente cuenta con la siguiente informacion documentada: El prestador no cumple con los criterios que le sean aplicables de todos los servicios.,Misionales,5. Procesos Prioritarios,Visitas de verificacion de la Secretaria de Salud Departamental del Cauca,La Vega,La Vega,2025,3,9
1641.0,41.3. Atencion en salud de pacientes con problemas y trastornos en salud mental o consumo de sustancias psicoactivas: El prestador no cuenta con la informacion solicitada.,Misionales,5. Procesos Prioritarios,Visitas de verificacion de la Secretaria de Salud Departamental del Cauca,La Vega,La Vega,2025,3,9
1642.0,"1.1. Tecnologo en atencion prehospitalaria o tecnico profesional en atencion prehospitalaria o auxiliar en enfermerla, en cualquier caso, cuenta con constancia de asistencia en las acciones de formacion continua en soporte vital basico: Disponibilidad de auxiliares de enfermeria constancia de asistencia en las acciones de formacion continua en soporte vital basico.",Gestion de Talento Humano,1. Talento Humano,Visitas de verificacion de la Secretaria de Salud Departamental del Cauca,La Vega,La Vega,2025,3,9
1643.0,"31. Cumplen con los criterios definidos para todos los servicios y adicionalmente, cuentan con: Ver estandar trasversal.",Gestion de Recursos,3. Dotacion,Visitas de verificacion de la Secretaria de Salud Departamental del Cauca,La Vega,La Vega,2025,3,9
1644.0,"36. Cumple con los criterios que le sean aplicables de todos los servicios y adicionalmente el prestador define los medicamentos, dispositivos medicos e insumas requeridos de acuerdo con lo documentado en el estandar de procesos prioritarios: No Cumple con los criterios que le sean aplicables de todos los servicios.",Misionales,"4. Medicamentos, dispositivos medicos e insumos",Visitas de verificacion de la Secretaria de Salud Departamental del Cauca,La Vega,La Vega,2025,3,9
1645.0,41. Cumple con los criterios que le sean aplicables de todos los servicios y adicionalmente cuenta con la siguiente informacion documentada: El prestador no cumple con los criterios que le sean aplicables de todos los servicios.,Misionales,5. Procesos Prioritarios,Visitas de verificacion de la Secretaria de Salud Departamental del Cauca,La Vega,La Vega,2025,3,9
1646.0,41.3. Atencion en salud de pacientes con problemas y trastornos en salud mental o consumo de sustancias psicoactivas: El prestador no cuenta con la informacion solicitada.,Misionales,5. Procesos Prioritarios,Visitas de verificacion de la Secretaria de Salud Departamental del Cauca,La Vega,La Vega,2025,3,9
2022.0,"4.7. Prevenir y reducir la frecuencia de caidas, en los servicios donde aplique: La ese cuenta con documento PT-ES-CA-06 protocolo para la prevencion de caidas de pacientes el cual tiene como objetivo estandarizar acciones de prevencion para disminuir el riesgo de caidas mediante acciones tales como mobiliario adecuado, camilla con barandas elevadas y con freno de seguridad, condiciones de orden y aseo, aplicacion de escala de DOWNTON, se cuenta con soporte de socializacion del 30 de septiembre...",Misionales,5. Procesos Prioritarios,Visitas de verificacion de la Secretaria de Salud Departamental del Cauca,La Vega,La Vega,2025,3,9
2023.0,"4.8. Garantizar la atencion segura de la gestante y el recien nacido, en los servicios donde aplique: La ESE cuenta con documento PT-MI-HO-29 protocolo binomio madre hijo el cual tiene como objetivo implementar el protocolo de atencion integral, integrada y continua orientado al binomio madre hijo, se documenta que se realizara triage por auxiliar de enfermeria y se establece la lista de chequeo ronda de seguridad binomio madre hijo de la cual no se tiene evidencia de su aplicacion, se cuenta c...",Misionales,5. Procesos Prioritarios,Visitas de verificacion de la Secretaria de Salud Departamental del Cauca,La Vega,La Vega,2025,3,9
2024.0,"4.9. Prevenir complicaciones asociadas a disponibilidad y manejo de sangre, componentes y a la transfusion sanguinea, en los: No aplica para la complejidad del prestador.",Misionales,5. Procesos Prioritarios,Visitas de verificacion de la Secretaria de Salud Departamental del Cauca,La Vega,La Vega,2025,3,9
2025.0,"4.10. Prevenir ulceras por presion, en los servicios donde aplique: La ESE presenta documento PT-MI-HO-01 protocolo de prevencion ulceras por presion el cual tiene como objetivo prevenir la aparicion de UPP en pacientes hospitalizados mediante acciones preventivas como la aplicacion de la escala de braden y segun su resultado se define la frecuencia de los cambios posturales y el uso de colchdn de flotacion, no se cuenta con medicion de adherencia, no se cuenta con soporte de socializacion.",Misionales,5. Procesos Prioritarios,Visitas de verificacion de la Secretaria de Salud Departamental del Cauca,La Vega,La Vega,2025,3,9
2026.0,5.1. Capacitacion del personal en el tema de seguridad del paciente y en los principales riesgos de la atencion: La ESE presenta plan de capacitaciones 2024 el cual se encuentra en construccion en lo planeado hasta la fecha no se cuenta con temas de seguridad del paciente.,Misionales,5. Procesos Prioritarios,Visitas de verificacion de la Secretaria de Salud Departamental del Cauca,La Vega,La Vega,2025,3,9
2027.0,"6. El prestador de servicios de salud cuenta con informacion documentada de las actividades y procedimientos que se realizan en el servicio acordes con su objeto, alcance y enfoque diferencial, mediante guias de practica clinica- GPC, procedimientos de atencion, protocolos de atencion y otros documentos que el prestador de servicios de salud determine, dicha informacion incluye talento humano, equipos biomedicos, medicamentos y dispositivos medicos e insumos requeridos: La ESE presenta las sigu...",Misionales,5. Procesos Prioritarios,Visitas de verificacion de la Secretaria de Salud Departamental del Cauca,La Vega,La Vega,2025,3,9
2028.0,"10. El prestador de servicios de salud cuenta con informacion documentada de la adopcion, o adaptacion o desarrollo de guias practica clinica o protocolos basados en evidencia cientifica: No se cuenta con la informacion documentada.",Misionales,5. Procesos Prioritarios,Visitas de verificacion de la Secretaria de Salud Departamental del Cauca,La Vega,La Vega,2025,3,9
2029.0,"12.1. Deteccion, prevencion y disminucion del riesgo de accidentes e incidentes de caracter radiologico, en los servicios donde aplique: Cuenta con un documento denominado PROGRAMA DE VIGILANCA RADIOLOGICA Version 1 del 13 de dciembre del 2022, no se encuentra socializado ni con medicion de adhrencia.",Misionales,5. Procesos Prioritarios,Visitas de verificacion de la Secretaria de Salud Departamental del Cauca,La Vega,La Vega,2025,3,9
2030.0,"12.2. Aseo, limpieza y desinfeccion de areas y superficies: El prestador presenta el Manual de limpieza y desinfeccion Codigo PTA-MI-5G 03 Verson1 fecha 2021. en cual se evdencia la definidos los elementos de uso para ejecutar la actividad. Sin embargo se evidencia en el recorrido que no se encuentran adhrentes. Se recominenda definir las actividades de limpieza y desinfeccion en los servicio de alta rotacion de usuarios.",Misionales,5. Procesos Prioritarios,Visitas de verificacion de la Secretaria de Salud Departamental del Cauca,La Vega,La Vega,2025,3,9
2031.0,"12.3. Procedimiento de reanimacion cerebro cardio pulmonar, en los servicios donde se realice: Se verifica que cuenta documentado con el protocolo de REANIMACION CARDIOPULMONAR Codigo PT- MI-51-01 Version 2 fecha: junio 2022, definido el talento humano, medicamentos y dispositivos medicos y equipos biomedicos que se requieren en la prestacion del servicio, no se cuenta descrito el enfoque diferencial. No se encuentra dentro del plan de capacitacion del 2024.",Misionales,5. Procesos Prioritarios,Visitas de verificacion de la Secretaria de Salud Departamental del Cauca,La Vega,La Vega,2025,3,9
2032.0,"12.4. Acciones para prevenir las flebitis infecciosas, quimicas y mecanicas en los servicios donde se realicen procedimientos de venopuncion: Se encuentra documentado ADMINISTRACION DE MEDICAMENTOS PT-MI-UR-01 Codigo 2 fecha marzo del 2019. Cuenta con acciones preventivas para las flebitis. Se encuentran socializadas fecha 13 de mayo del 2024. Sin embargo se realiza recorrido y se verifica que no se encuentran adheridos.",Misionales,5. Procesos Prioritarios,Visitas de verificacion de la Secretaria de Salud Departamental del Cauca,La Vega,La Vega,2025,3,9
2033.0,12.5. Aspectos de bioseguridad acordes con las condiciones y caracteristicas del servicio: Cuenta con un manual de bioseguridad MA -AP-50-01 Version 1 Fecha 2021. Se verifica plan de capacitacion 2024 el cual no se encuentra tematica incluida.,Misionales,5. Procesos Prioritarios,Visitas de verificacion de la Secretaria de Salud Departamental del Cauca,La Vega,La Vega,2025,3,9
2034.0,"12.6. Descontaminacion por derrames de sangre u otros fluidos corporales: Cuenta con un MANUAL CONTROL DE DERRAME DE FLUIDOS CORPORALES Codigo MA -MI-5G-02 Version 2 Fecha Abril 2021. Se verifica plan de capacitacion 2024 el cual no se encuentra tematica incluida, no contiene descripcion del contenido del kit de derrames ni el talento humano responsable de ejecutar dicha actividad.",Misionales,5. Procesos Prioritarios,Visitas de verificacion de la Secretaria de Salud Departamental del Cauca,La Vega,La Vega,2025,3,9
2035.0,"12.7. Manejo de gases medicinales que incluya como minimo la atencion de emergencias y sistema de alarma, cuando se utilicen: Cuenta con un protocolo de manejo de gases medicinales Codigo PT-ES-CA-05 Versio 1 Fecha: junio 2022. Se verifica plan de capacitacion 2024 el cual no se encuentra tematica incluid, no se evidencia que hacer en caso de emergencias y los sistemas de alarmas teniendo en cuenta los dispositivos utilizados en la institucion.",Misionales,5. Procesos Prioritarios,Visitas de verificacion de la Secretaria de Salud Departamental del Cauca,La Vega,La Vega,2025,3,9
2036.0,"13.1.1. Recibo de productos contaminados y entrega de material esteril: Cuenta con un manual de buenas practicas de esterilizacion MA-ES-CA-02 Version 01 fecha abril del 2023 aplicable a todas las unidades de atencion, el cual cumple con la especificaciones . Sin embargo el documento no se encuentra socializacion ni cuenta con medicion de adherencias.",Misionales,5. Procesos Prioritarios,Visitas de verificacion de la Secretaria de Salud Departamental del Cauca,La Vega,La Vega,2025,3,9
2037.0,"13.1.2. Transporte: Cuenta con un manual de buenas practicas de esterilizacion MA-ES-CA-02 Version 01 fecha abril del 2023 aplicable a todas las unidades de atencion, el cual cumple con la especificaciones . Sin embargo el documento no se encuentra socializacion ni cuenta con medicion de adherencias.",Misionales,5. Procesos Prioritarios,Visitas de verificacion de la Secretaria de Salud Departamental del Cauca,La Vega,La Vega,2025,3,9
2038.0,"13.1.3. Lavado, secado y lubricacion: Cuenta con un manual de buenas practicas de esterilizacion MA-ES-CA-02 Version 01 fecha abril del 2023 aplicable a todas las unidades de atencion, el cual cumple con la especificaciones . Sinembargo el documento no se encuentra socializacion ni cuenta con medicion de adherencias.",Misionales,5. Procesos Prioritarios,Visitas de verificacion de la Secretaria de Salud Departamental del Cauca,La Vega,La Vega,2025,3,9
2039.0,"13.1.4. Empaque: Cuenta con un manual de buenas practicas de esterilizacion MA-ES-CA-02 Version 01 fecha abril del 2023 aplicable a todas las unidades de atencion, el cual cumple con la especificaciones . Sin embargo el documento no se encuentra socializacion ni cuenta con medicion de adherencias.",Misionales,5. Procesos Prioritarios,Visitas de verificacion de la Secretaria de Salud Departamental del Cauca,La Vega,La Vega,2025,3,9
2040.0,"3.1.5. Etiquetado: Cuenta con un manual de buenas practicas de esterilizacion MA-ES-CA-02 Version 01 fecha abril del 2023 aplicable a todas las unidades de atencion, el cual cumple con la especificaciones . Sin embargo el documento no se encuentra socializacion ni cuenta con medicion de adherencias.",Misionales,5. Procesos Prioritarios,Visitas de verificacion de la Secretaria de Salud Departamental del Cauca,La Vega,La Vega,2025,3,9
2041.0,"13.1.6. Esterilizacion: Cuenta con un manual de buenas practicas de esterilizacion MA-ES-CA-02 Version 01 fecha abril del 2023 aplicable a todas las unidades de atencion, el cual cumple con la especificaciones . Sin embargo el documento no se encuentra socializacion ni cuenta con medicion de adherencias.",Misionales,5. Procesos Prioritarios,Visitas de verificacion de la Secretaria de Salud Departamental del Cauca,La Vega,La Vega,2025,3,9
2.0,"3. El prestador de servicios de salud determina la cantidad necesaria de talento humano requerido para cada uno de los servicios ofertados y prestados, de acuerdo con la capacidad instalada, la relacion entre la oferta y demanda, la oportunidad en la prestacion, tiempo de la atencion y el riesgo en la atencion. Este criterio no aplica para profesionales independientes de salud. Cuenta con el documento ""Manual de suficiencia de la red"" codigo MA-AP-TH-02 septiembre 2023 version 0, el cual debe...",Gestion de Talento Humano,1. Talento Humano,Visitas de verificacion de la Secretaria de Salud Departamental del Cauca,La Vega,La Vega,2024,10,1
1665.0,"6. El prestador de servicios de salud cuenta con informacion documentada de la planeacion y ejecucion de los programas de farmacovigilancia, tecnovigilancia y reactivovigilancia, que garanticen el seguimiento al uso de medicamentos, dispositivos medicos (incluidos los sobre medida) y reactivos de diagnostico in vitro, cuando aplique: Se evidencia documento de farmacovigilancia con codigo de documento MA-MI-FA-01, no cuenta con adherencia, no cuenta con capacitaciones, no cuenta con usuario par...",Farmacia,"4. Medicamentos, dispositivos medicos e insumos",Visitas de verificacion de la Secretaria de Salud Departamental del Cauca,Almaguer,Almaguer,2024,3,13
